Provider,FraudRiskScore,WasteRiskScore,AbuseRiskScore,OverallFWAScore,FWARiskLevel,AnomalousClaims,MaximumClaimAnomalyScore,InvestigationPriorityScore,InvestigationPriority
PRV51001,4.6323996,15.937597170215733,10.062537846761524,8.816233533754811,Low,5,0.20919205926163442,15.048234221354177,Low
PRV51003,98.17691,0.04781527180813694,19.194658887835082,53.89907374010612,Medium,67,0.20564513535774043,48.177727531175925,Medium
PRV51004,0.4469532,0.0,7.967870156054278,2.2154441426407745,Low,17,0.12450546502952486,8.531160899855305,Low
PRV51005,10.221462,1.8361890368100093,21.26323653030175,10.88558751665587,Low,96,0.14569119488631732,17.276102640487874,Low
PRV51007,4.423085,0.0,12.454367384820278,5.32513445255883,Low,6,0.12405098237140544,10.400735303715962,Low
PRV51008,0.7550281,0.9102974056509193,13.22472736367504,3.911270256643471,Low,4,0.21682367791198887,11.787851851152531,Low
PRV51011,0.41231638,0.0,8.245970373815583,2.267650784419548,Low,5,0.14436965697125903,8.765971492795103,Low
PRV51012,0.42898372,0.6707610320166121,12.086817756554929,3.4038865562212925,Low,8,0.07427988068386893,7.805620929897648,Low
PRV51013,1.7109301,0.0,7.576816037837698,2.7496690639714485,Low,4,0.04299818496224217,6.420750169638222,Low
PRV51014,0.12053611,0.0,13.230398305884892,3.3678676321188346,Low,5,0.0676912671418356,7.527258460266115,Low
PRV51015,0.052643795,0.058866044322065034,11.40517245116798,2.8923315211557075,Low,1,0.08174606188431921,7.455216277583396,Low
PRV51016,0.09250147,0.0,8.785406466232347,2.242602351036322,Low,0,-0.0034467600669522702,4.74162937548007,Low
PRV51017,1.3127768,0.0,10.984978111606429,3.4026329298867757,Low,47,0.09806590691813821,9.474883336061868,Low
PRV51021,95.448906,2.8822099449030776,13.310909008438928,51.77273271074761,Medium,50,0.22420448509520907,46.719141555299196,Medium
PRV51023,2.010039,5.121748686875994,13.2984877567837,5.610078656470038,Low,14,0.14911728653484535,11.47166288795968,Low
PRV51024,0.30747795,4.298012302039381,10.987770600647478,3.975184701196617,Low,9,0.1626846437459193,10.54845440617724,Low
PRV51025,19.180506,2.684309590183204,13.671225156631156,13.679136562985327,Low,22,0.18447789922434277,18.261166315488417,Low
PRV51026,0.7119936,0.0,12.306291626161363,3.432569694088406,Low,10,0.10042055700636032,8.564238965904453,Low
PRV51027,0.641537,0.0,10.830211097845808,3.028321279796306,Low,9,0.10553955063871645,8.388529795549948,Low
PRV51029,0.2796658,0.0,11.24752096906294,2.9517131412401536,Low,4,0.10631593411517837,8.221016054203897,Low
PRV51030,53.872253,0.12574549776455596,18.993947798402612,31.716050033026168,Medium,90,0.20404715889188862,33.225195888544334,Low
PRV51031,55.100327,5.292907647922548,13.083779490972153,32.144335053766646,Medium,36,0.22960213577880084,32.74483504514221,Low
PRV51032,0.21455258,0.0,8.281021630790015,2.17753169835264,Low,1,0.0950955391634799,7.304593731919406,Low
PRV51035,0.74350697,2.175066042567135,11.299665411448684,3.740436347514651,Low,2,0.20846949294166006,11.395709067678075,Low
PRV51036,4.645575,1.2393119693300274,18.780550494513633,7.327753139230568,Low,23,0.09882710404453865,11.598114463365482,Low
PRV51037,95.64074,2.907003864747182,22.245601416642046,54.108521040806295,Medium,60,0.2086874026680825,48.21612425795205,Medium
PRV51038,32.01295,5.475268513261788,14.372972916192625,20.968535805972003,Low,38,0.1832125032923554,23.76012441208673,Low
PRV51040,3.1320884,0.7213032872195274,14.847185858006865,5.458166497694233,Low,12,0.20449502522022855,12.762451143491486,Low
PRV51041,0.3807676,0.0,7.995014245337405,2.1891373681590354,Low,2,0.0975398534038745,7.403600897215107,Low
PRV51042,0.29060456,0.0,8.006843650421814,2.147013193389107,Low,16,0.11290481565756527,8.15249307295135,Low
PRV51043,0.16012737,0.0,8.595328721549475,2.228895866162172,Low,1,0.05297177193652558,6.2369658210865815,Low
PRV51044,0.21339253,0.5580841573214996,15.5542172158984,4.1347716062606406,Low,5,0.07336379808199567,8.212703490087794,Low
PRV51045,0.09965607,0.0,8.37111988058957,2.142608004041693,Low,3,0.07532256277370508,6.815814544179338,Low
PRV51046,1.844632,12.918689729823871,16.638934263591647,8.311722013120573,Low,10,0.2246821883517004,15.23512370993624,Low
PRV51047,0.06666006,0.0,5.012392263181322,1.286428096534638,Low,1,0.004709404079901169,4.312832942713145,Low
PRV51048,3.7250962,0.3584399001668376,11.854599603523504,4.9158079887918475,Low,5,0.15903521619513594,11.003898342478925,Low
PRV51049,0.13673876,0.0,7.624706729282897,1.974546063450466,Low,6,0.09546788862180666,7.306487001972804,Low
PRV51052,86.74519,0.20337482548877817,13.843488710874096,46.88431262481337,Medium,8,0.13454091283835456,39.820672567726206,Low
PRV51053,0.06378164,0.0,30.836873979956568,7.741109315700993,Low,1,0.0935538578659546,11.158708205352546,Low
PRV51054,1.0506274,0.2798639905597889,12.249622597240888,3.6576853223537644,Low,5,0.06097972099310489,7.554297873858477,Low
PRV51055,0.15812697,1.2641040367782095,9.908170034419376,2.8721320003819653,Low,3,0.15851651683615153,9.506044689477461,Low
PRV51056,0.123846464,0.0965842589030802,9.053191679441024,2.349367216515567,Low,4,0.14529273891240801,8.820510792504585,Low
PRV51057,0.027347647,9.615212572093066,16.34913810545057,6.504761492712735,Low,1,0.02799491162462664,8.575713520615686,Low
PRV51058,14.678825,2.297588446720232,10.794339892821418,10.612394774094398,Low,10,0.23223181124154946,17.04338403159837,Low
PRV51059,76.85521,0.09571447812802009,15.687985677200272,42.37352971412504,Medium,28,0.23611680494160048,39.86118127909576,Low
PRV51060,1.1434357,1.5191334079590497,8.532706060816267,3.0846777255083433,Low,5,0.15437776458491415,9.600088545909067,Low
PRV51061,1.812205,1.3477560011806597,17.075192206357425,5.511839530388702,Low,18,0.12164540447155159,10.790553787420126,Low
PRV51062,14.023417,1.9342874817057347,18.558250106220065,12.134843133401127,Low,34,0.2075098532125098,18.105713023573166,Low
PRV51063,1.317715,0.0,12.27681231662922,3.728060603552294,Low,19,0.1075389338521523,9.199184696366338,Low
PRV51064,97.49686,2.3391096911660916,14.933605760290597,53.066607207590735,Medium,56,0.21449622616504938,47.53158494355553,Medium
PRV51065,12.59417,0.0,17.059356674361936,10.561923976940093,Low,10,0.15524310231485394,14.99105972839856,Low
PRV51066,0.1343305,1.7946646233473666,12.33061036733446,3.598483995766446,Low,2,0.16314076026807867,10.108794053863573,Low
PRV51067,94.70362,24.86743526318055,15.860447300206026,57.53378109616891,Medium,14,0.2286445895887368,49.90175689881653,Medium
PRV51068,3.799426,0.0,11.93750992848858,4.8840905215203385,Low,30,0.1917663612093652,12.51034653161178,Low
PRV51070,6.3436165,2.9126088173194926,13.4924821177883,7.2730809765748,Low,17,0.19715099613501075,13.974716343105374,Low
PRV51071,0.41027045,0.0,6.597906466232348,1.8546118428077818,Low,3,0.10073829631968356,7.2800733253078205,Low
PRV51072,2.511798,0.0,12.852885497406952,4.469120326835869,Low,26,0.17691377010794762,11.723368069021975,Low
PRV51074,0.94111806,1.5858274458411485,9.486099110600147,3.2385406698815795,Low,9,0.15758571205636906,9.899218821409125,Low
PRV51075,0.44177032,0.0,7.88863505989941,2.1930439225599967,Low,1,0.02503246522373903,5.479899336508957,Low
PRV51076,0.3569493,0.0,8.206326508263782,2.2300562768528946,Low,2,0.12689684562643466,8.201355602671203,Low
PRV51077,94.337776,1.3256226113363467,16.389723214420744,51.597724548480286,Medium,20,0.20484611646962647,45.28410497141996,Medium
PRV51078,11.750646,0.0,15.204616204168783,9.6764768697983,Low,9,0.15755152243610948,14.404878441895795,Low
PRV51081,7.952494,0.0,15.327822617388073,7.808202726566867,Low,23,0.24191923920690472,15.683239730287347,Low
PRV51082,0.15052927,0.0,8.156664824647422,2.114430838863729,Low,1,0.005666703889978808,4.917514756699682,Low
PRV51083,0.67772865,0.0,8.688902177241648,2.5110898707874627,Low,7,0.10447945650643142,7.9450035745857255,Low
PRV51084,90.1305,5.747573725458218,12.992575822131474,49.750287783625936,Medium,24,0.21544894849092655,44.37606091487198,Medium
PRV51086,43.165245,10.941652711356381,15.984509811041766,28.314163158675708,Low,40,0.2300943463095776,30.18399248521201,Low
PRV51089,8.890985,1.2201469058804273,11.631008636322573,7.658281153159392,Low,32,0.23843073446356478,15.728511501303483,Low
PRV51090,0.059849136,3.525210258488344,6.113916330907387,2.439706215137772,Low,3,0.04363542885560534,6.193625422123755,Low
PRV51091,0.12189465,0.0,7.75913854688184,2.000731961801093,Low,4,0.11067473656158511,7.669523657264045,Low
PRV51093,0.073380634,9.043404019863658,11.863890050370852,5.2635138346529535,Low,3,0.1361871131343021,10.59501333460467,Low
PRV51096,0.025975788,1.9839216561731692,4.0194735564277915,1.5138366971563135,Low,1,0.03162054865106623,5.177052700482696,Low
PRV51097,0.23130819,0.30665355868013533,18.61544592770071,4.846178967602558,Low,16,0.08357621411500482,9.27354144099298,Low
PRV51098,0.18604782,0.0,8.160406466232347,2.133125527676594,Low,0,-0.07901710051417848,2.6851600920860346,Low
PRV51100,1.9483649,1.3852552469131683,28.18614022309446,8.367031294431381,Low,5,0.1583592982575327,13.402046567184257,Low
PRV51101,0.21017712,0.0,21.167761457082864,5.397028926044016,Low,3,0.12202412145407882,10.317423647269418,Low
PRV51102,2.9014275,0.8536926722889254,30.801599840921245,9.364536882002799,Low,12,0.19005685287703722,15.11865081895957,Low
PRV51103,87.72007,1.4005784350080035,9.639983679305088,46.62017547120523,Medium,0,-0.05884029290080861,34.35469873351483,Low
PRV51104,0.6865543,0.774445986021232,11.509270874078869,3.4142063713780217,Low,1,0.02860931304037473,6.42842137948826,Low
PRV51105,0.13136163,1.224694307625324,5.953715318523314,1.8602832233067594,Low,2,0.040978335210275274,5.691571613437692,Low
PRV51108,8.231964,0.0,21.62952803446726,9.523364064280877,Low,19,0.18897801323870034,15.389485244536782,Low
PRV51109,0.092961565,0.0,32.802562304140416,8.24712135836514,Low,3,0.1429769195390811,12.861421878247743,Low
PRV51110,0.33478385,0.0,30.180829253159608,7.712599239340088,Low,5,0.13911864982378075,12.439866487548182,Low
PRV51111,1.1153345,0.0,15.73741593601497,4.492021239405354,Low,21,0.12527047392700585,10.252189563686873,Low
PRV51112,0.60543764,0.0,15.24898843104808,4.1149659259497335,Low,38,0.1074971917903006,9.978991953448496,Low
PRV51113,0.18930662,0.13059212399284673,16.666479416019133,4.293921193394566,Low,17,0.09800150572952104,9.291728773396061,Low
PRV51114,3.0188513,0.0,16.97680411196876,5.753626668098391,Low,21,0.11243072811834709,10.79893027348896,Low
PRV51115,0.10280919,0.1483135370344614,8.832183947912512,2.2965289666118043,Low,0,-0.03939409671344113,3.8376088803589274,Low
PRV51117,0.057659745,0.27354002683181516,10.877237351461444,2.8165242171814997,Low,0,-0.0032150632944947244,5.149444807895509,Low
PRV51118,2.8323798,0.0,26.90081089237783,8.141392632075782,Low,16,0.1422114946365376,13.116352013933657,Low
PRV51119,99.60081,1.2474751652341602,30.606788219204816,57.76396944108045,Medium,95,0.2331486638409782,52.355385728046706,Medium
PRV51120,0.9439182,0.0,28.951149674453198,7.709746532688007,Low,7,0.13711963120600368,12.439189421599277,Low
PRV51121,1.5615368,0.22231083775096522,22.780582997574058,6.53149185330147,Low,6,0.17627608604693223,12.613408969850191,Low
PRV51122,0.014422425,0.0,5.014162586492939,1.2607518591576923,Low,0,-0.04693167024012934,2.915091192348922,Low
PRV51123,0.80575657,0.9433460422420439,11.759262975572138,3.5785305389078914,Low,5,0.10126200750556003,8.554228176433403,Low
PRV51125,1.8367224,12.486627769594227,17.483067368128662,8.410784971411925,Low,18,0.20195623260286433,14.923845142561095,Low
PRV51126,87.53612,1.762100382827211,31.414614295926764,52.06223744654396,Medium,20,0.1489392612026209,44.14458385584862,Medium
PRV51128,13.120116,7.361625997329463,14.889035479531746,12.122723486128145,Low,9,0.19327344164759042,17.05311458295283,Low
PRV51129,0.3227408,0.0,12.43149859506857,3.269245045381217,Low,8,0.04990637549582566,7.072820679913357,Low
PRV51130,0.050396226,2.5433523340505286,7.210129428698603,2.4635685538605294,Low,1,0.06240361705992159,6.648337638659025,Low
PRV51131,0.05507016,0.0,9.714408914336584,2.456137309493875,Low,0,-0.0006958761221569354,4.963173095757009,Low
PRV51132,0.073031925,3.857668350545035,15.333743879739409,4.834369019903598,Low,1,0.09385899431216183,9.131984139476195,Low
PRV51134,0.10711275,1.8930548221951904,7.182471438783905,2.322437940450291,Low,3,0.07268329043324628,6.872550315702028,Low
PRV51135,0.18653318,5.157373128928631,17.09913810545057,5.657394400024511,Low,0,-0.0883376942896717,4.907961993732797,Low
PRV51136,0.05427085,2.659035040732366,39.18082925315961,10.487101497788924,Low,1,0.1548362431398811,14.686414122646863,Low
PRV51137,0.15007469,0.0,8.744878297327473,2.261256919622052,Low,2,0.1421767812943584,8.62350864881662,Low
PRV51138,0.12935652,0.0,12.140595464503933,3.0998271253198806,Low,2,0.1495141426568365,9.402736231468523,Low
PRV51139,0.76062113,2.393904987019975,9.407850294134134,3.3307493855217576,Low,12,0.14187078140986775,9.632592988747746,Low
PRV51140,16.525948,0.9918871351367107,14.222998716849657,12.066695248396982,Low,82,0.18617732889489003,18.78771829217675,Low
PRV51141,0.37223488,0.7151221295891248,16.289185585196396,4.437194369158493,Low,6,0.08818425864362867,8.839520063202007,Low
PRV51142,14.668529,7.523121336273767,13.293347711709789,12.538381540407755,Low,9,0.2226542639270208,18.113811003937855,Low
PRV51143,0.22795689,0.0,8.680139544393056,2.2840133316282016,Low,9,0.08517129771710574,7.333894955910361,Low
PRV51144,1.8959314,6.135021287897969,9.725810205144239,4.913173554813438,Low,6,0.20467547639154204,12.224609822173871,Low
PRV51145,99.86897,0.5735761131100718,27.097678429978732,56.85230002493236,Medium,162,0.20245819439581825,52.71182817761281,Medium
PRV51146,99.0452,0.09446747329033377,16.401319307627112,53.64654496183093,Medium,176,0.21772707239451428,51.243661460606475,Medium
PRV51147,0.16165145,0.0,6.657822426455712,1.745281330321604,Low,3,0.1318351524325565,8.018235396890777,Low
PRV51148,96.22806,3.4777688777138973,13.961393825110255,52.4738196063701,Medium,54,0.22204040978211503,47.260589235297985,Medium
PRV51149,99.67859,0.0,24.10084308669032,55.864505205266326,Medium,118,0.19920008953278778,50.753806033684526,Medium
PRV51151,15.43425,0.5184464732106172,9.185319001321831,10.143066307597955,Low,38,0.18497867373508636,16.228566918460054,Low
PRV51152,0.22911972,1.2549632968370636,21.16499868287133,5.7195503539644985,Low,10,0.11294422763813661,10.493227797723115,Low
PRV51153,4.296578,0.4206048103297999,8.57335967790188,4.39678008728314,Low,6,0.20826979804105417,11.9573005132941,Low
PRV51154,0.19029722,0.0,9.524015496779095,2.476152482283267,Low,12,0.11583670110929578,8.352319256411706,Low
PRV51155,0.21714959,0.0,8.829066297698368,2.3158413671673213,Low,6,0.11071097651592521,7.9447409514818705,Low
PRV51156,1.4025648,0.0,15.31052164764235,4.528912793922001,Low,46,0.15410998639100137,11.70470882666698,Low
PRV51159,98.4989,2.8142595451240657,11.077766733916388,52.72245725335386,Medium,102,0.2288165181377514,48.900750599840336,Medium
PRV51160,43.789116,0.0,23.04195254526309,27.65504608919663,Low,91,0.20201388072664206,30.356069767538777,Low
PRV51164,18.99851,3.0217108559392503,12.657801511373798,13.419133272187148,Low,70,0.21158690619824838,20.07797206700897,Low
PRV51165,10.034428,0.0,13.199478690526151,8.31708349404267,Low,30,0.20991013618001775,15.388782727768675,Low
PRV51166,1.6894976,36.620672483608544,10.680829253159605,12.670124229224538,Low,2,0.16346568535111794,16.46745479262428,Low
PRV51167,0.43183482,0.0,7.919423772088935,2.195773351488573,Low,21,0.11187656520113509,8.293914671096255,Low
PRV51168,1.2668867,0.6597809402844103,7.957833636644265,2.7878469997924715,Low,13,0.22096076500069128,11.351452111044889,Low
PRV51169,0.08922333,0.0,7.882640613727869,2.015271819783524,Low,7,0.09679994219660504,7.396738579321603,Low
PRV51170,95.51315,3.06515190321414,17.937910546406073,53.00734215049099,Medium,8,0.23051449193608775,46.62116459503444,Medium
PRV51171,0.050587155,0.0,6.628155976371455,1.6823325715552986,Low,8,0.11930844894267323,7.7802176271968095,Low
PRV51173,93.50606,0.0,14.351932467709483,50.341011986556275,Medium,9,0.19980075874352166,43.9769229634971,Medium
PRV51175,1.0101687,0.0,7.649933367643411,2.417567677714838,Low,2,0.06900768934739931,6.815999970107265,Low
PRV51176,1.6206559,0.0,8.680234722091233,2.9803866276625484,Low,51,0.12066240260182559,9.878689543993199,Low
PRV51178,96.521935,1.2247708603038259,17.600155868920663,52.9671989369448,Medium,37,0.1871387032265346,46.235203823914915,Medium
PRV51179,0.08443157,0.0,8.102332423278057,2.067798888968518,Low,2,0.016257740037352475,5.189188122740735,Low
PRV51180,6.8384185,0.43586759171589845,15.951625173790987,7.5160824332437866,Low,17,0.23209233244713767,15.06023070992621,Low
PRV51181,0.057169177,0.0,4.773267106381257,1.2219013649143775,Low,0,-0.01873295971307193,3.6266619816623398,Low
PRV51183,12.376763,0.0,14.565482650746613,9.829752334592172,Low,45,0.22062130731771246,17.130952939286843,Low
PRV51185,0.049854897,0.0,5.026908914336584,1.2816546770654673,Low,1,0.016414062257923412,4.616136956813483,Low
PRV51186,0.031178063,0.0,10.035406466232349,2.524440647948933,Low,0,-0.09137503878646075,2.635320258624636,Low
PRV51189,0.13458745,0.0,9.249353680970554,2.379632146150441,Low,4,0.040511126511148854,6.0965669307507975,Low
PRV51190,0.85783696,0.0,7.442259806722588,2.289483432553755,Low,5,0.1600122347057763,9.1910676493958,Low
PRV51191,0.08343978,0.0,8.47838953960281,2.161317276031627,Low,5,0.09512021019657269,7.401272532630873,Low
PRV51194,0.039096616,13.332372550256752,10.123750282877058,5.8835790163877295,Low,2,0.16235470803264196,11.687767116993399,Low
PRV51196,31.645758,0.06445264323730478,29.3683732302387,23.18108530595445,Low,68,0.11872826562088734,24.42488281792847,Low
PRV51198,0.2223478,3.2789757819683163,12.556650345971757,4.070080429966662,Low,0,-0.059365516677927055,4.555872088219506,Low
PRV51200,0.07165276,0.0,12.28132713551572,3.1061581651748496,Low,2,0.06278481236118094,7.134982779240102,Low
PRV51201,0.3946593,0.0,9.417267959755227,2.5516466452284567,Low,3,0.10147135875382407,7.787202880830996,Low
PRV51202,0.035372056,0.20573128720584774,5.043904018128111,1.3300948543669846,Low,1,0.06536952992371992,5.9326087504145235,Low
PRV51203,0.9151821,0.24389333974765592,7.269653238222412,2.3359777013162475,Low,3,0.12801715880737874,8.331696850351598,Low
PRV51204,1.4704566,0.0,15.082359606977743,4.50581820183904,Low,55,0.14090285951894166,11.584145398500626,Low
PRV51205,0.024414413,0.5933368283065897,7.273267106381256,1.9788581900106055,Low,1,0.10638236654805355,7.4612211109084505,Low
PRV51206,0.1574709,0.0,5.264162586492939,1.3947760950432826,Low,0,-0.051673712671085614,2.8846733859282145,Low
PRV51207,1.819559,1.7905488176738218,27.51416258649294,8.235957340082065,Low,3,0.18702004664112049,14.007474394374558,Low
PRV51209,0.73731893,0.0,8.603200582283614,2.5194596120759543,Low,2,0.04244959421249339,6.191539980245236,Low
PRV51210,0.9115192,0.0,4.778872568193978,1.650477756754534,Low,0,-0.016031160994310456,3.997448742152801,Low
PRV51211,0.017872231,0.0,5.014162586492939,1.262476762163799,Low,0,-0.10458755381732415,1.405796424509583,Low
PRV51212,0.035105653,0.20439930940137763,8.81891447146576,2.2733812717703676,Low,1,0.07051808043532914,6.727793948056208,Low
PRV51213,0.022748062,0.0,5.014162586492939,1.2649146778167892,Low,0,-0.11361331881011266,1.1710407515188592,Low
PRV51214,0.09345787,0.11113761416566882,10.362069052725285,2.665030601815426,Low,1,0.008417404571754994,5.374999038891902,Low
PRV51215,0.111029975,0.0,5.955357504147614,1.5443543635950299,Low,0,-0.045964373340992015,3.138954749335131,Low
PRV51216,0.23574133,0.0,8.697353859610937,2.292209130989408,Low,4,0.0918982869982905,7.381641385235874,Low
PRV51217,0.10600887,1.5523608475249204,5.546028406102052,1.82760174960164,Low,1,0.0221487870998357,5.148541547337189,Low
PRV51218,0.048120964,0.0,5.855911579215103,1.4880383769630328,Low,0,-0.016386527750607227,3.8744310723879423,Low
PRV51219,0.11527324,2.1937081603771795,5.3620690527252854,1.946580921889813,Low,2,0.03527732227244873,5.602621566667731,Low
PRV51221,0.07213891,0.0,2.514162586492939,0.6646101031111288,Low,0,-0.12123895739775503,0.5510466570079444,Low
PRV51222,0.23433152,2.0267108839947747,13.879361739435387,4.093683915063359,Low,0,-0.0725096033498554,4.228038139464488,Low
PRV51224,0.2982168,0.4426330538579952,5.4987687220722465,1.634458838962991,Low,0,-0.009324531920120172,4.161939648906785,Low
PRV51225,0.0710624,0.0,5.702894225711164,1.4612547568963312,Low,0,-0.013104485694817258,3.941667375238957,Low
PRV51226,0.44142652,0.0,7.70033404536713,2.1457967691313944,Low,1,0.07484514152486088,6.751847646442192,Low
PRV51228,0.019096188,0.0,9.046028406102051,2.2710551956491147,Low,0,-0.042468996438939643,3.7392192384171086,Low
PRV51229,0.28231242,0.0,7.834993207515508,2.0999045133742764,Low,3,0.12657676177053223,8.128709263749876,Low
PRV51230,0.69717795,0.0,6.5615769028446564,1.9889831989949318,Low,5,0.06302776648879538,6.4398622684840054,Low
PRV51231,0.100136116,0.0,35.4308292531596,8.907775371363421,Low,2,0.10925188547373899,12.413486092672244,Low
PRV51232,0.7231172,4.396007486849455,30.836873979956568,9.16977895306053,Low,1,0.15444057162302138,13.753922309987011,Low
PRV51233,0.1349809,0.0,19.73638480871516,5.001586653216674,Low,3,0.16697676725434762,11.218309482355169,Low
PRV51234,0.44133282,0.0,31.599138105450574,8.120450934901463,Low,5,0.1442559610980224,12.859952927856433,Low
PRV51235,0.20906118,0.0,20.452073132899013,5.21754887101715,Low,2,0.07410719887253236,8.90958670673743,Low
PRV51236,0.053289577,0.3430717792429151,15.014162586492938,3.8659533801164243,Low,1,0.11919411096162624,9.117837237514374,Low
PRV51237,0.14011773,2.369539633046185,18.336873979956568,5.2466622705860075,Low,1,0.14378599213719567,10.728605793721567,Low
PRV51238,4.254262,1.6458011138307316,27.47372755904449,9.407013153478815,Low,8,0.1574445081345789,14.18660458029403,Low
PRV51239,0.15915328,0.0,22.51416258649294,5.708117287944417,Low,1,0.03848932620544676,8.29300132295202,Low
PRV51240,18.677048,6.546399507075595,15.283304899193888,14.795949966313463,Low,14,0.16460666014410497,18.307572377433328,Low
PRV51241,19.383879,4.461611642566644,14.347203091895027,14.394143037558289,Low,11,0.1923688369798272,18.673100187595402,Low
PRV51242,82.14309,1.6194449973920375,13.15864911413534,44.76606817509864,Medium,14,0.19196267610571716,40.00334385902455,Medium
PRV51243,1.001004,3.368717082855864,19.03476352976616,6.101372143473805,Low,2,0.06673455751087642,9.33511027296079,Low
PRV51244,99.791534,7.28996088849191,22.469743073558938,57.335693202426775,Medium,275,0.23530332696745326,56.944256237451015,Medium
PRV51245,10.815551,4.277611393437362,20.484704275978824,11.598354319423137,Low,25,0.15755429448482206,16.17979548171165,Low
PRV51247,10.62484,0.8403649480930886,20.333170422391742,10.605803733978629,Low,10,0.16468237529370344,15.26907109376435,Low
PRV51248,0.5600142,4.250956680230639,19.173747959913136,6.136183254180765,Low,1,0.1403904831816698,11.262312973844448,Low
PRV51249,97.06615,0.38825611608427213,18.9578739615923,53.36960594471211,Medium,54,0.21274924021514885,47.64422423558163,Medium
PRV51250,0.19712941,0.0,10.024844515329727,2.6047758355751953,Low,7,0.11335056534110843,8.242994192364545,Low
PRV51251,0.057569332,0.0,12.970832429012336,3.271492773463497,Low,1,0.0107567133021369,5.860809122781205,Low
PRV51252,8.246166,4.481685029829355,13.769485733624359,8.685875805487452,Low,22,0.18282786253067973,14.722655169162435,Low
PRV51253,0.249009,0.0,9.192329201335275,2.4225867994712202,Low,8,0.13238416977930012,8.640960887348243,Low
PRV51255,3.2699606,0.0,10.765747648178928,4.3264172329752135,Low,13,0.138067284649943,10.256759910577987,Low
PRV51256,0.5932939,0.0,9.791056370998714,2.744411045378768,Low,6,0.1437804249750121,9.111112272259696,Low
PRV51258,1.2764024,2.1090043805632828,24.966440932379914,7.4070625053560075,Low,8,0.1787760050705156,13.345494026588604,Low
PRV51259,2.6838298,30.803229988180032,11.792038278790402,11.990731958939264,Low,5,0.23393099663651074,17.918508115263787,Low
PRV51260,5.951146,3.194743236448795,9.23647123259806,6.083376680158443,Low,8,0.23422878584056517,13.871697986749389,Low
PRV51261,55.693787,5.0340314147550576,12.257533931419793,32.16978464709059,Medium,35,0.2173240584205769,32.414135947670246,Low
PRV51262,0.49597338,0.0,10.152804192125602,2.7861877372413386,Low,6,0.08287695631831593,7.544771643525163,Low
PRV51263,96.76335,0.9420647545519398,20.015957288774228,53.621181231046386,Medium,19,0.21429627661705175,46.92125977541325,Medium
PRV51264,0.080644324,0.0,8.066352199440047,2.056910212070953,Low,0,-0.015665686281497115,4.291526378878789,Low
PRV51265,0.92108065,0.6786049645387674,19.267960953652693,5.447181803997404,Low,16,0.10720637219511664,10.313319981201811,Low
PRV51266,3.820128,1.606799863411738,10.862313270269883,5.027342265430293,Low,15,0.2103529599910302,12.694880658418002,Low
PRV51267,0.08935001,4.215935891377738,10.69724966424072,3.772971392641826,Low,2,0.11599163654631328,8.995695206054561,Low
PRV51271,0.5806924,0.0,13.208956808891372,3.5925854074573706,Low,9,0.16303392969022368,10.289785695839399,Low
PRV51272,2.0951796,3.496919999326425,22.344701038894247,7.507995038455315,Low,10,0.19476845471920723,13.888817524690007,Low
PRV51273,3.3300471,0.0,12.635858620568802,4.823988220434559,Low,50,0.15145940905332544,11.949202816739398,Low
PRV51274,6.8726563,11.733501726219176,13.719673693076984,9.799622027507755,Low,14,0.23663179187630257,16.697098897996415,Low
PRV51276,10.495489,5.321431758035476,11.03157117497825,9.335995293495131,Low,17,0.2106761344968917,15.773095765937361,Low
PRV51277,26.826843,8.027558015209374,11.624408646270465,18.326413296229333,Low,14,0.21020605188172226,21.973535958738914,Low
PRV51279,0.93738323,0.0,10.670628961608298,3.136348857652517,Low,16,0.09403984486870554,8.350792617186489,Low
PRV51280,1.787108,0.0,9.53173609507737,3.2764879960136053,Low,5,0.08915591054833749,8.025635863252706,Low
PRV51281,0.9808993,0.0,13.623305703921169,3.8962760631548985,Low,30,0.11283802780010188,9.751066261025963,Low
PRV51282,0.5577878,3.1578005850135136,12.216147202385882,4.122380834846522,Low,13,0.2053533813964581,11.876734528865878,Low
PRV51284,37.46761,0.8615179287801915,17.59936629657585,23.3490257590978,Low,48,0.2237056147594476,26.75578572025404,Low
PRV51285,26.620447,2.6510677611314777,14.838413576667794,17.682593913856557,Low,23,0.22200289751728175,22.07353371741765,Low
PRV51286,11.416576,5.678725918408417,12.963231507537559,10.368777549235517,Low,17,0.2333517071254626,17.090111117667476,Low
PRV51287,0.22173633,0.13921901278704785,14.278537171951392,3.715307209591459,Low,11,0.08876702615629506,8.48369491993385,Low
PRV51288,0.90564835,0.0,13.67274224766992,3.8710097372752985,Low,3,0.1816750476089135,10.811979694934953,Low
PRV51289,11.971549,2.4465619066172475,15.860011316642748,10.562417822874325,Low,16,0.10396040193987677,13.808945387421339,Low
PRV51290,3.982766,0.0,13.945661063918182,5.477798222484367,Low,6,0.08122090630660728,9.38551282673211,Low
PRV51292,0.06357755,0.12146126787793875,14.321048822298163,3.6424162963787308,Low,2,0.08760964753327116,8.160738867558607,Low
PRV51293,0.52782387,0.0,14.36012411115975,3.8539429604967705,Low,7,0.13971438626415555,9.808105815507393,Low
PRV51295,0.034428194,0.1483135370344614,9.911047877249876,2.5320544506536993,Low,1,0.02642160575307595,5.7536002135740985,Low
PRV51296,0.945656,2.9234763578187786,10.77669460218119,3.897870740783912,Low,4,0.17279703079530706,10.625036613318246,Low
PRV51297,2.6652756,2.2868940167295775,16.354720836708843,5.993041500224839,Low,11,0.18337420717915764,12.556682595293363,Low
PRV51298,0.15274552,0.632253845949978,18.12434185964304,4.765521683952309,Low,11,0.10461466289553278,9.634030609354163,Low
PRV51299,0.59139216,0.10679434911110106,14.03486353826256,3.831110551574403,Low,8,0.09421655557560427,8.626990271611845,Low
PRV51300,11.734609,9.74166014248913,20.89809555362225,13.527243249131605,Low,12,0.2051472537313549,18.427892329437498,Low
PRV51301,10.85464,3.769055429283488,19.146979848502074,11.156328822955912,Low,13,0.2252512880973464,17.32179499401284,Low
PRV51302,1.8356934,6.300681133713056,15.160241879558914,6.283077433005492,Low,11,0.1787866872199657,12.639521245827332,Low
PRV51303,0.8423322,0.6610577553587261,19.398403536545118,5.436031415133325,Low,10,0.10980338953284041,10.212479046444848,Low
PRV51304,1.5076883,0.8159171654066557,13.376317312287542,4.301902761383693,Low,6,0.2050058536208451,11.805375680595743,Low
PRV51305,4.41264,11.68496942880698,22.227070736398208,10.684330088679836,Low,15,0.18636439764923174,16.026305897725614,Low
PRV51306,0.4969193,0.0,13.748152318022665,3.685497731571897,Low,3,0.005634039484843201,6.070097095776518,Low
PRV51307,0.6339573,1.3471966219636826,16.67475918264977,4.822467614359463,Low,5,0.05780491119715525,8.286469974156908,Low
PRV51308,1.102793,0.0,8.250481891562139,2.614016962033906,Low,6,0.03021953278560141,6.0447024494895025,Low
PRV51309,0.27613264,0.0,9.178873797998408,2.4327847711110064,Low,1,0.045929675117404645,6.1951951272460235,Low
PRV51311,1.3190092,0.5427756755451947,11.993128335513921,3.79348059518345,Low,3,0.09522843299063,8.492930864250093,Low
PRV51312,1.9903224,1.2313200826481787,15.66341669447096,5.218845370007629,Low,9,0.16499739600224883,11.479607696206745,Low
PRV51313,0.14714825,0.0,9.622949087098842,2.4793113975414647,Low,3,0.06797424767322058,6.858991508599189,Low
PRV51314,0.32277176,0.5174680745825638,11.478243569511323,3.1603137899440266,Low,2,0.04668064761171353,6.750985489961499,Low
PRV51315,0.7687484,2.5335027268970185,16.962437095066058,5.258359156788529,Low,3,0.10793836455367611,9.851327998934439,Low
PRV51316,0.075981684,0.0,31.69145119302931,7.960853640271878,Low,3,0.13378633743530144,12.420254287591156,Low
PRV51318,0.42744055,0.0,23.945539234860643,6.200105085666951,Low,3,0.0962636303430201,10.204688706832837,Low
PRV51322,0.10083252,0.0,10.020572536353702,2.5555593950461435,Low,0,-0.04419040381735895,3.8932737514203994,Low
PRV51323,0.8288243,1.8915557991091574,21.878835145895938,6.357009877097526,Low,6,0.1376080011218508,11.478222722747674,Low
PRV51324,1.9026356,0.0,9.451047308819534,3.3140796143752937,Low,3,0.06070084555250188,7.25277646294442,Low
PRV51325,0.14190584,20.05675535248892,22.14491023617799,10.621369319272517,Low,5,0.04944163849571748,12.126595310041436,Low
PRV51326,0.21152848,2.101495301401064,20.13404106414364,5.66464833141265,Low,6,0.0969610381552849,9.928676985020125,Low
PRV51327,0.34159216,0.576135749649916,16.708542888987072,4.491965741083006,Low,4,0.07081792654077956,8.36919553110021,Low
PRV51328,0.21113348,1.0248989656159404,12.924415142984316,3.5928952671860745,Low,0,-0.020915854033157155,5.229168984745428,Low
PRV51329,0.27256644,2.582477160573303,24.82677996683783,6.988597500713409,Low,7,0.05246293742291275,9.716500049756279,Low
PRV51330,0.096151836,2.4535013518051754,20.995967626480653,5.910443162679682,Low,2,0.01725624242103474,7.905198457559466,Low
PRV51331,0.77471125,0.4613797615278467,18.84913810545057,5.21498509237403,Low,0,-0.06294556422483577,5.263513194712795,Low
PRV51334,0.3358338,0.0,27.952073132899013,7.155935177183799,Low,2,0.09095031871006676,10.707722920657107,Low
PRV51335,0.34283555,0.0,15.054475038247148,3.935036532331715,Low,14,0.11403760358554416,9.380095568656747,Low
PRV51336,11.835318,4.424641330253098,10.117726058511053,9.553250653038205,Low,16,0.1999197948937358,15.61652807106407,Low
PRV51337,96.40437,6.280509529827112,12.569200497005282,52.91461409118075,Medium,47,0.22540875610309452,47.46947179755443,Medium
PRV51338,91.19269,0.5777264484568236,9.266231296043122,48.05733343026561,Medium,16,0.2118031843774869,42.88071392902054,Medium
PRV51340,0.14648616,0.0,8.101113368953866,2.098521423808138,Low,15,0.1037788654922076,7.8526162735908684,Low
PRV51341,0.031790864,0.0,7.625763800384863,1.9223363819574972,Low,9,0.10208116487581986,7.523735575686812,Low
PRV51342,70.48852,4.271489438605736,12.07599486584621,39.33112995672822,Medium,36,0.238789555532662,38.01628881613359,Low
PRV51344,0.3671787,0.4232904785505938,6.009633011211128,1.7918202265978782,Low,3,0.17981307688737125,9.307766051087452,Low
PRV51345,0.19244318,0.0,7.601399712424205,1.9965715166580493,Low,4,0.10508950413615459,7.520286194744777,Low
PRV51346,0.59786576,0.0,9.106791732490064,2.575630813285709,Low,26,0.1834745809747641,10.569809328971932,Low
PRV51347,99.24743,1.395483503046304,30.096536261783424,57.49671938822892,Medium,196,0.14370387570741505,52.53639377118744,Medium
PRV51348,12.230447,0.0,14.112048922786357,9.64323563844195,Low,22,0.19945002253997912,15.828284018397357,Low
PRV51349,4.527571,3.10079593310356,11.02141380798624,5.794338035934682,Low,7,0.19326774218806386,12.56940417491101,Low
PRV51350,11.532506,0.5853085039243131,9.29264484097112,8.235741330761211,Low,38,0.17986133752668843,14.759372499592384,Low
PRV51351,0.08994379,0.0,7.767282186263006,1.9867924410385889,Low,6,0.11694321522205775,7.877682499036304,Low
PRV51352,0.035603598,8.657130456567387,8.146243879739409,4.218645382956799,Low,1,0.030581893385807635,7.0432074888965275,Low
PRV51353,4.7987247,0.0,13.752151241371921,5.837400136011315,Low,6,0.1681094795781234,11.913591285953792,Low
PRV51354,0.15982738,17.72789930500743,16.6702073132899,8.67944034526056,Low,1,0.12318147218206443,12.591741309614163,Low
PRV51355,3.2518015,5.006586052302402,11.132918660828741,5.660776923674632,Low,17,0.1785215952178063,12.358039681133732,Low
PRV51356,10.942127,4.979006468415313,10.277018873408586,9.285069949347577,Low,19,0.24452294425240895,16.67787760728773,Low
PRV51357,94.2663,2.175748565627098,9.860542545802447,50.14222097121676,Medium,18,0.213698839441407,44.44348995112015,Medium
PRV51358,1.1248792,0.0,14.42592729237529,4.1689214435886655,Low,7,0.15323385641736464,10.382781655648836,Low
PRV51360,7.827603,0.0,11.679458680273193,6.833666101724182,Low,10,0.1906739721346966,13.309517644998667,Low
PRV51361,0.08965485,0.0,6.978415333023105,1.789431257245549,Low,2,0.08393839481926857,6.767467737231045,Low
PRV51362,6.3338304,12.235299306211981,8.910114120200918,8.453268534902175,Low,9,0.20862207937840083,14.886608609698907,Low
PRV51363,0.01584282,0.0,10.008851616558086,2.5101343139327197,Low,0,-0.027723877744849745,4.2928757728757585,Low
PRV51364,2.248779,0.0,13.024595545265447,4.380538415544573,Low,8,0.15227881001410393,10.53273831530139,Low
PRV51366,0.672771,0.0,7.254535510226081,2.150019366066652,Low,7,0.09877858495665437,7.542899489668992,Low
PRV51368,0.10039848,0.0,8.771243879739409,2.243010210380943,Low,0,-0.03398225228034679,3.9419283829640466,Low
PRV51369,99.53778,1.3447976071467722,41.20236385218297,60.40568074569181,High,217,0.135550608415269,54.922821096348706,Medium
PRV51371,8.509086,6.009700416311083,11.310697269161306,8.584642248974298,Low,13,0.16112492594331762,13.841594850449848,Low
PRV51376,0.14866139,0.0,8.652936445690647,2.2375648063961306,Low,4,0.09599522624045898,7.450724342938965,Low
PRV51377,2.6914039,2.147394736655718,6.742938548710016,3.568285254248538,Low,9,0.23034309715479495,12.036180105592463,Low
PRV51378,99.579926,2.539464228732989,24.814700997010007,56.62850407499043,Medium,110,0.20185699604310336,51.14344731596933,Medium
PRV51379,0.37476385,0.7969853933184232,6.601137625598436,2.0369126779279147,Low,3,0.17828372053547648,9.439263804365103,Low
PRV51380,0.40821183,0.9181390586951345,20.216702134442798,5.487816211923552,Low,4,0.17396453928862265,11.768585506190743,Low
PRV51382,0.059426382,0.0,7.697726146157893,1.9541447276314876,Low,2,0.0697775196248066,6.511772364110866,Low
PRV51383,2.7127948,2.5433977105612358,8.833563050068532,4.2006375805230425,Low,13,0.22927319366029597,12.55817933348257,Low
PRV51386,1.4637834,0.0,12.49734953276403,3.8562290748757304,Low,35,0.13313120933971268,10.388914069567,Low
PRV51387,3.6908872,6.174054399302886,14.375248191239724,6.9827692540123,Low,16,0.17762555468593444,13.233113686447528,Low
PRV51388,36.255695,6.0483434904668805,11.033800248401919,22.398383606225988,Low,22,0.2308549313128483,25.57965156800757,Low
PRV51389,7.3258905,4.779030749528482,12.143742994746583,7.893638706607096,Low,23,0.16567278362655502,13.745496153788595,Low
PRV51390,99.70171,0.8406238484721001,20.57356780823823,55.20440469518344,Medium,169,0.19656463892558762,51.59181813342102,Medium
PRV51391,13.320942,0.40692199635727283,9.802745537178613,9.212887845908385,Low,26,0.20343126224336683,15.738725935412482,Low
PRV51392,0.09406843,0.0,9.836967603777643,2.5062761161264766,Low,1,0.009865226177099284,5.301801767093635,Low
PRV51393,98.56918,6.788237832823429,22.586033044354252,56.62815939409911,Medium,107,0.2227220832985254,51.609304755880935,Medium
PRV51394,0.033346944,0.0,3.771243879739408,0.9594844417134832,Low,0,-0.032541811181242664,3.0811978543076877,Low
PRV51395,2.597605,0.0,8.438731639218226,3.408485404807303,Low,3,0.0710648257521056,7.5903820665273525,Low
PRV51396,0.655849,0.0,7.877193931819107,2.2972229729297524,Low,5,0.10038359668154595,7.634299765197731,Low
PRV51397,0.84793365,0.0,6.894473556427791,2.14758521411534,Low,4,0.10659245861217626,7.665371053996956,Low
PRV51398,0.61520445,0.0,14.403077842101904,3.9083716872596375,Low,10,0.11633582453755686,9.314257749113638,Low
PRV51399,96.89369,0.0,13.977800118927455,51.94129603803265,Medium,73,0.22427064534780317,47.45631885340866,Medium
PRV51401,92.4622,6.605310753340757,10.824999165017577,50.58867565463841,Medium,12,0.20127997094544692,44.26957770110335,Medium
PRV51403,38.349045,7.189895890346031,10.680088670270466,23.64201854005647,Low,14,0.2425886461942165,26.542837573074145,Low
PRV51404,0.51855075,0.0,7.995526640179544,2.2581570368416086,Low,7,0.15108638616791992,8.988985902719213,Low
PRV51405,1.5118703,0.0,8.249174689570001,2.81822880489601,Low,6,0.11770938622321647,8.47976054496188,Low
PRV51406,8.565996,0.0,12.835796422187078,7.491947190568743,Low,9,0.19902470603582356,13.962246128414588,Low
PRV51408,0.062480338,0.0,5.191451193029311,1.32910296721623,Low,0,-0.023601010675595058,3.574167087309478,Low
PRV51409,0.08155785,0.0,5.630058066604621,1.4482934404308814,Low,0,-0.07674215003607304,2.2653781000163047,Low
PRV51410,96.24719,4.474462537485876,22.221514497630665,54.79759045018538,Medium,65,0.12808244507441913,46.72096571216249,Medium
PRV51412,0.05971461,0.0,6.504720862164313,1.6560375213509337,Low,0,-0.08311104463088814,2.243942970769556,Low
PRV51414,0.14998412,1.693069822092057,10.708749286419629,3.175446837789237,Low,5,0.17660595666894796,10.245973962839571,Low
PRV51415,1.5735662,2.5015191839875595,9.454380200587945,3.7757579453183756,Low,12,0.1468524933728096,10.074612753227282,Low
PRV51416,0.16657391,0.0,7.902139913606231,2.058821934354202,Low,12,0.05716595615408071,6.523097747297197,Low
PRV51418,36.29244,0.0,12.382224218177686,21.24177530808446,Low,20,0.18539960344321327,23.525469502350724,Low
PRV51419,0.22851709,0.0,6.919001140607839,1.8440088278088582,Low,6,0.15425926656279476,8.755361475352165,Low
PRV51421,98.60106,1.0772873520816315,18.909363701552,54.29719224338888,Medium,89,0.20678810091562683,49.07695858337034,Medium
PRV51422,4.5606766,5.614075320725642,10.45154237310997,6.296742710812419,Low,5,0.16674151358090927,12.172446685976102,Low
PRV51423,0.45420262,0.0,12.503540646623234,3.352986472743417,Low,0,-0.055445771217388806,4.156598077859099,Low
PRV51424,0.45525274,0.0,7.4316331212114495,2.085534648706297,Low,7,0.1287348915817781,8.282572842392657,Low
PRV51425,0.59829473,0.38808733440579823,8.7741079460898,2.5896961876013163,Low,6,0.12184697042119141,8.428186537844987,Low
PRV51426,94.18522,2.8325823020955228,17.59224597524285,52.19881647485217,Medium,14,0.22418581927141457,46.05046821909969,Medium
PRV51427,6.3411756,1.472653524975542,9.288916315957438,5.860980238324675,Low,9,0.14160588064592472,11.316277649462208,Low
PRV51428,0.5029597,0.2031477519047789,8.514991630768645,2.4310147097888395,Low,8,0.16988113401934024,9.629227590966593,Low
PRV51429,0.027660877,0.0,6.014162586492939,1.5173710848794986,Low,0,-0.006212542591364778,4.16150791820392,Low
PRV51430,21.436216,4.908673990228203,10.799513485372705,14.645155046085286,Low,21,0.2116136269679969,19.6214511133145,Low
PRV51431,72.007706,0.7225059852014506,20.292246304097652,41.25754091656306,Medium,30,0.1929664444687592,38.00320228378721,Low
PRV51432,4.5508323,0.0,12.582832804655414,5.421124336951817,Low,7,0.2132928197632279,12.8327831552438,Low
PRV51433,98.60875,0.5831334899977049,22.52778994705909,55.082105554088415,Medium,168,0.1250311947795293,49.6052885352352,Medium
PRV51434,96.200356,8.1861336644757,13.268050312987615,53.46372375925841,Medium,27,0.23075891682112515,47.45710241983776,Medium
PRV51435,8.293828,0.0,10.849519146468122,6.8592937918965715,Low,7,0.14867132387266668,12.146510431795507,Low
PRV51436,36.39819,3.4551267823173144,11.441999841200857,21.923376428218408,Low,28,0.17577541748854097,23.965215394538202,Low
PRV51437,0.13155587,0.38554829080928477,5.014162586492939,1.415705654413237,Low,0,-0.0711274503316856,2.389663801548144,Low
PRV51438,0.10104221,14.193718197147287,8.353565599751818,5.687342054752654,Low,3,0.08567508960695047,9.568349868038307,Low
PRV51439,0.6103076,0.0,7.8943209978544395,2.2787340365996878,Low,4,0.06768280656366643,6.737797650696318,Low
PRV51440,11.3326645,2.9032298063577837,9.188613566961509,8.68929308820287,Low,15,0.19577151492666844,14.876233099158373,Low
PRV51441,0.21344228,0.0,8.838496174354109,2.316345184032806,Low,9,0.1074205550269649,7.939426169902813,Low
PRV51442,0.10151694,0.0,8.764162586492938,2.2417991164730595,Low,2,0.15398403256415272,8.91922138752377,Low
PRV51443,0.29560414,0.0,7.260749648352741,1.962989481871396,Low,8,0.12581939777824036,8.147255069506322,Low
PRV51444,1.0314105,4.918063912760045,9.589811482772944,4.142674076735116,Low,8,0.21960192342297657,12.130003159052503,Low
PRV51446,9.903938,0.0,18.170222070829055,9.49452466443578,Low,12,0.16717229952650514,14.610099496072312,Low
PRV51447,96.72014,9.641415094882193,11.419764879676892,53.62536426854212,Medium,18,0.2323881718739521,47.371324204707086,Medium
PRV51448,9.396296,7.398000398854015,12.158162030242071,9.587188381016698,Low,13,0.19388378391822758,15.401612659684865,Low
PRV51449,1.9605426,0.0,15.891687373183183,4.9531931231076545,Low,9,0.1616206881159432,11.205186176273793,Low
PRV51451,0.098168015,0.0,5.441451193029309,1.409446805997348,Low,1,0.032834903935171744,5.1357941590787,Low
PRV51453,0.103751056,1.5843283148321983,6.2625284418976,2.0135897171305905,Low,2,0.0738641067185637,6.660446630104375,Low
PRV51454,0.46704444,0.0,8.060401794959073,2.2486226701858056,Low,5,0.059414517783646925,6.526947917970673,Low
PRV51455,19.215088,0.0,11.948714619561231,12.594722600202807,Low,10,0.21654923916947488,18.020152412169864,Low
PRV51456,99.39718,0.0,24.96658882118855,55.94023653024831,Medium,113,0.2149551056468435,51.085348801887676,Medium
PRV51458,0.3056054,0.0,6.371628074298415,1.7457097243393742,Low,1,0.06423787127104519,6.1938913111897005,Low
PRV51459,99.68598,3.204862605397988,47.27247312001522,62.46232480659744,High,745,0.16153794627125773,71.21779989773681,High
PRV51460,24.409342,0.23123484552163942,9.545520814959788,14.648859821187251,Low,48,0.2310500581172683,20.85808354059199,Low
PRV51462,0.46109617,0.0,7.397475431749589,2.0799169417195933,Low,3,0.07095114371920996,6.657405834687209,Low
PRV51464,0.09499618,0.0,5.905312022017362,1.5238260938343708,Low,10,0.08943494034014066,6.940310903590106,Low
PRV51465,0.016472315,1.3217384048081313,9.65229886718577,2.7517454757063455,Low,1,0.08350214434438241,7.4028129101967615,Low
PRV51466,3.0721889,0.32830611839342416,9.375007069484031,3.9619227240781285,Low,10,0.1834222803128226,11.109313262179557,Low
PRV51467,1.4604166,0.0,10.924159706370308,3.4612482042949084,Low,7,0.23617610789813948,12.060379486123377,Low
PRV51468,1.4581044,0.5374239118326126,9.56994882948242,3.255895371341026,Low,24,0.16992878509482567,10.637422645843781,Low
PRV51469,0.64075786,0.0,7.7812871817728615,2.2657007248198173,Low,2,0.08974942992315738,7.253097224680834,Low
PRV51470,0.4429812,2.7587332550625825,8.169746092549879,2.9536104435687265,Low,7,0.15240688845355588,9.510398570402451,Low
PRV51471,99.468346,0.00900668719687434,25.334717946309652,56.07010397942156,Medium,163,0.20519970428855805,52.26296024585584,Medium
PRV51472,0.13918358,0.0,5.030685604068035,1.327263191454707,Low,0,-0.0078407129323389,3.985776644089585,Low
PRV51474,41.162167,0.8151160181247763,20.582128492369396,25.930394425353036,Low,42,0.17049278336536533,27.007569413205694,Low
PRV51475,2.1859968,0.0,10.640161176552674,3.7530386795675508,Low,14,0.13617321287079798,9.83261857232118,Low
PRV51476,0.11739687,1.878353769868808,11.541940364270717,3.413771967917558,Low,5,0.13668401196427737,9.366903346130806,Low
PRV51477,0.22484536,0.0,6.842258215219814,1.822987236149867,Low,3,0.10096243965069307,7.263808337331317,Low
PRV51478,0.073813416,0.0,9.377316811933119,2.3812359110151724,Low,1,0.002655681231972018,5.025393793313717,Low
PRV51479,2.6139061,0.0,10.034470144741293,3.815570608733236,Low,29,0.21326335014958753,12.298727510345989,Low
PRV51480,99.27464,2.304045258386434,26.77056350899351,56.905973664012954,Medium,171,0.18042088373985365,52.41366424699453,Medium
PRV51482,10.225511,6.583297072434104,9.296692899566388,9.082752791614624,Low,20,0.22521317005613284,16.05721259666086,Low
PRV51483,1.3009079,0.3341539814177067,9.10466462010184,3.010158575512638,Low,12,0.16449775314780746,10.000973920198039,Low
PRV51484,0.110178694,0.0,9.852545110753764,2.518225624752936,Low,8,0.1289563489890947,8.618104032510146,Low
PRV51486,1.597317,0.0,15.707000606555438,4.725408641819829,Low,14,0.11270189357501004,9.898362341547497,Low
PRV51487,0.8233158,2.786737945170446,8.25771523759425,3.1727711953093225,Low,2,0.08998050666597524,7.894100436242027,Low
PRV51488,1.3910815,0.0,8.240791785641246,2.7557386725951565,Low,33,0.13972690572419344,9.7376773832158,Low
PRV51490,96.787636,1.6867943268670083,21.939021817998093,54.3002719378276,Medium,51,0.20143580695963736,47.918757647180286,Medium
PRV51491,0.44002384,0.9031260157974355,10.111144132331058,2.9735794567689853,Low,15,0.1338308739511781,9.25247680355938,Low
PRV51492,12.861451,4.394116140267519,10.714756380615723,10.20794370471422,Low,21,0.19775263060709725,16.152264771167907,Low
PRV51494,0.27722508,0.0,6.487966860347048,1.760604253662888,Low,5,0.11312670986829532,7.592518114649702,Low
PRV51495,99.31017,0.9895808312915857,20.99799705571469,55.15198098908556,Medium,92,0.198691696898198,49.5437333407596,Medium
PRV51496,0.9056009,0.0,10.753613386438216,3.141203799318752,Low,10,0.09063334071351514,8.103871683852976,Low
PRV51497,16.139036,1.232887716261447,13.787467968536104,11.824607010493821,Low,5,0.21063554315207456,17.19191288129045,Low
PRV51499,3.6139767,0.0,14.977590567732296,5.551386000430694,Low,40,0.1749972254907617,12.80658222184284,Low
PRV51500,0.04229874,0.0,6.579697426455712,1.6660737274332582,Low,1,0.011438659797202377,4.75488181943914,Low
PRV51501,99.17516,0.007091156494677369,27.247020141347605,56.401109458982056,Medium,222,0.21878761838300353,54.43454073495188,Medium
PRV51502,0.10196776,0.0,5.822079294550607,1.5065037033528559,Low,1,0.06375124524154663,6.013698186197152,Low
PRV51503,0.60624707,0.0,7.815551236327005,2.25701134280749,Low,7,0.11882434692963129,8.14296434483109,Low
PRV51504,0.5142001,0.0,7.103854848864631,2.0330637578971578,Low,15,0.10291401218456475,7.78413798006102,Low
PRV51505,0.047928743,0.0,8.17475957323406,2.0676542648407166,Low,1,0.021429197633464625,5.297726086781457,Low
PRV51507,94.749275,0.0,13.410381387553619,50.72723295064817,Medium,101,0.18249646767657912,46.26372846575648,Medium
PRV51508,29.971447,1.7516163758644572,9.207436468685495,17.725486706620888,Low,26,0.2187619810912711,22.099188181252536,Low
PRV51509,8.621783,1.154479582666879,29.412154595270852,11.952550172749813,Low,105,0.13297336878124688,17.931398270667827,Low
PRV51510,0.4124793,0.0,8.360450781994846,2.2963523511126107,Low,5,0.08982126914435029,7.356972361323312,Low
PRV51511,1.5069585,0.0,5.639162586492939,2.163269888948064,Low,1,0.020239010339870966,5.33347580824931,Low
PRV51514,51.22172,7.478243564449216,12.44526311617486,30.59173749474098,Medium,26,0.2278052415843964,31.342484304125833,Low
PRV51515,3.8143296,1.7840273964551896,10.037114192272316,4.862450209269889,Low,8,0.18368639335039616,11.692910612830667,Low
PRV51516,0.4318576,0.6291897054211488,8.391436187431717,2.4710852661667078,Low,7,0.1599940131749471,9.371402829884286,Low
PRV51517,0.20838809,1.2210616408858606,4.427941863502095,1.5164449211638225,Low,1,0.05561591095988749,5.807522843725817,Low
PRV51518,0.5404108,0.7533056163516327,10.885055802244995,3.179795762983889,Low,7,0.16851937051165344,10.09085242227431,Low
PRV51521,0.4514719,0.0,8.263021809210313,2.2914913997923168,Low,3,0.13721197194889723,8.541447474451076,Low
PRV51522,81.78051,1.4833346214212164,10.581574900915138,43.906482354949325,Medium,33,0.23290375270712094,40.98429891395345,Medium
PRV51523,48.71844,0.649779421471339,27.351474932221908,31.359534093184052,Medium,60,0.2062782598132733,32.228717276080275,Low
PRV51525,3.157272,2.4190823505073613,7.569161459898431,4.075697002825752,Low,11,0.1882386696224836,11.341983448975773,Low
PRV51526,1.2467794,0.0,12.54923632496462,3.760698802157903,Low,9,0.1449420076085144,9.933482428727189,Low
PRV51527,0.23308408,0.0,6.563659962713414,1.7574570319800809,Low,5,0.06951747617063775,6.447815121022752,Low
PRV51528,0.14576362,0.0,4.437514863142241,1.1822605261526677,Low,2,0.0913334066621263,6.5361870247733025,Low
PRV51529,0.10884637,0.0,7.191262211932112,1.8522387361857715,Low,1,0.019656290179823177,5.100487561377703,Low
PRV51531,0.53397423,0.44859732559045484,12.284346807746797,3.4502231484790427,Low,3,0.10031913096838752,8.386019702858698,Low
PRV51532,9.198798,7.083746820307164,10.584208458600227,9.016387909540079,Low,8,0.18789294567256776,14.710872694834595,Low
PRV51533,3.3622687,0.0,14.412917702633642,5.284363768805688,Low,13,0.16616428596048938,11.663423984035902,Low
PRV51534,0.122718304,0.0,2.5035406466232346,0.6872443138536465,Low,0,-0.11347095509187011,0.7704012238124893,Low
PRV51535,8.07905,0.0,11.879866411251703,7.009491634856383,Low,34,0.16869868491815476,13.501169529930127,Low
PRV51536,0.7247032,8.472201669253058,9.906641623025312,4.95706241942503,Low,5,0.13646933083565926,10.441582321755455,Low
PRV51539,98.253426,3.5418638169375827,11.55484265015269,52.90088941584484,Medium,101,0.22697657585534525,48.95060360342184,Medium
PRV51540,0.6716926,2.354607456270186,9.301235892216159,3.24980714201508,Low,8,0.17810571926089303,10.417854736755423,Low
PRV51541,0.06887863,0.0,6.588632104401669,1.681597340257188,Low,4,0.047764071220872784,5.797959408973259,Low
PRV51542,99.697784,0.225866247207968,26.46369732839211,56.52128310581408,Medium,96,0.21253575047047946,50.97232189901199,Medium
PRV51544,57.368923,5.26139385910053,11.15331368469435,32.78813847957665,Medium,55,0.23011906155475859,33.71910727789554,Low
PRV51546,8.950437,10.82223367346316,13.086101105885675,10.452301990888234,Low,11,0.14556514880001836,14.687621349515513,Low
PRV51547,0.06372547,0.0,5.015932909804556,1.2858459631994301,Low,1,0.059429553061398965,5.746015575651198,Low
PRV51549,6.1449876,0.0,13.225049280020345,6.378756111585286,Low,8,0.17388590159982753,12.497565790615578,Low
PRV51550,15.069633,0.23204343441014652,15.623777161942828,11.498771414194445,Low,18,0.19471961841638807,16.895846646658654,Low
PRV51551,47.682564,15.182987695772878,10.250314967063238,30.19960755657817,Medium,5,0.2116411162638946,30.080757849797557,Low
PRV51552,1.0696871,2.9775907226840226,9.653122858909242,3.6925219594318244,Low,14,0.1735378557573517,10.769157403237154,Low
PRV51553,1.3502645,0.0,12.750410530697792,3.8627349073021335,Low,7,0.14854051168610305,10.045492119222672,Low
PRV51554,0.119977176,9.709392922098614,9.319718142048494,4.817266354131489,Low,1,0.11235173707304935,9.604495848922205,Low
PRV51555,0.07581696,0.0,5.366084314598255,1.3794295582209062,Low,1,0.006520693574208369,4.425387176149562,Low
PRV51556,15.23687,7.899727462186852,11.127292554792756,12.37518991025076,Low,18,0.1889987975851264,17.359462219466128,Low
PRV51557,0.062338147,10.247511955104454,6.093955273203038,4.116535880733075,Low,1,0.1368511490106542,9.755834287819223,Low
PRV51558,0.5673181,1.3985917703643012,9.988521560851913,3.13043737373194,Low,5,0.15214521610038223,9.573630702626435,Low
PRV51560,99.666145,0.21689627028308572,27.33450749258993,56.72092360307177,Medium,201,0.19420415687378378,53.45060049696542,Medium
PRV51562,0.14828911,0.0,10.252237351461444,2.637203894983777,Low,2,0.0471818752517994,6.397940015234548,Low
PRV51563,0.029688774,0.0,9.358767129620176,2.3545361692434206,Low,1,0.03770651334285735,5.924985955520535,Low
PRV51564,0.13590862,0.0,6.479577213072743,1.6878486125528729,Low,2,0.07791031466233689,6.538432753907851,Low
PRV51566,3.3890421,0.0,20.01714641068716,6.698807672198463,Low,16,0.1476557346421702,12.24917389194098,Low
PRV51567,96.085815,0.8556471814653321,35.379471107173835,57.10168728700354,Medium,157,0.15414075443466413,51.48632282264764,Medium
PRV51568,3.760432,5.025493536025613,10.339820688583433,5.721544558616556,Low,14,0.18428195703035355,12.470953404781056,Low
PRV51569,0.101400025,0.0,13.01947355642779,3.305568401701409,Low,0,-0.0179643474229505,5.1053654569395155,Low
PRV51570,0.034887955,0.0,12.514162586492938,3.145984623919587,Low,0,-0.10923715861305383,2.602438890853774,Low
PRV51571,0.367468,0.0,5.7168889763576765,1.6129562438185756,Low,1,0.027852432901231294,5.147717106350404,Low
PRV51572,0.037298743,8.277516782293466,12.093247143878392,5.111340352883835,Low,1,0.10371892403352967,9.5841802167504,Low
PRV51573,2.7816849,0.1972326710479673,11.655213946108958,4.353954092033372,Low,12,0.15969920116458924,10.8159155402731,Low
PRV51574,99.70557,2.4493690452218426,26.506261549334376,57.09169085176405,Medium,416,0.17339462072062817,58.936769382220966,Medium
PRV51576,8.255212,2.9273847181844115,9.156530301191006,7.1485846699134346,Low,12,0.21177773224049978,14.136540436626042,Low
PRV51577,0.012741585,13.652047223329527,5.014162586492939,4.672923245086676,Low,0,-0.018923424388891108,6.037387393995399,Low
PRV51578,98.539635,1.659660612073988,11.404520576629059,52.53586264947069,Medium,217,0.24174273864360096,52.19603130370751,Medium
PRV51579,26.462856,11.257737288725075,12.452516798127231,19.158991668075384,Low,20,0.21552080411789487,22.85665359894486,Low
PRV51580,0.03224995,1.4244909782958095,10.014162586492938,2.875788366133434,Low,0,-0.028387593033344483,4.531445212236199,Low
PRV51582,0.0411055,25.579908462357515,8.75505806660462,8.604294382917404,Low,1,0.11437831209334137,12.308508854110897,Low
PRV51583,0.74470687,0.1481782663705342,7.435676910262076,2.2683172287208357,Low,9,0.1856437292290739,9.95514258197224,Low
PRV51584,96.385666,5.497014309855372,11.229960803684838,52.37457672516239,Medium,16,0.2207781391102186,46.1379152928023,Medium
PRV51585,2.856497,4.93992746093135,20.430829253159605,7.770937703188571,Low,4,0.18010080062957834,13.527531875371576,Low
PRV51586,96.54993,2.5633447413334194,25.423747959913136,55.27173655421789,Medium,7,0.15593205146063427,46.22544110811588,Medium
PRV51587,0.10161613,0.0,7.010621939869703,1.8034635496069942,Low,0,-0.03687528868691842,3.5584522786169455,Low
PRV51588,0.40332443,0.9145307548448472,17.3805846675389,4.775441068206182,Low,3,0.2026194325354742,11.99379474214707,Low
PRV51590,50.917522,0.0762397296352041,26.237390707967812,32.03716882461072,Medium,81,0.18529611236834886,32.71711753747321,Low
PRV51592,0.06505862,0.0,5.056650345971756,1.2966918958849145,Low,0,-0.08104108360173307,2.046631069746959,Low
PRV51593,91.81166,9.280491809853313,9.753516417859746,50.664332440229046,Medium,13,0.19134519909124315,44.08910618690998,Medium
PRV51595,1.222903,0.0,11.99563373895962,3.61035994135459,Low,3,0.09230144729520673,8.288063541650809,Low
PRV51596,0.52587515,0.6071321290113758,9.298381081482079,2.7393158782020532,Low,5,0.17626299965303382,9.93169730477705,Low
PRV51598,52.25417,4.490509575543286,10.579413932127242,29.894565608973295,Low,88,0.2243551401863636,32.428505761498194,Low
PRV51599,0.2438878,0.0,15.028325172985877,3.879025191745481,Low,3,0.09942817056675068,8.662839236997986,Low
PRV51600,0.65001875,0.0,8.137327098089957,2.3593411503331123,Low,14,0.14977992522850114,9.213506825589342,Low
PRV51601,0.051387835,0.0,7.363916330907387,1.866673000373851,Low,1,0.08096649134807465,6.716831673037031,Low
PRV51602,9.806911,0.0,12.90262535545489,8.129112073116652,Low,12,0.14891724083660984,13.17605409148775,Low
PRV51604,98.72969,6.42302906943842,16.644709279671755,55.13177986315645,Medium,73,0.23263424511345854,49.90877195716756,Medium
PRV51605,0.3439893,0.028802969755954238,8.230514529501907,2.236824031138852,Low,10,0.15981451759807686,9.283254349130337,Low
PRV51606,2.3537443,3.3567453803716183,10.803450892349712,4.7169212023890115,Low,12,0.12526183840440142,10.167782561102351,Low
PRV51607,0.65577686,5.079438073761225,6.43491729499094,3.2064772713529277,Low,1,0.18219020336899472,10.306612042313736,Low
PRV51608,3.724589,6.30525282824082,10.874975347621325,6.157351598675925,Low,10,0.16941140002627952,12.279048325398357,Low
PRV51609,12.330348,2.9986533351975986,10.948960669470747,9.652077508582858,Low,14,0.19705678295608053,15.55700875138223,Low
PRV51610,2.3951488,1.3872255476828526,21.39455392348606,6.893019244852165,Low,3,0.16893902574185504,12.593720679796567,Low
PRV51611,0.009724736,0.0,3.799569052725286,0.9547546312881635,Low,1,0.09344319273227131,6.405360657056081,Low
PRV51612,2.7199843,0.09586846012445885,15.591085663416015,5.281730677377123,Low,6,0.1746040224048524,11.69477045588539,Low
PRV51613,0.3387691,1.220196818531679,9.02563974105268,2.730843693924601,Low,5,0.1478243531526593,9.180714659033631,Low
PRV51614,98.85332,0.629875801087573,18.94664043926468,54.320787690459156,Medium,156,0.21704375243689922,51.160816607322666,Medium
PRV51616,0.03493961,0.0,5.588253146117428,1.4145330912633487,Low,3,0.03424205548553105,5.229911204482875,Low
PRV51617,3.3375654,0.3076461251886865,13.63035066809396,5.153281909349714,Low,11,0.17154343882659018,11.65890156662692,Low
PRV51618,0.11630218,0.0,30.847495919826272,7.770025068611563,Low,1,0.06851645868243106,10.523004960944633,Low
PRV51619,18.408978,0.0,14.529478826282446,12.836858460843072,Low,9,0.18893602526947517,17.43937492117772,Low
PRV51620,0.21061592,0.0,18.45874387973941,4.71999392895499,Low,3,0.08582294109164201,8.895079678728642,Low
PRV51621,0.05367581,0.0,7.808935468062243,1.9790717728844487,Low,0,-0.015297445854495217,4.246686847233394,Low
PRV51622,9.014292,1.0068286808179796,10.709853426884113,7.436316408578355,Low,16,0.1680467244074515,13.299644956315746,Low
PRV51623,1.5265378,0.0,13.543253133271543,4.149082171314559,Low,7,0.16998563671681688,10.807766998588617,Low
PRV51624,0.029219877,0.0,7.014162586492938,1.768150585110645,Low,0,-0.027833046144825346,3.7706271057885647,Low
PRV51625,0.22720106,0.0,15.609400681731033,4.015950700163078,Low,4,0.10263553577272688,8.869561140049484,Low
PRV51626,0.1459731,29.653540581027976,8.528818581422474,9.618576341241752,Low,1,0.20084008339380466,15.283681739688515,Low
PRV51627,1.7738767,4.5783030007768435,10.423562497470968,4.637404708073305,Low,4,0.20099636002844445,11.88149273492445,Low
PRV51628,0.316024,0.0,12.094461079863498,3.181627272672402,Low,2,0.11909956990979209,8.663177758706286,Low
PRV51629,12.65933,0.15372622696887644,28.743987031730324,13.554093498695796,Low,22,0.1869114554272785,18.2373918840427,Low
PRV51630,0.019176709,0.0,10.67728860653637,2.6789105059012726,Low,2,0.08451422151561672,7.405189052277219,Low
PRV51631,0.025488611,0.0,7.5141625864929384,1.8912849522785948,Low,0,-0.014430507856667996,4.207948616121193,Low
PRV51632,0.9361305,1.5701756739471557,9.85723407751288,3.3249176997058294,Low,6,0.11954516978691854,8.882537691388034,Low
PRV51634,3.7729747,0.0,7.852530917093794,3.8496200940424306,Low,14,0.17262569907174108,10.855228888804803,Low
PRV51635,0.14456071,1.2016347969032277,6.59707357350089,2.0219574473988695,Low,1,0.19221976776396166,9.740208497070258,Low
PRV51636,13.147114,0.12422575686129747,16.439457148392524,10.71447762633787,Low,36,0.24306540600303772,18.09665338966046,Low
PRV51637,0.35768458,2.5777706872855797,9.46202466706381,3.1887911298232714,Low,8,0.1798575735521477,10.421039620636044,Low
PRV51638,0.118153125,0.08729055643675446,13.965414626579802,3.572252858277981,Low,3,0.10565515407623216,8.61123672073255,Low
PRV51639,3.1779056,0.0,15.043656928667543,5.349867011936784,Low,12,0.19282545569020482,12.380915368436469,Low
PRV51640,0.8025201,0.0,11.442734015064367,3.261943551917108,Low,3,0.07662238934209642,7.633403036262214,Low
PRV51641,0.14439222,0.0,9.806184522123502,2.523742241613906,Low,1,0.02675049150415776,5.756398006459466,Low
PRV51642,0.3270586,0.0,10.782031829527384,2.8590372640320076,Low,3,0.1338156089478333,8.849749696246219,Low
PRV51644,0.11875938,0.14128115078894754,7.150193732597226,1.8822484102419712,Low,4,0.14076416548635073,8.374885441084452,Low
PRV51645,0.041570593,0.0,6.510621939869704,1.6484407813032425,Low,0,-0.025303470013458507,3.7531015423263288,Low
PRV51647,0.48748115,0.0,17.87655900852902,4.712880325657684,Low,6,0.161401452512684,10.950686644114509,Low
PRV51650,2.058617,0.0,7.793135118698896,2.9775923371851,Low,4,0.053260492257584224,6.849154325590469,Low
PRV51652,0.48287824,0.0,14.412359338006436,3.8445289534829703,Low,5,0.09964890664139281,8.698166116792162,Low
PRV51653,0.08899499,0.0,5.977011930293098,1.538750476227764,Low,3,0.08158891445549132,6.557283782029433,Low
PRV51654,0.04092775,0.0,3.7854064662323474,0.9668154911216617,Low,0,-0.03043180580794147,3.1416087305962197,Low
PRV51655,0.024849435,0.0,15.84749591982627,3.9742986976138357,Low,0,-0.024595550624874396,5.399748565516195,Low
PRV51656,0.17365722,0.0,6.894571419020792,1.810471466546332,Low,1,0.0587239661877863,6.094768054798485,Low
PRV51657,0.12835523,4.381481704218996,6.896243879739409,2.8836090134202883,Low,1,0.05309506805513087,6.698495207226524,Low
PRV51658,0.0429312,0.0,7.528325172985878,1.9035468927833652,Low,0,-0.0017218917915945986,4.549479651858234,Low
PRV51660,0.020683365,0.0,8.34218494989142,2.09588791994419,Low,0,-0.03779342806562175,3.7390953911377367,Low
PRV51661,0.22763123,0.0,16.505080600434134,4.2400857631995255,Low,21,0.10174209075436202,9.459424533527214,Low
PRV51664,0.045512326,0.0,6.2665230175750954,1.5893869174246367,Low,0,-0.027191024301350508,3.6623125981630964,Low
PRV51665,0.1474296,0.0,6.31891447146576,1.6534434180454447,Low,1,0.06567459753218075,6.166945082720158,Low
PRV51666,0.023770621,0.0,7.503540646623234,1.8877704721790205,Low,0,-0.07173786581771441,2.7041171558705224,Low
PRV51668,0.41537717,0.22412969924580461,12.952014270018644,3.501724577239856,Low,3,0.06369505291759625,7.462571914067871,Low
PRV51669,0.0883784,0.0,7.000414418065101,1.794292804321535,Low,7,0.09021906903657873,7.069643745496791,Low
PRV51670,3.4897418,0.0,15.671780717926758,5.662816080589478,Low,45,0.1200329213077378,11.578824820353258,Low
PRV51671,0.17738855,0.0,6.382678411319846,1.684363877255468,Low,5,0.04829569161285041,5.840669321101689,Low
PRV51672,0.009598262,0.024762373159861573,10.851744695774153,2.723925898071868,Low,1,0.042366225328118845,6.305636596585084,Low
PRV51673,8.405742,1.8957432012998483,20.79702020570071,9.876061697544817,Low,16,0.13435471101807628,14.124783796277924,Low
PRV51674,0.0420492,0.0,11.910406466232347,2.9986262162294506,Low,0,-0.03759050829132726,4.376328408201841,Low
PRV51675,1.4074918,0.0,6.398296491339626,2.3033200244195315,Low,5,0.11460695846787317,8.011199563521831,Low
PRV51676,14.513143,0.05996463335795741,9.688052381714755,9.693575546645375,Low,14,0.22442288523420817,16.303010360624008,Low
PRV51678,0.58470494,0.0,7.487571908846896,2.1642454449870687,Low,6,0.07706747290120308,6.957211830787397,Low
PRV51679,3.4930973,7.793902059373418,19.874528889901686,8.663656389967702,Low,4,0.18856267214103584,14.374123962349671,Low
PRV51681,2.0763333,8.749094447079827,7.60723407751288,5.127248773337202,Low,5,0.23197508454814297,13.062827768682727,Low
PRV51682,0.9059951,0.0,5.499435604068034,1.8278564364841563,Low,1,0.12500564434909134,7.843423291441046,Low
PRV51685,0.90905297,0.12146126787793875,11.648658416806759,3.397056405183778,Low,2,0.09259036162017731,8.119474573410251,Low
PRV51687,0.041982014,2.0682287611408943,25.712695072768714,6.966221965343499,Low,2,0.020882679816449312,8.739251124710176,Low
PRV51688,0.023706637,16.990871586534087,8.0803400819182,6.279656235774523,Low,2,0.17942830031706836,12.41232502069138,Low
PRV51689,0.016952662,10.455300492601758,5.014162586492939,3.8758421006723767,Low,0,-0.06704207226721604,4.218790412424813,Low
PRV51690,6.599021,0.0,10.129707976518354,5.831937473102977,Low,25,0.1801124926221016,12.734296417158983,Low
PRV51691,0.22329088,0.39784961765809884,18.218864766029792,4.765824033699015,Low,10,0.06643207420538111,8.607067064123337,Low
PRV51692,0.06389423,0.0,9.317510474796114,2.3613247322725797,Low,0,-0.0023058744893898475,4.8546246228682195,Low
PRV51693,0.58212674,1.4806156429442079,20.220129902314486,5.716249754635139,Low,8,0.08336833970620983,9.662379877198632,Low
PRV51694,0.26826808,0.0,10.018702803421373,2.638809740138142,Low,0,-0.00892052001295024,4.875569817450793,Low
PRV51695,43.120132,2.017248837748398,29.894441657095566,29.537988846855523,Low,36,0.12795637163745965,28.25741815504613,Low
PRV51696,0.03213428,0.0,4.5010947904162,1.1413408374084133,Low,1,0.020327561861660626,4.620445396178833,Low
PRV51697,0.27027825,0.0,11.323476579920557,2.966008267585463,Low,12,0.07430424043479689,7.607126869038471,Low
PRV51698,0.042401932,0.0,5.323311617367378,1.3520288704318084,Low,1,0.02819396712464539,4.97401565618996,Low
PRV51699,1.5849726,0.0,22.19272983916109,6.34066876979546,Low,20,0.10157246474098824,10.898543040109747,Low
PRV51702,0.044757817,0.0,4.278325172985877,1.0919602017167422,Low,1,0.034863007891864695,4.966686977081363,Low
PRV51703,0.02336058,0.0,8.764162586492938,2.2027209367261933,Low,0,-0.09564263121510275,2.298311604924376,Low
PRV51704,0.067603804,1.6642469831003925,2.514162586492939,1.0784042944838754,Low,0,-0.09621114629326499,1.4963956683716146,Low
PRV51705,0.06561283,0.11113761416566882,7.5141625864929384,1.9391314652754783,Low,0,-0.10977628647935783,1.7435172960006318,Low
PRV51706,0.11128564,0.0,7.535406466232347,1.939494437452805,Low,0,-0.0841174024858895,2.4159976666368443,Low
PRV51707,0.065064475,0.0,5.745381985189981,1.4688777337676453,Low,0,-0.024679284234908117,3.643760189256601,Low
PRV51708,0.06641618,0.0,5.639162586492939,1.4429987374352027,Low,0,-0.07609530746885751,2.2786181637840883,Low
PRV51709,0.04604731,0.0,6.2641625864929384,1.5890643022613333,Low,1,0.02495056293180664,5.054967878663923,Low
PRV51710,0.7711032,0.0,21.82670786114794,5.842228566935316,Low,13,0.17708059953321087,12.339921242318173,Low
PRV51711,0.15513617,0.0,15.014162586492938,3.8311087306247757,Low,1,0.029176456481336932,6.735111382999076,Low
PRV51712,0.03745299,0.0,5.8899836793050895,1.4912224139895471,Low,1,0.0015029863682163302,4.372185378359996,Low
PRV51713,0.05111792,0.0,6.092542386598146,1.5486945563422532,Low,1,0.015557418498866271,4.78062202341929,Low
PRV51715,0.7766744,41.716819563510406,13.015447897417912,14.071404060151666,Low,3,0.1909213729436814,18.194496302360392,Low
PRV51716,1.0265143,0.0,12.677243289549391,3.6825679682690007,Low,6,0.07483360236394065,7.961513364143174,Low
PRV51718,0.020117404,0.0,5.702894225711164,1.4357822583974742,Low,1,0.02669794493568245,4.993449372801512,Low
PRV51719,0.053312693,6.3394890767897545,6.896243879739409,3.3355895855279027,Low,1,0.0008210716826561049,5.645377202921569,Low
PRV51720,0.11178481,0.0,5.702894225711164,1.4816159605966353,Low,0,-0.01426765175965905,3.9254469202082793,Low
PRV51721,0.17247923,0.0,10.046028406102051,2.5977467151181375,Low,0,-0.0119704621957335,4.766921549814335,Low
PRV51722,0.032910343,0.0,0.014162586492938941,0.019995818253021228,Low,0,-0.07371485703538211,1.3448805382360849,Low
PRV51723,0.20836797,0.0,4.637469398697042,1.2635513364572881,Low,1,0.05063282272132952,5.499947505344377,Low
PRV51724,0.030605659,0.17243184209409998,6.370381985189981,1.6510062862654287,Low,2,0.03991824126971022,5.517304803041304,Low
PRV51725,0.038508918,0.0,6.271243879739409,1.5870654290030315,Low,0,-0.09541725158509018,1.8732573754788535,Low
PRV51726,0.5483852,0.0,8.78740801544589,2.4710446053038093,Low,2,0.0730631867583178,6.95968208726295,Low
PRV51727,0.054375052,2.063840324441364,4.223317012638423,1.5989768604959904,Low,0,-0.0010722175140246426,4.353301171908236,Low
PRV51729,0.15428624,0.0,8.81167380475224,2.280061568973514,Low,2,0.03500349129504954,5.828884037230919,Low
PRV51731,0.22100946,0.0,6.906744692224634,1.83719090459207,Low,3,0.08603350070919302,6.882633924373373,Low
PRV51732,0.2744706,1.504409646564004,6.995381985189981,2.2621832066912813,Low,2,0.08699990284966841,7.178601260733832,Low
PRV51733,0.019141598,0.0,5.014162586492939,1.2631114454598833,Low,0,-0.10818037563529959,1.312113877879866,Low
PRV51734,1.2073443,0.0,4.455357504147614,1.7175115228340836,Low,2,0.03616128150867037,5.465431462893241,Low
PRV51735,0.15069212,0.0,6.952894225711165,1.8135696165250088,Low,0,-0.07380441381044894,2.598035936812162,Low
PRV51736,0.1531052,0.0,5.692169920207796,1.4995950797204518,Low,0,-0.004050588968779245,4.20570482658947,Low
PRV51737,1.4773707,0.0,14.684868361280046,4.409902459811589,Low,18,0.14322532339345329,10.584561040931842,Low
PRV51738,0.1606349,0.0,10.76554831609737,2.7717045315742768,Low,1,0.010667838034896793,5.508628947780829,Low
PRV51739,0.19735047,0.0,6.5574791094254525,1.738045013462282,Low,6,0.05636990544907938,6.1166246801732616,Low
PRV51740,0.20453385,0.0,9.697378015197543,2.5266114263925026,Low,6,0.08293350272338651,7.364549661371017,Low
PRV51741,0.09363385,0.0,7.742837862697378,1.9825263921238818,Low,3,0.045848862115852596,5.931588351346542,Low
PRV51742,0.032728743,0.0,8.523499777445071,2.1472393157653196,Low,1,0.06268024855197274,6.434154523891122,Low
PRV51743,0.08923923,0.0,8.956955174809913,2.283858409823532,Low,9,0.07030024501470322,6.944186066966765,Low
PRV51744,0.066585995,0.0,9.099138105450571,2.308077523991093,Low,0,-0.05237593691121911,3.5055871092137787,Low
PRV51745,0.049637485,0.0,8.706770390752505,2.2015113403358932,Low,1,0.020448592074971628,5.3657355677892875,Low
PRV51746,0.21813968,0.0,8.773186177315582,2.3023663834488066,Low,4,0.08687946940776115,7.257265574633218,Low
PRV51747,0.1055476,0.011473874543583618,8.202894225711164,2.1063658248109154,Low,0,-0.028279974130487273,3.995668895600068,Low
PRV51748,0.2723919,0.0,6.90308631984066,1.8619675227196788,Low,3,0.047512686564373685,5.890786978420982,Low
PRV51749,0.05960961,0.5720251834350711,3.8066503459717556,1.124473687645386,Low,2,0.03462175146242119,5.009971479276176,Low
PRV51750,0.055896405,1.1314558613124313,12.556650345971757,3.4499747543863597,Low,0,-0.04890859034664885,4.395754722133759,Low
PRV51751,0.046908848,0.46546695907747904,5.014162586492939,1.3933618103864305,Low,0,-0.07063493814607047,2.3869262299552716,Low
PRV51752,0.6017262,0.0,11.830880274668639,3.2585831558444363,Low,11,0.12300145198769274,9.060881379642804,Low
PRV51753,0.038335226,0.0,7.577894225711164,1.9136411696658873,Low,0,-0.01341656427699972,4.250161848900546,Low
PRV51754,0.20554537,0.0,6.573002513297095,1.746023311229471,Low,0,-0.01006455377379517,4.220647258764655,Low
PRV51755,0.13091111,0.0,5.120381985189981,1.3455510522133278,Low,0,-0.025982502088994497,3.52328905673352,Low
PRV51758,0.12639669,0.0,6.828202045193104,1.7702488542176256,Low,1,0.0326367485616158,5.383164203695894,Low
PRV51759,0.079873644,0.0,5.323311617367378,1.3707647262496032,Low,0,-0.015834025876247104,3.8068142806925964,Low
PRV51761,0.016081639,0.0,6.018850954411187,1.5127535579198992,Low,1,0.03146356815755902,5.172181837213144,Low
PRV51762,0.033347648,0.0,7.998768722072247,2.0163660043366263,Low,2,0.011595118839958007,5.03103105539093,Low
PRV51763,0.12738015,0.0,8.635692292977932,2.222613147032649,Low,1,0.06710248506133809,6.602772516732603,Low
PRV51764,0.05970007,0.0,6.981845526032796,1.775311417414037,Low,3,0.029766312389820637,5.365197925323898,Low
PRV51765,0.07364366,0.0,6.034483007786532,1.5454425829643657,Low,1,0.007095353979723273,4.556651579295039,Low
PRV51766,0.07852629,0.0,7.1119627233686185,1.8172538249776298,Low,1,0.005274161439961622,4.6992067927331815,Low
PRV51767,0.027468504,0.0,8.453715318523315,2.127163081822909,Low,2,0.08604045539053173,7.058951013617033,Low
PRV51769,0.20848538,0.0,6.371774639528452,1.6971863497896638,Low,1,0.10015872681751226,7.101000307847494,Low
PRV51770,0.104467,0.5027623376026363,8.015680006474325,2.181844084562741,Low,2,0.06610661798400941,6.5749895086473895,Low
PRV51771,0.34270525,0.0,9.9713503669181,2.6641902166227136,Low,4,0.10085537567621639,7.876691137291385,Low
PRV51773,0.25064644,0.0,6.546028406102051,1.7618303226129686,Low,0,-0.06029213983719156,2.915820803364481,Low
PRV51774,0.040749367,4.834354157738763,5.024784526362644,2.4851593546886006,Low,1,0.023591685283695152,5.64663375243711,Low
PRV51775,0.34403166,0.0,7.274421469581911,1.990621198269921,Low,3,0.07916600703030552,6.810116556743286,Low
PRV51776,0.5730507,1.2839328617528059,16.816611510172624,4.811661431869526,Low,6,0.04449894844016655,7.957153972330785,Low
PRV51778,0.036232796,0.0,9.223317012638422,2.3239456509427656,Low,0,-0.07686240802109517,2.8751840590969593,Low
PRV51779,0.05585606,0.0,9.277578954886952,2.347322768840084,Low,4,0.06196503387334529,6.6360122457927835,Low
PRV51780,0.23829354,2.497502108105689,20.078329368205825,5.763104640806871,Low,1,0.05117417556425785,8.663817493416417,Low
PRV51781,0.13434362,0.0,13.37284526362643,3.410383127964103,Low,1,0.016035725172328985,6.096334978553233,Low
PRV51784,0.07753567,1.0173291958548563,10.836822797139735,3.00230583151133,Low,2,0.0437523166540662,6.563661810181362,Low
PRV51786,0.18966258,0.4613797615278467,9.796028406102051,2.6591833297683447,Low,0,-0.016619171176770642,4.688137612256289,Low
PRV51787,0.0331146,0.0,5.8899836793050895,1.4890532202895912,Low,0,-0.06292928916202117,2.6557872677667036,Low
PRV51788,1.5145274,0.0,16.07002450767053,4.774769846953186,Low,15,0.0716228485853283,8.883548232115164,Low
PRV51789,0.35025364,0.0,10.728526429843171,2.8572584282634814,Low,1,0.09649888079264024,7.81716799888704,Low
PRV51790,0.11616202,0.0,7.054621766269377,1.8217364500612445,Low,6,0.0679441690790693,6.478437941700468,Low
PRV51792,1.0377358,1.4534379720107764,17.19992909910116,5.182209677686278,Low,6,0.06267289257349362,8.692669248974598,Low
PRV51793,0.17822471,2.3654998392041477,18.781434872334398,5.375846034189759,Low,4,0.1137954469455904,10.113861684343476,Low
PRV51794,0.06919566,0.0,8.408419565705206,2.136702720410562,Low,3,0.03475483107809363,5.748863936572239,Low
PRV51795,3.4582999,0.15192332993214056,12.683742699523867,4.9380664449937015,Low,2,0.07836784145845166,8.825571788364254,Low
PRV51796,0.028710883,0.0,5.014162586492939,1.2678960881786157,Low,0,-0.047871596656062554,2.8954674165401277,Low
PRV51797,0.081626736,0.4613797615278467,12.849138105450573,3.3684428345584303,Low,0,-0.02094676381228394,5.071242489626885,Low
PRV51798,0.06654686,0.4613797615278467,13.455357504147617,3.5124577450973784,Low,0,-0.006385233025148818,5.553544336446606,Low
PRV51799,0.03861915,0.0,6.723317012638422,1.7001388278977503,Low,0,-0.03882984216695512,3.4349184503680616,Low
PRV51801,0.07338218,0.0,7.167796301541698,1.8286401636148424,Low,1,0.09316017862117076,7.009665962238919,Low
PRV51802,0.13219833,0.0,9.233832426559939,2.374557273510102,Low,1,0.06502852515987301,6.65479860369252,Low
PRV51803,0.054957006,1.087135842897406,17.352806889761123,4.6374641862279535,Low,2,0.1677678125844786,10.957302381168244,Low
PRV51805,96.37589,3.3345243253334553,27.247006748584862,55.833329088059656,Medium,3,0.19537747393811145,47.5445873342254,Medium
PRV51806,0.064244576,0.6325671869290964,30.836873979956568,7.899482579620672,Low,1,0.10559134145176197,11.584934450444255,Low
PRV51807,0.82071507,0.922062594615278,28.043462762031936,7.65173887404721,Low,7,0.17997597001359755,13.521359223014876,Low
PRV51809,10.676974,0.0,27.167175470699934,12.130281015959895,Low,26,0.17231958252126323,16.965819366633102,Low
PRV51810,0.2686452,0.0,26.40305147538183,6.735085467422003,Low,3,0.1276120899658324,11.400460058725848,Low
PRV51811,5.280101,0.709765962312078,29.478243569511324,10.187052794180216,Low,15,0.20696771888080645,16.21798952310211,Low
PRV51812,0.048215773,0.0,33.34749591982627,8.360981866434873,Low,1,0.07879167395295461,11.205870754726515,Low
PRV51813,0.6408535,0.053925715508024566,25.349138105450574,6.6711927173436845,Low,10,0.1879432583749634,13.124245456755197,Low
PRV51815,0.09773122,0.0,10.099138105450573,2.5736501352336263,Low,0,-0.01847095537571325,4.5797502621220705,Low
PRV51816,1.1073011,0.0,25.305367523936695,6.879992438979016,Low,7,0.15501541170185207,12.327205568643855,Low
PRV51818,93.659065,0.0026334645112812394,27.624840706431158,53.736401166026624,Medium,29,0.17105872460669036,46.13760769920295,Medium
PRV51819,0.07538617,0.0,15.88998367930509,4.010189003112558,Low,2,0.06428565050208734,7.807124191856628,Low
PRV51820,0.12342975,0.0,21.046028406102053,5.323221977968661,Low,5,0.11623247995324104,10.167717283471294,Low
PRV51821,1.9387027,0.8641635130780416,25.129361739435378,7.467732664389494,Low,10,0.19497471493954577,13.86603758744673,Low
PRV51822,0.07406132,0.0,2.514162586492939,0.6655713062392282,Low,1,0.025847708451980256,4.432026718910051,Low
PRV51823,0.27355862,0.0,19.995055356707116,5.135543147495871,Low,8,0.12625853666837172,10.37954745019035,Low
PRV51824,1.5195284,0.32922096611139495,26.801044884159037,7.542330657056134,Low,9,0.13728854224934361,12.380114813076819,Low
PRV51826,96.75749,0.9132258899791387,29.290957011893358,55.92979175818297,Medium,21,0.19883700802533677,48.185967555662984,Medium
PRV51827,4.361845,0.0,26.012563444023662,8.684063369245662,Low,18,0.15659162155160056,13.92665169095477,Low
PRV51828,1.0073497,0.0,26.86952119421872,7.221055163323662,Low,11,0.1414858919834956,12.31887783972075,Low
PRV51829,0.09410672,0.0,21.932471438783903,5.5301712191448855,Low,5,0.15921863071782227,11.438757803522329,Low
PRV51830,0.5423838,0.0,21.445539234860647,5.632576703723249,Low,6,0.09791600145358226,9.9312455267061,Low
PRV51831,0.05113398,0.922062594615278,30.847495919826272,7.967956618166342,Low,2,0.11917060319887851,12.015469271762218,Low
PRV51833,0.1389839,0.0,28.11220590152731,7.097543428039527,Low,3,0.09431325247401989,10.781798418515336,Low
PRV51836,99.21991,2.9509685533541807,31.18965527569123,58.14511079124573,Medium,160,0.12795430728182589,51.611208493338545,Medium
PRV51837,28.700617,4.792237017613365,9.798568157184992,17.998009711973516,Low,22,0.20056959054389978,21.70595696026276,Low
PRV51838,0.90164274,0.0,9.008060576138046,2.70283651392091,Low,17,0.10881631531184022,8.461302137081226,Low
PRV51840,92.09636,0.0,14.408450807914964,49.650292328443584,Medium,43,0.21717576097202973,44.86137124292064,Medium
PRV51841,38.27763,7.808065846337439,11.110328744529838,23.86841357386428,Low,11,0.22958862562236448,26.28019512271741,Low
PRV51842,99.71348,0.7504102218163989,18.87851926318544,54.76397141543991,Medium,128,0.1953742544193504,50.15165731456272,Medium
PRV51843,0.11029914,0.1654620241784525,13.875879316778844,3.5654849053467843,Low,5,0.06479638165047374,7.589748666327056,Low
PRV51845,4.4724793,8.463260603718641,11.837013732463495,7.311308255752687,Low,13,0.1935773706864582,13.800468980851273,Low
PRV51846,0.31744853,0.07152854838009272,12.186709866043792,3.2232838669164035,Low,4,0.17477160963444716,10.204556960608663,Low
PRV51847,0.046650864,0.0,7.653230641650864,1.9366330925046673,Low,3,0.08269123795674482,6.8646809223573415,Low
PRV51848,0.16378663,0.0,7.752903105755453,2.0201190938402727,Low,4,0.10753588582939555,7.600861221945646,Low
PRV51849,2.9016101,0.0,10.897688243960573,4.1752271290061955,Low,10,0.1381373893436485,10.07222656837906,Low
PRV51851,96.96938,3.563248830190719,16.653198645796767,53.538803488869924,Medium,80,0.23466275177030438,49.03475194942495,Medium
PRV51852,1.6798904,0.0,7.200112259499285,2.639973261980229,Low,2,0.052513766253128535,6.539566537829167,Low
PRV51855,2.0959823,2.370748777113918,13.955627485736176,5.129585222290587,Low,24,0.20494204735120236,12.86630324616769,Low
PRV51856,0.15381193,0.0,8.129638528318884,2.1093155978847746,Low,8,0.08488773544819472,7.177331976304728,Low
PRV51857,96.84774,2.405635995180677,20.467045557581095,54.142040474860366,Medium,27,0.19851298115060156,47.08712643928136,Medium
PRV51858,0.1662162,0.0,7.097104958988947,1.8573843370620713,Low,4,0.13683080438272732,8.254432119666557,Low
PRV51859,0.09933505,0.0,8.420935674880967,2.1549014447567427,Low,6,0.06931737249775893,6.747629415740283,Low
PRV51860,12.6167,1.4680794014938106,19.213808110375236,11.47882196417942,Low,66,0.16661881337744355,17.434271485020837,Low
PRV51861,0.14305687,0.0,7.2296166956366035,1.8789326086625688,Low,1,0.010704177560990624,4.884640645674736,Low
PRV51862,0.96556145,0.082138803688121,14.510621939869703,4.1309709106533266,Low,8,0.16263019135776235,10.629232540039792,Low
PRV51863,63.83049,0.0,14.619075539316285,35.57001394098141,Medium,24,0.20413277792089102,34.15340164044048,Low
PRV51864,7.2955093,0.8726889823289468,17.949518416281062,8.353306518841956,Low,10,0.2211450603290367,15.171565137280451,Low
PRV51865,0.96634233,0.0,7.389903820729702,2.3306471201718972,Low,2,0.0806468596201042,7.060085297518551,Low
PRV51867,0.18400398,0.0,7.653206599434437,2.0053036393424426,Low,15,0.0947629797962809,7.551160434052802,Low
PRV51868,99.76315,2.35801292647392,23.85524807399607,56.43489178820344,Medium,99,0.20582787138801295,50.81664799178803,Medium
PRV51869,0.27063823,2.503177341127441,6.572403573981692,2.4042143425086673,Low,3,0.16482061853241137,9.343660833008837,Low
PRV51870,0.18506601,0.0,6.768899059190921,1.7847577720618675,Low,5,0.12459919950941334,7.909988499585975,Low
PRV51871,0.1354301,0.0,7.550623265854814,1.9553708652536814,Low,1,0.012816021822268597,4.99347474324259,Low
PRV51872,0.64718306,0.0,7.454436019709158,2.187200535250318,Low,1,0.04232638624118923,5.928885115158137,Low
PRV51873,96.602806,6.8560802694086975,12.305666036843705,53.0918396222174,Medium,32,0.22650315567900903,47.21951681887463,Medium
PRV51874,0.9987497,0.0,8.306743668395432,2.5760607537821314,Low,3,0.06208758883607113,6.772493963496993,Low
PRV51875,0.026212307,0.0,5.014162586492939,1.266646799969833,Low,0,-0.11907191123141625,1.0292458742139157,Low
PRV51876,76.7432,0.0,15.244247457359233,42.182662969076134,Medium,21,0.1850585282534909,38.20200081744877,Low
PRV51877,0.1320565,0.0,3.7854064662323474,1.0123798688020824,Low,0,-0.0507542945886752,2.6410834744942475,Low
PRV51878,0.05592083,0.0,5.423747959913135,1.3838974059078397,Low,1,0.06779759220567239,6.033882317129157,Low
PRV51879,1.532444,3.5751857564066016,22.762984297834375,7.350764513682314,Low,10,0.15089295470012365,12.629280419738913,Low
PRV51884,11.487353,5.452939698238254,8.8843522118772,9.327999639973932,Low,7,0.23005703910465036,16.006794586110196,Low
PRV51885,0.5079011,0.23992473503772238,13.132466115347746,3.597048248847435,Low,5,0.10107411978149072,8.562268182076604,Low
PRV51886,0.16446649,7.1703824272202645,21.711891402185984,7.302801700042125,Low,0,-0.01721641954238612,7.923023413173873,Low
PRV51887,0.032026988,0.0,5.014162586492939,1.269554140384655,Low,0,-0.09882209873890507,1.5617973175303113,Low
PRV51888,0.024519246,0.0,4.514162586492939,1.1408002696590234,Low,0,-0.052513887456620834,2.6848789229692214,Low
PRV51889,0.34625348,10.79256516980957,29.41040646623235,10.223869651254248,Low,0,-0.09742962338840605,7.8662990501130405,Low
PRV51890,0.19720043,0.198586220029599,10.207414049799636,2.7001002836671972,Low,3,0.1760553888278359,9.845116004904444,Low
PRV51891,0.039447293,0.0,11.680829253159605,2.9399309596326555,Low,0,-0.03518173708825795,4.398348110372954,Low
PRV51892,0.015478803,0.0,4.028325172985878,1.0148206946689105,Low,0,-0.0456637458257762,2.7761571946855126,Low
PRV51894,2.6640368,0.0,6.525601598660313,2.9634187750618066,Low,2,0.05029654914353354,6.707890460179062,Low
PRV51895,0.44125175,2.8935089148103144,15.820539234860645,4.899137914798111,Low,0,-0.028089512584875576,5.955599180371669,Low
PRV51896,0.16352846,0.4613797615278467,11.778325172985879,3.141690462270418,Low,0,-0.031113597648329494,4.646159233253977,Low
PRV51897,1.9757625,0.1775859655823109,10.986532232130116,3.778910792657019,Low,4,0.09150540832669862,8.412039685629605,Low
PRV51898,1.0170766,0.0,10.736945389032892,3.192774653017653,Low,3,0.12681587752774026,8.899982854469467,Low
PRV51899,0.32644457,0.3194646712302513,12.90314055355481,3.468873589321189,Low,3,0.060331858616500034,7.3514653121466464,Low
PRV51901,0.1638626,0.9792298265158709,5.017703233116174,1.5811645653693036,Low,2,0.06879122105109892,6.224846629781744,Low
PRV51902,0.22893625,14.352086691122823,30.035406466232345,11.211341416827882,Low,1,0.028334037870577755,11.879204093119654,Low
PRV51905,6.9238825,3.5776033243088583,26.10205791925963,10.88185655311014,Low,28,0.09589848140903035,14.143489290578017,Low
PRV51906,0.114396974,4.477536141628813,23.812556788293243,7.129721719702709,Low,1,0.003659595415782313,8.375634984087146,Low
PRV51908,0.10736868,0.0503646272134862,6.703874111159751,1.7422440235205783,Low,4,0.09867390164808576,7.174177283243255,Low
PRV51909,0.12943514,0.0,6.280685604068034,1.634888969474135,Low,2,0.025005567999281553,5.115331837882605,Low
PRV51910,0.7346557,0.08199985241734661,15.222663896816687,4.193493776444632,Low,8,0.09325379748711882,8.855435635528728,Low
PRV51911,0.21356165,0.04909883520476825,19.58290965227043,5.01478294891424,Low,12,0.08206616153050172,9.244620446190268,Low
PRV51913,0.081955165,0.0,2.514162586492939,0.6695182289587068,Low,0,-0.11990562086776196,0.5894138670355749,Low
PRV51914,0.019686228,0.0,7.798085659737422,1.9593645287665313,Low,0,-0.018165413612399484,4.157755097509019,Low
PRV51915,0.17133746,0.0,10.197044571682918,2.634929870676276,Low,3,0.047540976580168426,6.432601780194119,Low
PRV51916,0.21336968,6.2443357407725255,27.92787244073593,8.649736886592724,Low,4,0.03947801514829863,10.458574199777104,Low
PRV51917,0.07503383,0.3570243533633853,12.600338757624396,3.2768576920550165,Low,1,0.0035995383178097917,5.67705675412965,Low
PRV51918,0.015681913,0.0,2.514162586492939,0.6363816031845021,Low,0,-0.11396978094984417,0.7217287978763951,Low
PRV51919,9.505376,1.7422995830594579,30.452073132899017,12.801281110050411,Low,6,0.21984374209420754,18.14367211268024,Low
PRV51920,85.43352,0.6725357724345078,16.370381985189987,46.97748816743347,Medium,9,0.19780532414173624,41.57017873977572,Medium
PRV51921,0.8264955,3.2887523300699857,19.402609336131167,6.0860881806608536,Low,3,0.09574282619949503,10.111232545018499,Low
PRV51922,0.14282212,2.677505202062336,25.33090638101159,7.0735139540751755,Low,1,0.054703079727657866,9.673556285941341,Low
PRV51923,0.30201107,0.595551000596441,11.398039975104677,3.1494032802431047,Low,0,-0.008433113500711686,5.245754653364694,Low
PRV51924,0.17804709,2.101495301401064,18.675692955124834,5.283320609515881,Low,3,0.06927871105888816,8.85597304357342,Low
PRV51925,0.11727354,2.21378943435437,14.661227559044496,4.277391018002083,Low,0,-0.002057315348404254,6.2023829190806214,Low
PRV51926,1.1743952,0.0,8.12367120375241,2.618115402733299,Low,4,0.07643078804881398,7.204549287867895,Low
PRV51927,3.4253116,0.00850229923792378,26.979850910676795,8.459744085178265,Low,5,0.1415771231765689,13.02727638710175,Low
PRV51928,0.10870513,0.0,8.723317012638422,2.2351818197594513,Low,3,0.08666621290095666,7.177803725102812,Low
PRV51929,6.0468884,0.7679911744575352,8.062075882489088,5.230960939956871,Low,21,0.1836530215997597,12.29898712046876,Low
PRV51930,0.04991169,0.0,5.014162586492939,1.2784964911298562,Low,0,-0.04359058872627353,3.015044021512131,Low
PRV51931,0.28464523,0.0,6.992055817695355,1.8903365692128478,Low,2,0.09376231936952573,7.0954743154894135,Low
PRV51932,2.6484632,3.6712640855802983,7.530095496297495,4.1245715200727195,Low,4,0.1975940604839903,11.433374091152542,Low
PRV51933,0.085306436,0.0,7.0854408562095434,1.8140134319641061,Low,4,0.09695506984440339,7.179384918976383,Low
PRV51934,0.20337754,0.0,6.1374361453267285,1.6360478087716388,Low,10,0.1092251054981791,7.53734030223346,Low
PRV51935,1.7153461,0.10461753638156543,8.821973565140249,3.0893208243535373,Low,7,0.1661619221058327,9.965758167783925,Low
PRV51936,0.04884283,0.0,6.3881509731720145,1.6214591576534076,Low,1,0.04081347660112222,5.49323006866011,Low
PRV51937,0.084848076,0.0,6.827968671589048,1.7494162059498208,Low,10,0.06043010915676128,6.338338631379374,Low
PRV51938,0.73529685,0.0,9.93171851183262,2.8505780506762033,Low,13,0.17140112500975102,10.096971721001257,Low
PRV51940,99.82869,0.0,24.214456598149752,55.967958937135094,Medium,198,0.2048157518945788,53.12099702470396,Medium
PRV51941,0.23599201,0.09212551751700407,8.043682099003858,2.1519479113342714,Low,3,0.1484787096148391,8.738939545285486,Low
PRV51942,0.12807004,0.0,6.589869309738693,1.7115023482033156,Low,5,0.13357592455475853,8.093887139913223,Low
PRV51943,0.3550388,0.0,7.572803865039523,2.070720362207337,Low,8,0.1472916029910467,8.785207942578857,Low
PRV51944,6.05353,0.3123363283403241,8.952209011253654,5.342901443007015,Low,16,0.19300474011992086,12.488119017752005,Low
PRV51946,14.5102215,0.0,11.712215698005998,10.18316466516312,Low,28,0.20020767048637345,16.387157461910416,Low
PRV51947,0.1608595,0.7803051395187401,6.475802798133151,1.894456732113664,Low,1,0.1838122350523369,9.43069258945852,Low
PRV51948,99.70049,1.1443439397068993,18.051983175721308,54.64932820830041,Medium,169,0.22585287286086841,51.970574692576875,Medium
PRV51949,46.128925,0.0,11.90005900308157,26.039477412513556,Low,20,0.2329952516497351,28.130799307901352,Low
PRV51950,0.25862715,0.05358397839499682,8.36470595192112,2.233886055820263,Low,8,0.17313619180805417,9.576515420643268,Low
PRV51951,59.340523,0.24780800227040992,18.821641933279558,34.43762386694413,Medium,51,0.19833129914398528,33.93357030541566,Low
PRV51952,0.0408839,0.0,5.564082686788189,1.4114626210645704,Low,0,-0.0033254633349329987,4.1630093664724,Low
PRV51954,29.993078,0.14153851549022134,9.553172903078924,17.420216970548047,Low,70,0.23861716763949858,23.586885085884226,Low
PRV51956,0.6228275,10.632263258052758,11.142459482477893,5.755094420283953,Low,4,0.14404895972670873,11.171934588335379,Low
PRV51957,16.092283,0.0,13.982018208588162,11.541646176597723,Low,28,0.1842778217139709,16.920755124130917,Low
PRV51958,0.27775973,0.0,5.4496228775306035,1.5012855847905946,Low,2,0.09376199273974883,6.82313006915794,Low
PRV51959,6.504848,0.6326206952553919,22.680729120279732,9.080761455577507,Low,70,0.15131102742508096,15.461969445261051,Low
PRV51960,44.120426,0.7726290441178941,17.107314189113243,26.53019889729704,Low,21,0.19413438894560708,27.483050617269573,Low
PRV51961,0.4157298,0.0,11.057581832718775,2.9722603536426835,Low,12,0.13730963673185115,9.262155158897922,Low
PRV51963,0.11141882,0.0,10.040551175644548,2.5658472043699403,Low,3,0.09396314703621766,7.600438797102146,Low
PRV51964,0.1274069,0.0,5.173491684538503,1.3570763687149632,Low,1,0.005998311237573328,4.396054268769032,Low
PRV51965,0.062756,0.0,8.095299535746394,2.0552028849112536,Low,1,0.03709811189552792,5.699513403325597,Low
PRV51966,0.064277954,3.3958181289112677,7.524784526362644,2.7622896410182705,Low,0,-0.020534660830302365,4.657731766529909,Low
PRV51967,0.3311187,0.0,8.454366270431692,2.2791509190521673,Low,4,0.12201273671046498,8.161456415858158,Low
PRV51968,0.06324207,0.0,2.5035406466232346,0.6575061968442452,Low,0,-0.0648998762529206,2.0220777704874817,Low
PRV51969,0.17412554,0.0,8.612117104358031,2.240092044727642,Low,6,0.10748645552958236,7.807238559137745,Low
PRV51970,0.5593984,0.25612157365793964,9.508775926204253,2.720923581317782,Low,4,0.12216041406425115,8.474566216210569,Low
PRV51972,0.20657827,0.0,8.40462951659845,2.2044465139500464,Low,5,0.07495244388451683,6.9030961874585,Low
PRV51973,0.31030184,0.0,10.82827730644669,2.8622202467643367,Low,9,0.11164023543047907,8.432088342701125,Low
PRV51974,0.10747982,0.0,10.035406466232349,2.5625915256407383,Low,1,0.01572710173618419,5.494795361564956,Low
PRV51976,0.52079946,0.0,28.832102055405578,7.468425242864837,Low,7,0.15851484585108733,12.830788732117432,Low
PRV51977,0.112182334,0.0,30.836873979956568,7.765309662021861,Low,1,0.07750430769304284,10.755173045438898,Low
PRV51978,0.49492162,0.0,20.03540646623235,5.256312428888333,Low,4,0.11348907447244139,10.022161637301618,Low
PRV51979,91.56899,0.26468610783783714,27.86524298951969,52.816978581712426,Medium,13,0.17369389164766658,45.133519319792725,Medium
PRV51981,0.65253645,0.0,19.212695072768717,5.129441994100459,Low,5,0.08444819541722381,9.199368216837302,Low
PRV51983,0.12571281,0.0,7.416627239685955,1.9170132158949231,Low,3,0.07882800051860595,6.749735678903265,Low
PRV51984,5.382461,0.0,12.573638086013073,5.83464005701047,Low,54,0.12749911067488584,12.136315891377766,Low
PRV51987,0.03167064,0.0,8.764162586492938,2.20687596720026,Low,0,-0.1049843335150194,2.0564808039223657,Low
PRV51988,0.048320014,0.0,11.657045346797451,2.9384213437142335,Low,5,0.08684721444404753,7.728504650199533,Low
PRV51989,0.024467075,0.0,6.069752986507327,1.5296717842486278,Low,1,0.03453314194710688,5.264443065959357,Low
PRV51990,0.32895723,0.4504912451982242,19.784558571427734,5.223241069082828,Low,8,0.06870973407905012,8.933239165039229,Low
PRV51991,0.085570775,0.0,8.413596692176727,2.146184560530401,Low,3,0.08551801706425088,7.085424544720664,Low
PRV51992,0.3284205,0.0,9.279290554288183,2.4840328835852827,Low,4,0.08768863014800354,7.40563098601422,Low
PRV51993,0.08548114,0.0,6.285406466232348,1.6140921850767256,Low,0,-0.0872654663208483,2.1057412920303467,Low
PRV51994,0.111456506,0.0,9.962902122228282,2.5464537835342034,Low,2,0.07046525391120118,6.944406364028153,Low
PRV51995,3.1451688,0.0,5.330357504147614,2.905173766677162,Low,3,0.07924887881982512,7.452474477723103,Low
PRV51996,0.47418004,0.0,8.76971853826732,2.4295196559386714,Low,4,0.09041850765813675,7.438990637287806,Low
PRV51998,0.1183777,0.0,6.718904451676677,1.7389149631431873,Low,1,0.09333967826577394,6.951560957463711,Low
PRV51999,0.062280104,0.0,7.025065397825865,1.7874064012385975,Low,2,0.03922262198423132,5.59456064696855,Low
PRV52001,2.9508393,0.0,17.131754634845155,5.758358299252365,Low,100,0.15271787007444093,13.978513641133295,Low
PRV52002,97.810776,4.361099481421473,10.412394045196951,52.59876126007257,Medium,31,0.22978427918018907,46.93347709986188,Medium
PRV52003,46.229153,0.40028602696807164,17.806756279418416,27.6663369163183,Low,80,0.1919026332185022,29.803771020112762,Low
PRV52004,0.2694328,0.0,9.438349764376516,2.494303847558706,Low,5,0.08992718022335977,7.498313128567833,Low
PRV52007,0.06793905,0.0,5.878558068852651,1.503609042460975,Low,1,0.028891010198778933,5.098383314403385,Low
PRV52008,0.08788681,0.0,7.7116177045819345,1.9718478312968508,Low,2,0.04787678386843108,5.950396388693992,Low
PRV52009,0.096170984,0.0,9.26538274105344,2.364431177367652,Low,3,0.09070739269000583,7.37415144192948,Low
PRV52010,0.40275916,0.0,4.6853449023359595,1.372715807869871,Low,0,-0.04384059600070406,3.074447707990454,Low
PRV52011,0.35804302,0.0,9.957446265739383,2.668383073936448,Low,2,0.028430240758032466,5.9284992695919,Low
PRV52012,0.120092146,0.0,30.836873979956568,7.769264568038449,Low,1,0.1042031095676419,11.457412140150318,Low
PRV52013,0.349287,0.0,8.557381597886597,2.3139889011110153,Low,6,0.13312111030964746,8.530557877765466,Low
PRV52014,0.9963499,0.0,10.0275071416127,3.005051720982475,Low,32,0.11794821141654255,9.31478004401213,Low
PRV52017,13.765545,1.380550122127082,9.812661418027762,9.681075330717423,Low,44,0.20820673272180912,16.674789190160332,Low
PRV52019,99.69087,0.0,14.463115941964405,53.46121508168251,Medium,609,0.2424065512809883,63.38465888672437,High
PRV52020,98.636566,4.775336884048701,10.981044658891634,53.257378466789774,Medium,121,0.24058166195237085,50.093492608775165,Medium
PRV52021,98.89314,0.0,14.023523772589291,52.95245229324498,Medium,215,0.21660233957339947,51.77531005710539,Medium
PRV52022,0.15288267,0.0,7.143018519267861,1.8621959625148337,Low,7,0.09169651039716886,7.155882819903195,Low
PRV52024,0.11500869,5.260587055169133,7.535406466232347,3.2565027250819396,Low,0,-0.03928673585945336,4.512403213064055,Low
PRV52025,0.13668513,0.0,7.765142093729416,2.0096280899225274,Low,13,0.1157124011811188,8.049341337899815,Low
PRV52026,0.14224774,0.0,8.407959974712597,2.173113861905154,Low,3,0.09390275832161943,7.323943358888436,Low
PRV52027,4.1217117,0.0,12.24458183208622,5.12200132350007,Low,53,0.2160500197093428,13.93053109430055,Low
PRV52028,0.3830227,14.128370948716404,6.883009542136316,5.44435647060308,Low,4,0.2080241665990452,12.630477511800397,Low
PRV52029,11.014832,0.9590755897061959,8.870018916485954,7.964689398032412,Low,21,0.21885160982135643,15.134750022654664,Low
PRV52030,99.56167,0.7426768352088949,18.69280833364823,54.63970549021233,Medium,214,0.2225600680976414,53.08562567665551,Medium
PRV52031,0.3556101,0.0,9.192581845446533,2.4759505125691756,Low,7,0.16615886022349424,9.536318732569642,Low
PRV52032,95.49971,1.5544779536532298,10.133159497125268,50.67176440419853,Medium,91,0.20646726556830153,46.584444941027556,Medium
PRV52037,0.23939358,0.0,8.828243392399859,2.3267576365897833,Low,15,0.11629617722872698,8.340317398425967,Low
PRV52038,14.719358,0.918268094499574,11.424545898061337,10.445382720247162,Low,37,0.20407521422049035,16.91364498738536,Low
PRV52039,1.2987435,0.0,8.12957288805927,2.681764965217027,Low,3,0.05448187097798107,6.647227914084206,Low
PRV52041,98.64539,1.0619484069197465,22.6506434667063,55.25084465419753,Medium,196,0.12664259910357145,50.51730026056449,Medium
PRV52042,0.38848105,0.0,8.269438447494887,2.2616001372385974,Low,5,0.13145807458085745,8.423470933149398,Low
PRV52044,51.804646,0.32979294035454854,17.91636910398625,30.463863280250237,Medium,45,0.1953816499122375,30.913587451868835,Low
PRV52045,97.354706,6.6432760691965225,11.625416903349484,53.24452614840994,Medium,57,0.23821801629737227,48.30445102397107,Medium
PRV52046,0.3162007,0.0,6.373183501463245,1.7513962270570573,Low,10,0.07556187502623513,6.7361554042447125,Low
PRV52047,31.416182,1.5808214836941707,19.80223059934396,21.053853802925058,Low,16,0.2082189550461776,23.88437647588281,Low
PRV52048,0.107723884,0.0,7.939927173400707,2.038843735492425,Low,14,0.08114861458484857,7.1911158461513915,Low
PRV52049,0.19193497,0.0,6.928464892331807,1.8280837095836917,Low,20,0.10590783919562596,7.853314146544266,Low
PRV52051,0.6389743,0.0,7.390674362289686,2.167155745056217,Low,11,0.09886848502978918,7.664632759433004,Low
PRV52052,1.9699283,0.674458247778303,8.957101914211602,3.3928541728064365,Low,8,0.18119876116054046,10.59902095975345,Low
PRV52054,0.36523324,0.0,7.387522333980301,2.0294972047509496,Low,27,0.1165753311590868,8.461696183342633,Low
PRV52055,3.9027605,0.0,12.494412530056202,5.074983385352185,Low,18,0.1157696844616477,10.330818973149718,Low
PRV52056,0.3427898,0.0,8.27947672614953,2.241264081024878,Low,6,0.06041782653233363,6.574927806294373,Low
PRV52057,20.656998,0.8576158874862201,10.007564271291027,13.044793880026344,Low,20,0.2413078701953595,19.252299625830403,Low
PRV52058,0.43086103,0.0,7.238934037011048,2.0251640222770924,Low,21,0.11889256909434931,8.358297470381652,Low
PRV52059,99.4883,3.989092143163605,23.385433184297845,56.5877795862599,Medium,123,0.21728443462139313,51.86811042525239,Medium
PRV52061,0.2980972,0.0,8.464794210722703,2.2652471493012354,Low,14,0.06623486594302941,6.958879219210825,Low
PRV52062,0.19173458,0.0,6.894595604870184,1.8195161923104186,Low,16,0.09592258426174438,7.478334847493774,Low
PRV52063,97.45613,2.756867484472519,10.445135340091943,52.02856619686377,Medium,135,0.2285756557400146,49.29462264809726,Medium
PRV52064,99.328926,0.541380305247972,14.203149540498202,53.350595504649434,Medium,265,0.2269398484311782,53.66712022303316,Medium
PRV52065,98.14875,0.0,14.157939750880319,52.61386009030797,Medium,132,0.22072319834994936,49.4180682383073,Medium
PRV52066,98.852554,1.7226639107512542,27.43603019545416,56.715950687195885,Medium,131,0.14137384979138157,50.18384587031734,Medium
PRV52068,0.084796116,0.0,7.561631136558805,1.9328058420177188,Low,5,0.09169867030664358,7.151675046945657,Low
PRV52069,0.063191675,0.0,7.25165003081447,1.8445083450284752,Low,10,0.09643688771317582,7.348229548310099,Low
PRV52071,54.82728,1.655631431779937,16.2532073757223,31.890848770479074,Medium,80,0.15311963664925055,31.744869932519126,Low
PRV52072,19.696608,0.0,14.91846626033985,13.577920359945802,Low,44,0.20479973877597302,19.313322311804928,Low
PRV52073,53.792034,0.5553074470074498,16.997564380356334,31.284235031425908,Medium,32,0.21460006414254207,31.642349525645862,Low
PRV52074,8.380834,1.5871661020708985,9.814544364259053,7.0408444294792165,Low,21,0.21097394990464802,14.281675051842036,Low
PRV52075,0.08344109,0.0,8.510621939869703,2.1693760317494424,Low,1,0.03915963716122928,5.833443637903716,Low
PRV52076,3.2975097,0.0,13.790259504968565,5.096319711370926,Low,69,0.210601055346455,14.19932904578591,Low
PRV52077,98.49605,3.015908650528156,17.580360955619643,54.39709138835336,Medium,175,0.23353974786519216,52.15646794341228,Medium
PRV52079,1.0067801,3.160976509109764,13.399301965462623,4.643459692419341,Low,9,0.17751678944749172,11.40482803559259,Low
PRV52081,2.107332,2.13216618254098,9.355364011215908,3.925548544037061,Low,3,0.12111701534830333,9.26362248921776,Low
PRV52082,0.08544034,0.0,3.771243879739408,0.9855311387638163,Low,0,-0.026659575916829548,3.253536745395383,Low
PRV52084,5.6042247,0.0,14.960343270153126,6.542198158465405,Low,11,0.16795582309770674,12.53715250820541,Low
PRV52085,10.506905,0.0,8.839818058736224,7.463406815709447,Low,68,0.15583283406672044,14.394594829080532,Low
PRV52087,0.6627035,0.0,10.346653937855937,2.9180152415135447,Low,8,0.11526929616099901,8.539375434378771,Low
PRV52088,0.30891353,0.0,5.608197256014194,1.5565060784631586,Low,2,0.18976532522723388,9.376935270583848,Low
PRV52089,93.16644,4.125019844295283,17.30205268312547,51.939989567402066,Medium,25,0.23018709268684945,46.32181623082059,Medium
PRV52090,0.2884786,0.0,8.44231997939694,2.254819301299125,Low,31,0.10348326579806721,8.383810697344005,Low
PRV52092,6.207892,0.6108813316756976,10.160389832541874,5.796763761589672,Low,23,0.17062277052879649,12.407366313400692,Low
PRV52094,57.10444,10.835778622435592,11.38452473238505,34.107295229574305,Medium,9,0.2330008001874545,33.483115130222835,Low
PRV52095,0.1420579,0.0,7.161635787751991,1.861437894768198,Low,5,0.14467063918126188,8.489507776137096,Low
PRV52097,0.05314228,0.0,8.837327492880299,2.235903012913335,Low,9,0.12950751815961248,8.461763690663954,Low
PRV52098,1.2461854,0.0,8.263027240885549,2.6888495211932195,Low,41,0.12869852527261194,9.616692185375324,Low
PRV52099,4.6915865,0.0,11.800936540741759,5.29602738240834,Low,6,0.15336852089059494,11.148438193030625,Low
PRV52100,99.61668,0.09833305324261057,26.09554933632166,56.35680876267427,Medium,167,0.20500861402478632,52.56602985116559,Medium
PRV52101,0.02844957,3.5290159093582583,7.01947355642779,2.6513471518265774,Low,2,0.15448080581224644,9.218919765277558,Low
PRV52102,0.09282115,0.0,5.182346673140993,1.3419972437943195,Low,1,0.011311845751771687,4.524705933150036,Low
PRV52104,30.227926,0.3912594893235131,16.420141890490257,19.316813472089674,Low,121,0.1402083233760295,23.705458308454723,Low
PRV52105,0.5860194,0.0,7.046513980496094,2.0546381935149842,Low,4,0.10794026234950171,7.635618681780029,Low
PRV52107,7.3942738,1.1699677824875683,8.786365026899787,6.186220081314124,Low,16,0.2300895147960461,14.050010450258275,Low
PRV52109,0.47102702,0.0,9.119165409520123,2.5153048606998856,Low,28,0.12503397151442075,9.050211534625682,Low
PRV52111,2.8281589,1.197618159817891,8.43386352708336,3.821949849444429,Low,17,0.20207950747579595,11.688044546052765,Low
PRV52112,11.800952,0.0,11.98106256256765,8.895741619493231,Low,27,0.20939882805968957,15.69991095683281,Low
PRV52113,2.5069118,1.605627336314561,16.533432197857824,5.788220760847174,Low,7,0.13399875091049906,11.01235875346355,Low
PRV52114,99.67193,4.2266847286573,18.920957358233203,55.622874724603484,Medium,178,0.21866489525263155,52.705353195613625,Medium
PRV52115,43.128754,8.667801974463748,15.896742000451185,27.70551282478342,Low,23,0.21789042063547304,28.981835906074075,Low
PRV52118,9.451755,6.916821452110776,9.446238810282365,8.816642350601947,Low,8,0.23190141825866672,15.724010233441783,Low
PRV52119,89.22235,0.0,14.499801346913548,48.236125873837764,Medium,19,0.1970311909979583,42.69940032205271,Medium
PRV52120,99.68226,3.5792468814355383,11.885019268774844,53.707195840531114,Medium,244,0.22254765009549948,53.23791271538977,Medium
PRV52121,3.6252513,1.1695588172130966,9.673027961917622,4.5232723413738665,Low,9,0.16987290047269743,11.120437863440799,Low
PRV52122,0.5979174,0.0,6.312997378418658,1.877208033579045,Low,5,0.059973141988133305,6.2815928324972665,Low
PRV52123,99.47237,0.9466585721124859,22.09696305206986,55.497088572549494,Medium,166,0.20096345244483504,51.831402596731344,Medium
PRV52124,96.78243,3.546426562178052,8.433532868579203,51.386206135765484,Medium,17,0.22326556361330918,45.538068504263116,Medium
PRV52126,16.48003,0.0,15.570873426684534,12.13273338657836,Low,42,0.17973728014967982,17.59139936205255,Low
PRV52127,23.510387,0.006759702533845559,11.23107383878031,14.564652095655688,Low,5,0.21547239519729744,19.236663089579544,Low
PRV52128,17.150173,0.0,18.406969821671087,13.1768290490457,Low,54,0.18963237335035021,18.9036513541522,Low
PRV52129,13.61014,3.4349205825397333,22.803675903872257,13.364719045003877,Low,18,0.1185267352411522,16.20586474656664,Low
PRV52130,28.246986,3.0658079700968677,9.384344098204375,17.23603121165539,Low,17,0.21996708979939017,21.546530731780805,Low
PRV52131,46.889534,0.0,16.095409186348167,27.468619294878057,Low,36,0.2204635400974514,29.232415796305137,Low
PRV52133,1.0233314,0.0,9.683715841021288,2.932594662121472,Low,35,0.1536527011344716,10.280003897229781,Low
PRV52135,88.56802,0.0,23.810860514209825,50.23672696937277,Medium,211,0.21267953194574518,49.66414779593742,Medium
PRV52136,25.709015,0.0,14.273591843131076,16.42290540707183,Low,44,0.20455471844267914,21.298392660323003,Low
PRV52138,0.10246202,0.0,6.6819060642575,1.721707527812689,Low,20,0.1137130181415682,7.983335413717452,Low
PRV52140,0.17078681,0.0,10.511209178444568,2.7131957010618906,Low,1,0.07973205787280857,7.277057161041314,Low
PRV52141,22.027912,0.8410581592056064,13.76820431589923,14.6662716887225,Low,77,0.14927128320937932,19.50630767230968,Low
PRV52142,10.024065,0.0,15.219807398925209,8.8169843585814,Low,28,0.18454079284043823,15.020381321256238,Low
PRV52143,0.2892337,0.0,7.81111275085035,2.0973950448836463,Low,3,0.059864112442851725,6.379176046126583,Low
PRV52144,0.68946445,0.6457343216759831,8.020330608079407,2.511248457380101,Low,22,0.19044917283718743,10.60008352289056,Low
PRV52145,0.35228193,0.0,7.528597337754109,2.0582902984697466,Low,19,0.14605563991882875,9.039428435641986,Low
PRV52146,24.248137,1.0131996107135217,18.527827796436426,17.00932511198036,Low,25,0.19588887438838132,20.97178654272835,Low
PRV52147,94.36011,2.4328714114804977,8.663974832339076,49.954265271892396,Medium,34,0.23527663222834228,45.30675866413696,Medium
PRV52148,8.408573,0.0,17.922254836261477,8.684850284382751,Low,42,0.2035948325674738,15.802915153686072,Low
PRV52149,19.552761,1.217568987370174,9.272997129653788,12.39902206819642,Low,29,0.2152785060151241,18.359937751384905,Low
PRV52150,26.014322,2.8409511317008893,10.815554398476715,16.421287522986297,Low,51,0.21738766769407603,21.82138463469351,Low
PRV52151,89.429794,0.0,15.740578565507493,48.65004179713859,Medium,51,0.23263044785682552,44.780851801382916,Medium
PRV52152,16.51666,0.3123723202058006,17.270331400329695,12.654006275287683,Low,47,0.18680785653587917,18.275757623551016,Low
PRV52154,2.5490081,0.0,7.96163695260678,3.2649133036653057,Low,69,0.1207610128218517,10.563663141309238,Low
PRV52155,4.9048586,3.5577047048305026,12.578272919379616,6.486423700638712,Low,15,0.18730774796758354,13.112485863597033,Low
PRV52156,11.147163,5.73070932191199,8.88971673330686,9.228688209361353,Low,23,0.23304470143940037,16.44507929264975,Low
PRV52157,22.20706,6.666702791527704,14.939682808892544,16.50512633021981,Low,57,0.22864317759731445,22.336023986591233,Low
PRV52159,5.4457273,1.2088301191426432,8.423054571554877,5.130834846838198,Low,36,0.21743545818874876,13.516635240664371,Low
PRV52160,0.48394582,0.3663576422883284,7.9950472422905,2.3323241295223545,Low,5,0.14735213319957963,8.889379472376024,Low
PRV52161,0.053561207,0.0,5.510621939869705,1.4044360884209433,Low,0,-0.04156270527368816,3.156329403720775,Low
PRV52162,0.2312305,0.21426930798749688,8.24900412288629,2.2314336063985616,Low,5,0.18258981605497315,9.741933311560313,Low
PRV52163,1.7186621,0.0,7.551777516756284,2.747275450565872,Low,9,0.15067066236448612,9.374168694737289,Low
PRV52165,85.13512,3.6859444418378122,12.493958160126743,46.61253393906536,Medium,16,0.17541199648717687,40.915956887440764,Medium
PRV52166,14.927281,0.1223271400222628,9.936763759443,9.978413414716169,Low,12,0.16202547842921766,14.813982224006377,Low
PRV52167,5.1044865,2.930032581781802,8.936264362175068,5.518817468716268,Low,14,0.1980953436475963,12.690935537424485,Low
PRV52168,0.10838825,0.0,6.725388849271016,1.735541338595916,Low,5,0.11373834790724402,7.590998121365306,Low
PRV52169,0.044726446,0.0,6.891776364595378,1.7453073142843158,Low,3,0.10062793577430262,7.200668865914501,Low
PRV52170,3.0508168,3.3208430102969024,7.7508514804215976,4.293332009863768,Low,4,0.23085237536844994,12.422827011933633,Low
PRV52171,0.07605314,8.737049124835583,13.069718142048496,5.489718387994824,Low,3,0.13685356414729832,10.770816591217526,Low
PRV52173,99.80149,0.954315462040442,30.236464062778385,57.698440273050416,Medium,119,0.19399384394324948,51.92800998422172,Medium
PRV52174,0.06306632,0.0,4.396243879739408,1.130594129250438,Low,0,-0.01625020133360261,3.627791657345702,Low
PRV52175,0.4059789,0.0,7.261243328044591,2.0183002761477673,Low,21,0.09783206341397155,7.801737533830041,Low
PRV52176,9.585773,1.5124759956486198,29.493128335513923,12.544287816799425,Low,21,0.20608791864036757,18.006078348652466,Low
PRV52177,0.20855066,0.7472010652083272,10.493689780907035,2.9144980424299867,Low,6,0.18355979899343655,10.27233622865879,Low
PRV52178,99.580574,0.530467150393309,29.04940362788241,57.1852547123912,Medium,132,0.19706821303549438,51.99831748078178,Medium
PRV52179,2.1119533,6.5341495075512634,20.78082785916613,7.88472097093655,Low,11,0.17798186560748008,13.739586540073367,Low
PRV52180,1.7904319,2.1322066048799018,9.56610916648708,3.8197948713962804,Low,7,0.22880783713820263,12.118323932150881,Low
PRV52181,94.10204,0.0,18.060225946333038,51.566078062511,Medium,10,0.18185147839670002,44.39106922155549,Medium
PRV52182,7.269837,1.339379211092464,19.30632171601133,8.796343683085151,Low,16,0.14777007448990465,13.720444641054197,Low
PRV52184,0.10004586,0.0,8.806650345971754,2.2516855163997835,Low,1,0.001348470896453735,4.900461464309125,Low
PRV52185,0.46793255,0.0,11.68532387979583,3.1552972459985713,Low,8,0.06769691888193763,7.4591441702911245,Low
PRV52186,0.2724739,0.0,7.259144391391523,1.951023048603,Low,3,0.01786668668393987,5.17644278731661,Low
PRV52187,0.08997027,0.0,8.7312834675407,2.2278060010397334,Low,2,0.06765704998302302,6.647781964833086,Low
PRV52188,44.767605,0.44917651154544835,15.136166026897879,26.28013804855126,Low,15,0.2095085441251806,27.549715211136533,Low
PRV52189,0.18466471,0.0,11.77542316225046,3.0361881462406966,Low,1,0.07383345026253918,7.348616737323581,Low
PRV52191,0.21188357,0.0,8.365250456189436,2.1972544014094577,Low,4,0.0838122420135421,7.103330189112113,Low
PRV52192,2.8630826,4.492144101299235,11.364198535102519,5.395626982762243,Low,6,0.15862770585565378,11.355941084166645,Low
PRV52193,0.7341374,0.0,15.387676751327461,4.213987895774828,Low,13,0.10966439199253397,9.433943957655123,Low
PRV52195,92.386765,0.3430717792429151,26.00926015270692,52.78146524617105,Medium,10,0.20064514912137954,45.73420771052833,Medium
PRV52196,0.1201659,0.4787867371221782,7.139983679305089,1.964775553804788,Low,0,-0.041996010111847004,3.5372150586119613,Low
PRV52197,1.2807559,0.1693745346312063,33.36873979956568,9.024906522296629,Low,10,0.19706142806098104,15.010728205792326,Low
PRV52199,0.121337876,0.0,7.035406466232347,1.8195205544200062,Low,0,-0.02720850319032253,3.8229482220125854,Low
PRV52200,0.29387748,0.0,5.014162586492939,1.4004793878303576,Low,0,-0.10359106001912183,1.5285049836124394,Low
PRV52201,0.043549143,0.0,14.628558068852648,3.678914088602122,Low,1,0.03180894991923644,6.697542719934754,Low
PRV52202,0.2673335,0.0,6.384219781871395,1.7297216992367697,Low,1,0.04363101251872337,5.642829284076166,Low
PRV52204,0.082081966,0.0,9.420224735519318,2.396097166930891,Low,1,0.026355269302003603,5.656692194238029,Low
PRV52205,0.07814953,1.3445723100276155,11.285406466232347,3.196569457720653,Low,0,-0.04140992076796546,4.414825499118689,Low
PRV52206,0.03260868,0.0,4.046028406102051,1.02781144173905,Low,0,-0.021644023464274076,3.4145333028283043,Low
PRV52208,0.022896377,0.0,9.275499399776097,2.330323038628905,Low,1,0.04441554771148548,6.08380392859392,Low
PRV52209,0.043836135,1.8240843196367806,5.9870690527252854,1.974706410799128,Low,2,0.03497716363928527,5.614445679348907,Low
PRV52211,0.24324548,0.0,10.56045433838531,2.761736325818709,Low,7,0.11309569478341985,8.346189289186434,Low
PRV52212,0.3968406,0.0,7.885424471317824,2.169776418909206,Low,4,0.09543114299403921,7.388494292407403,Low
PRV52213,0.051948655,0.0,6.471059188050246,1.6437391247109114,Low,0,-0.044752560522961116,3.240271855526134,Low
PRV52214,0.23767294,0.0,9.008451811556691,2.3709494228374646,Low,4,0.04724850081311671,6.266998654907508,Low
PRV52216,0.026559798,0.0,10.271295423846713,2.5811037549851514,Low,2,0.11154874679363613,8.044990463121469,Low
PRV52217,0.10083546,0.4613797615278467,14.278325172985879,3.7353439623505267,Low,1,0.02443672502732175,6.5439018179776065,Low
PRV52218,0.0793576,0.0,7.6628697446687974,1.955396237018306,Low,1,0.01593376264357882,5.075172881563401,Low
PRV52219,0.05246378,2.4234743316482383,8.785406466232347,2.8284520900144416,Low,1,0.017213209628059056,5.719831671099042,Low
PRV52220,0.07997014,0.0,7.203715318523314,1.8409138977732427,Low,1,0.03513196136373231,5.498000763004081,Low
PRV52221,0.013507402,0.0,2.514162586492939,0.6352943474085736,Low,0,-0.07069346250432768,1.8547457508686271,Low
PRV52222,0.20660254,0.0,7.796071118664491,2.0523190514623493,Low,5,0.07312341122985988,6.748688907879342,Low
PRV52224,0.3308615,0.0,9.072450336130556,2.4335433384557805,Low,3,0.08606184576044873,7.300823228132343,Low
PRV52225,0.04430797,0.0,5.8899836793050895,1.49464990458155,Low,0,-0.017156208580656085,3.858894597967332,Low
PRV52226,0.017705414,0.0,2.5354064662323474,0.6427043237801909,Low,0,-0.06113625289734681,2.110318041794187,Low
PRV52227,0.05671378,3.8954937861351095,13.162510381079557,4.292857931066462,Low,2,0.02112961895553578,6.874365755170848,Low
PRV52228,0.032540046,0.0,6.327894225711164,1.5982435792670988,Low,1,0.04218725514430943,5.5129702089870385,Low
PRV52229,0.025430523,0.0,4.772055929341568,1.2057292437649403,Low,0,-0.02072763561515034,3.5630838233762416,Low
PRV52230,0.48479828,5.31714007151508,28.627956694794225,8.728673332769763,Low,3,0.06041783877420848,11.035577690483834,Low
PRV52231,0.021738457,2.170398548798956,8.806650345971754,2.7551314519737584,Low,1,0.0940035439082646,7.680304835886156,Low
PRV52232,0.06340082,0.0,3.827894225711164,0.9886739663766169,Low,0,-0.06477619688285569,2.2571354328629063,Low
PRV52233,0.8206879,0.0,15.56717224852417,4.30213700715744,Low,21,0.12840621279353104,10.201422502401833,Low
PRV52235,0.1719856,0.7451822980161588,2.5354064662323474,0.9061399892713169,Low,0,-0.07924740355060006,1.8202366029916677,Low
PRV52236,0.07923115,0.2958280245120442,10.765133735281026,2.8048560151724287,Low,1,0.03422930115599587,6.14911183074612,Low
PRV52237,0.050524604,0.0,7.367271008014107,1.8670800537912609,Low,3,0.07528846028404523,6.622051542246868,Low
PRV52238,0.02320815,0.0,10.752631114282876,2.699761853890784,Low,1,0.007152194062631567,5.366164198325497,Low
PRV52240,0.2056376,0.0,6.633920816579837,1.7612990061440514,Low,8,0.08820735642757471,7.020689713368799,Low
PRV52241,0.042917654,0.0,6.468825955966591,1.638665315950781,Low,2,0.05739898916317432,5.966636872190282,Low
PRV52242,1.3064419,0.0,6.63940314378963,2.3130717375045666,Low,7,0.07706067156478058,7.088057687786418,Low
PRV52246,0.97344863,0.0,16.230152349030384,4.544262404331418,Low,7,0.1258673824731742,9.928557608448173,Low
PRV52247,0.1953918,0.0,9.126041531612847,2.3792062848931486,Low,4,0.09554000205821667,7.53794715134967,Low
PRV52248,0.09353622,0.0,10.590107168388336,2.69429490234255,Low,5,0.08613442611785405,7.538942100222053,Low
PRV52249,0.3040381,0.0,11.353243381397792,2.990329899047034,Low,7,0.07250294824940451,7.442732528169869,Low
PRV52251,0.07162962,0.0,4.410406466232347,1.1384164271023391,Low,0,-0.07624932562253489,2.061375489840012,Low
PRV52252,0.19275473,0.0,5.942166066442763,1.5819188819018093,Low,1,0.05327899695796867,5.792130790988715,Low
PRV52253,0.012190705,0.0,7.5141625864929384,1.884635999205868,Low,0,-0.12162119657181375,1.395050661213477,Low
PRV52254,0.08095491,0.0,8.097715537814976,2.064906339116067,Low,4,0.06678636146631012,6.564632675078441,Low
PRV52255,3.1882725,1.132235956870816,13.348214647004758,5.214248889067038,Low,0,-0.03604913231846485,5.967646138826669,Low
PRV52256,0.016545607,0.0,7.5141625864929384,1.8868134500117706,Low,0,-0.12282252078585248,1.365101889884233,Low
PRV52257,0.11978232,0.0,7.763957855225609,2.000880624383938,Low,2,0.032921841199035407,5.578921102277266,Low
PRV52260,0.26399723,0.0,8.191053079418285,2.1797618833313246,Low,5,0.11940678875067923,8.050457595881817,Low
PRV52261,0.056918345,0.0,2.514162586492939,0.6569998193191099,Low,0,-0.11401557186822309,0.7349618921944823,Low
PRV52262,0.22100674,0.0,13.220619450421273,3.4156582306849805,Low,10,0.06744327025704666,7.688442901293316,Low
PRV52263,0.19927174,0.0,17.52478452636264,4.480832000855263,Low,0,-0.05657031988453326,4.916628370846938,Low
PRV52264,0.29035485,0.0,8.539419584448515,2.2800323200661388,Low,0,-0.017706761268497406,4.394238590918786,Low
PRV52265,40.975292,0.14874543245556437,29.599138105450574,27.92461698738181,Low,30,0.17088243038507966,28.09158575370687,Low
PRV52266,59.462578,1.8501852868604138,31.899070701017052,38.168602906881475,Medium,37,0.2082030572315443,36.42804273776718,Low
PRV52267,0.12730688,0.0,28.944991839652545,7.299901399196507,Low,10,0.15883769450366458,12.801817130114571,Low
PRV52271,0.104266606,0.0,6.054447158644395,1.5657450927967322,Low,1,0.09792700674038612,6.95052353400986,Low
PRV52272,0.21564963,1.07484680462246,7.6628697446687974,2.292253954622657,Low,1,0.054441393310735386,6.3198184741518695,Low
PRV52273,0.0453445,0.10388934219315354,3.431219950486126,0.9064495740367098,Low,1,0.07644819769250766,5.9263024029480045,Low
PRV52274,0.32777646,2.8469198787274173,22.339276880006626,6.460437420603348,Low,1,0.0380308213724464,8.807613240889188,Low
PRV52275,0.6608862,0.3359726168653197,18.941138713985975,5.149720946755106,Low,7,0.10925802164391574,9.91723694230281,Low
PRV52276,0.24497245,0.0,11.137455090703131,2.906849998936445,Low,6,0.09958907824771213,8.067069067316755,Low
PRV52278,38.433838,1.4594569853937172,23.359144225711166,25.42156924808872,Low,16,0.17767661856470007,26.141611483344512,Low
PRV52279,36.693104,0.15252362717749127,26.88981328791226,25.10713612391404,Low,82,0.19818955705148,28.230730209038192,Low
PRV52280,97.24817,0.02570440985106669,28.83941170525523,55.840363501432826,Medium,41,0.18263895910842876,48.23591466925499,Medium
PRV52281,40.800167,0.045820933904781494,26.084652213919863,26.93270182882628,Low,41,0.20901202300810073,28.69148828697812,Low
PRV52282,4.0377865,0.5843179523147332,30.67593754074554,9.833957115147392,Low,6,0.14689008318267405,14.155263146194025,Low
PRV52283,98.72995,0.6503407207172675,31.462971341982392,57.39330299126085,Medium,66,0.21641658466648017,50.87903903117985,Medium
PRV52284,0.12787162,0.0,12.752519760180201,3.252065748882464,Low,2,0.04087098400318501,6.6630069322996555,Low
PRV52285,2.4960327,0.0,23.51487976709467,7.126736299195542,Low,18,0.18214061581232033,13.505870077226653,Low
PRV52286,0.5662359,2.080044225360003,27.37936173943538,7.647969441161462,Low,5,0.17076050935637477,13.22359737409694,Low
PRV52288,0.27861887,0.0,8.698576322853018,2.3139535167960945,Low,2,0.023186003620421225,5.543007020538248,Low
PRV52289,0.35116965,0.0,20.86873979956568,5.392769772784563,Low,4,0.09495389322684855,9.632086374563587,Low
PRV52290,1.9485744,0.0,26.452073132899013,7.587305495119742,Low,10,0.14156936557019528,12.550594323719611,Low
PRV52291,10.571621,0.0,27.395442600443065,12.13467112069182,Low,17,0.1632016353369249,16.488404445348095,Low
PRV52292,77.14859,0.6570282175568877,26.514768205667732,45.36724414975147,Medium,25,0.1900202332492127,40.66857981277492,Medium
PRV52293,0.050007746,1.6299961252711659,7.210129428698603,2.2350352613042364,Low,1,0.09600957994127335,7.368792795182519,Low
PRV52294,0.58768636,0.0,28.474959198262724,7.412582979506858,Low,7,0.13570171806183506,12.194027625360583,Low
PRV52295,0.24104132,0.0,23.347495919826272,5.957394638747633,Low,5,0.07616430730812462,9.561908974020882,Low
PRV52296,0.473485,0.0,27.952073132899013,7.224760779715232,Low,2,0.10674029615984115,11.169575808367508,Low
PRV52298,1.2672256,0.3191280472868982,11.928218504496863,3.6954494495113392,Low,24,0.2121798527129577,12.052028418171641,Low
PRV52299,42.699642,1.84477184286884,21.30366056506371,27.13692919268138,Low,51,0.14145411134513408,27.332982556073517,Low
PRV52300,0.65251327,10.080113590518174,10.62628828576114,5.5028571018746995,Low,4,0.21640326409141508,12.890948398274833,Low
PRV52302,11.172038,14.052843390640431,19.138806982419037,13.883931632418921,Low,13,0.21671705527458784,19.007532190899646,Low
PRV52303,75.57273,0.8200242793955257,11.600312189949552,40.89144962636948,Medium,41,0.2398418470845297,39.27030931577552,Low
PRV52304,2.8554697,1.1587604157380929,15.29421523916698,5.540978765563427,Low,18,0.15086859157063348,11.576557217362975,Low
PRV52306,0.7684011,0.6146484731781083,6.35076420901695,2.1255537137139715,Low,1,0.04617791241433755,5.986636851413124,Low
PRV52307,97.26423,0.0392941842752636,13.837709025214128,52.10136521277274,Medium,61,0.21241670162620196,46.93566314793803,Medium
PRV52308,83.1226,0.2572618301925679,19.954009079514712,46.61411609778815,Medium,41,0.19565346797405836,42.118503120678135,Medium
PRV52309,1.9387344,0.7483950010502978,18.544179317603522,5.792510785760104,Low,14,0.07230530323519013,9.58700059350861,Low
PRV52310,17.731289,1.9288897954830089,20.65864469812497,14.512528078358049,Low,31,0.10702784892873085,17.05706988117921,Low
PRV52311,1.3826662,0.0,11.975299889941498,3.685158087586235,Low,3,0.047367658653782896,7.163220848706995,Low
PRV52312,2.86633,0.6939587725713044,15.786498259025631,5.553279212084719,Low,29,0.09897847645150704,10.521022281774599,Low
PRV52313,10.33857,2.3982314641828646,22.12291043928058,11.299570296422502,Low,52,0.10457171318947966,15.307410557771307,Low
PRV52314,65.217415,5.653041486549572,13.338421198301189,37.3565730991912,Medium,50,0.23880431346237985,37.01032457881445,Low
PRV52315,2.6015825,0.20479167297235407,13.224431661678313,4.658097097242989,Low,9,0.17617464810473527,11.379912023455228,Low
PRV52317,0.12698747,2.4370093977829814,12.776952510053508,3.8669842130473984,Low,4,0.1712472285490264,10.562813427877382,Low
PRV52318,0.16010772,0.0,6.949762490539577,1.81749448109389,Low,2,0.06414293980201147,6.268499208944884,Low
PRV52319,0.19283062,0.0,6.96728993252148,1.8382377942284687,Low,2,0.06260981914444852,6.242853946027641,Low
PRV52320,97.04277,7.523502621626924,14.637758418348845,54.06170045286504,Medium,88,0.2232136245373776,49.315594064723896,Medium
PRV52321,96.068665,7.840528695282749,14.18237279877129,53.54005764890414,Medium,39,0.2123094477265911,47.34933392666099,Medium
PRV52323,0.39876774,0.0,8.040697376960184,2.209558214007235,Low,18,0.10119611535517137,7.943214556909846,Low
PRV52325,64.66101,6.233537688435234,12.294918481530793,36.96261941358526,Medium,34,0.18634002482369416,34.930537005866846,Low
PRV52326,2.1411443,0.20018963206186718,16.184673865499747,5.166788012223045,Low,9,0.11015080151666068,10.00626472700228,Low
PRV52328,0.5605862,0.0,11.10565482211984,3.056706812562736,Low,7,0.08003980040898251,7.686651181630022,Low
PRV52331,0.4338065,2.459298578755127,14.56348505147837,4.472599161948137,Low,11,0.18368892304263984,11.5006180667983,Low
PRV52332,0.18743424,0.0,8.128336539358937,2.12580125542756,Low,5,0.10287740470448148,7.579638788547609,Low
PRV52334,5.8895035,4.788982242998259,16.755611916981334,8.330900279496852,Low,13,0.22716156198512216,15.394041474263929,Low
PRV52335,53.139996,3.452613536580592,20.834797573224304,32.641850564926806,Medium,22,0.18595503275238878,31.573764915743432,Low
PRV52336,0.34833464,0.0,9.287076961345706,2.495936560468682,Low,8,0.11358113822129867,8.199693019107745,Low
PRV52337,95.141945,4.5879834133187885,26.73888206408885,55.40268881197886,Medium,68,0.16123035827461119,48.09349968888971,Medium
PRV52340,99.839386,8.767278856750615,20.815879066335015,57.31548247393547,Medium,353,0.2350301688160199,59.0169121037393,Medium
PRV52341,0.17638785,0.0,8.223327331462826,2.144025756100646,Low,17,0.09055645433709869,7.591752202908674,Low
PRV52342,47.129883,9.862868438736749,14.687710205046308,29.702586067195767,Low,60,0.22571286516458644,31.5780126945181,Low
PRV52343,96.19552,5.802256164065497,16.987288928075113,53.79514551986133,Medium,59,0.2145266901613665,48.12289678829981,Medium
PRV52344,8.525406,12.313739756976137,22.98619485021379,13.087686593692013,Low,25,0.18010815713127293,17.813207217873888,Low
PRV52346,29.993938,0.17629649588818758,16.38590681021719,19.137520049548804,Low,22,0.18295308192940352,22.042086710270073,Low
PRV52347,99.009415,4.618553932468828,11.937791463568592,53.64379368543514,Medium,75,0.2348270672355468,48.97832173073903,Medium
PRV52348,5.258039,5.872890185369483,22.39635968147867,9.696331965537112,Low,13,0.1708562309379399,14.874724011213196,Low
PRV52349,0.17283668,0.0,7.590560027361147,1.9840583449602704,Low,6,0.08489052261787389,7.036033643973812,Low
PRV52350,6.8910985,2.093755112840716,14.57260886587217,7.61214024432727,Low,9,0.11769702667941428,11.915711662835186,Low
PRV52351,1.5437231,0.0,10.119714033714123,3.3017900616206695,Low,35,0.14044310194567355,10.192367953731411,Low
PRV52352,0.45365664,0.0,6.038100408999664,1.7363534240644531,Low,4,0.05529226467036241,6.033516635740337,Low
PRV52353,36.241585,11.310436444476187,10.794574492956924,23.647045123274292,Low,6,0.221131981199581,25.769456955445932,Low
PRV52354,0.558931,0.9242658930593528,18.86746056853895,5.227397111939645,Low,6,0.08713610160203833,9.365201758467862,Low
PRV52355,0.27483422,2.015567325525798,16.89978573066422,4.866255371868015,Low,12,0.08017322615420563,9.09105892594198,Low
PRV52356,1.9490259,0.0,14.044788233105832,4.485709992961212,Low,9,0.07039632184878841,8.487999251656383,Low
PRV52357,18.679895,1.0863906171233646,12.479388986962068,12.731392601521847,Low,15,0.19600927532483747,17.711931742970517,Low
PRV52358,0.3050267,0.0,8.867105812637577,2.3692898081761027,Low,1,0.008045683534584236,5.158241920519995,Low
PRV52359,59.297253,0.0,16.515216367061612,33.77743041928005,Medium,47,0.20393156213638441,33.51077127212509,Low
PRV52361,0.70861214,0.0,7.609215610018348,2.2566099745012758,Low,12,0.12556748642070514,8.453572245172165,Low
PRV52362,8.075437,0.40682933615133327,9.862322085550403,6.605006151476459,Low,18,0.22030006850786443,14.140382396118785,Low
PRV52365,19.340776,0.768551682461659,17.899287173614518,14.337347935759766,Low,69,0.11380118264481764,18.13202972556276,Low
PRV52366,65.76373,3.3132506749167003,16.753976546121713,37.89867326033773,Medium,39,0.21473064230468308,36.46379671122088,Low
PRV52367,22.557398,0.021461980746201943,16.117920265494952,15.313544482763902,Low,35,0.22248577616576037,20.749997500905145,Low
PRV52369,7.941058,0.0,15.902350901751419,7.9461168048751105,Low,61,0.12422500996691865,13.716492293097998,Low
PRV52371,0.42693555,0.0,11.367999686910787,3.055467698503057,Low,6,0.08976958204670238,7.913844613588125,Low
PRV52372,26.985832,8.89770932070624,18.902434512435928,20.442952065463277,Low,29,0.1950576672381531,23.460931514610756,Low
PRV52373,1.1082529,5.542139050107336,10.571781708826284,4.582606631212134,Low,4,0.20484093788110636,11.943856556331383,Low
PRV52374,4.9464507,1.5311928929337402,19.127776839654086,7.637967788295272,Low,21,0.11686575031127922,12.234160335317515,Low
PRV52377,0.20701075,0.0,5.479696254696708,1.4734294366752756,Low,3,0.04967382644392626,5.675429111275941,Low
PRV52378,0.084619425,4.807714601649366,12.23475066411982,4.302926029060886,Low,3,0.13654986403121416,9.93210542858963,Low
PRV52380,0.016558107,0.0,5.014162586492939,1.261819700117569,Low,0,-0.02655955848880598,3.4495590527964346,Low
PRV52381,0.76106405,2.620405781671401,19.341027386874437,5.870890318427353,Low,13,0.13691239256065513,11.307634539172806,Low
PRV52383,84.8015,0.0,14.583469117537875,46.04661648592744,Medium,6,0.09267641146282368,38.0838035638359,Low
PRV52384,0.346586,0.0,8.374100352559399,2.2668180826390563,Low,2,0.08024850260544458,7.0049685836702915,Low
PRV52385,0.05557087,0.0,10.714934965364103,2.7065191766599725,Low,2,0.0774277755383661,7.238860309596698,Low
PRV52386,2.1385257,0.0,10.780053488111184,3.7642762342333014,Low,23,0.10621696370743838,9.297284449382873,Low
PRV52387,6.2087107,6.684916405499243,16.31324260826739,8.853895088677255,Low,19,0.18547165323879156,14.828995313417229,Low
PRV52389,0.25946024,0.0,9.911187892089751,2.6075270933236845,Low,18,0.11106830760871123,8.480430177532831,Low
PRV52390,0.26456773,0.0,8.525194560350206,2.2635825064930386,Low,3,0.037824417377460895,5.918098584885563,Low
PRV52391,0.44026515,0.4118662594613301,12.847878493591274,3.5350687627022,Low,4,0.04279362772390871,6.96517084985493,Low
PRV52392,7.985971,2.992565917139949,17.05379842835471,9.004576573357918,Low,14,0.17789203922582342,14.601669050996243,Low
PRV52393,14.7916975,7.341926730522006,18.11305429961146,13.759594008601482,Low,23,0.23572265898439615,19.686872033454428,Low
PRV52394,3.2191663,0.0,11.571826393742155,4.502539737855095,Low,15,0.13873711907536868,10.45128564903184,Low
PRV52395,21.808859,1.0636950687061713,18.830390656788293,15.877950867103596,Low,88,0.12168709697578906,19.92711863834399,Low
PRV52396,90.00692,0.3311110447539375,17.187482792655768,49.383108389772346,Medium,18,0.17025703383522894,42.773997583681215,Medium
PRV52397,0.056751497,0.0,5.329697426455712,1.3608001051588594,Low,0,-0.008248081188600764,3.9985800143854617,Low
PRV52398,33.29541,16.770275460847927,14.323565014167523,24.421165196878864,Low,14,0.22375418922607893,26.59480423083236,Low
PRV52399,3.316576,0.0,15.99638211320167,5.657383530314577,Low,37,0.09839050478831601,10.793256383350565,Low
PRV52400,2.0388243,0.7308079118493922,14.400676694863964,4.802283311598078,Low,24,0.1024329299270289,9.951598734550437,Low
PRV52401,36.754288,3.3359934720191076,19.999446044053027,24.211003738881317,Low,13,0.25173606077505173,27.153930834914405,Low
PRV52402,8.7934065,0.0,19.284715082010134,9.21788201375815,Low,69,0.214008794355123,17.173700575859428,Low
PRV52403,5.420472,2.3982314641828646,20.01279623673352,8.31299299776938,Low,21,0.13182914183379046,13.098697571469842,Low
PRV52404,3.020205,0.0,10.04546577424887,4.0214689540144875,Low,8,0.17023093342204065,10.751709809084346,Low
PRV52405,18.221096,6.345605148722335,16.95516794671014,14.935741293267299,Low,27,0.20684140347527202,19.860909839384465,Low
PRV52406,1.6971343,0.0,12.865841965329079,4.065027619513727,Low,7,0.06372126153283364,7.964953222462487,Low
PRV52407,0.15783326,3.5522786678648264,19.768639328326397,5.90914613068681,Low,5,0.08065861211346015,9.645879416252065,Low
PRV52408,0.75568974,3.4215179904164805,16.754028197732964,5.421731417127846,Low,1,0.016581445915801685,7.518575888781086,Low
PRV52409,0.03092457,0.0,7.310731686945624,1.8431452066441045,Low,0,-0.0013726513525114115,4.516348074668267,Low
PRV52410,1.2167401,4.330168826984942,17.14339568774266,5.9767611943709875,Low,7,0.0875078544956821,9.92634165117239,Low
PRV52411,0.38729084,0.4184933931640304,17.919755472276123,4.7782076340503155,Low,9,0.12157077463456145,10.03344552607496,Low
PRV52412,1.2908723,0.0,13.561636796776197,4.03584536691103,Low,7,0.11607993146098816,9.31624837722807,Low
PRV52414,1.2302924,1.5363363420852172,17.717284916200075,5.4285515343017,Low,16,0.12367337134317435,10.731690764556532,Low
PRV52415,0.063271254,5.756942747905295,21.22157489935681,6.776265038966062,Low,5,0.10094514678002442,10.784341025838318,Low
PRV52416,0.12458563,1.8134903510704279,16.553758795999723,4.6541051010222985,Low,4,0.016216815550298525,7.05222158295379,Low
PRV52417,2.147073,4.816970547375635,13.68565344439884,5.69919251317952,Low,3,0.03935188043237248,8.363042950529572,Low
PRV52418,1.053326,0.3854658056810219,14.403530626834153,4.2239121134808135,Low,3,0.05150374008375502,7.648708121436892,Low
PRV52419,14.2001095,9.186256203367018,21.87641712645484,14.865723073361226,Low,21,0.20935295091052364,19.716622232936857,Low
PRV52420,88.670525,4.696152090266969,17.463012260179482,49.875053386195596,Medium,26,0.17096206950942971,43.35159511440304,Medium
PRV52421,0.4249584,0.0,12.650082140973362,3.3749997391827784,Low,9,0.106542232288516,8.657473551173425,Low
PRV52422,1.3379782,1.368784031288395,15.29061499578378,4.833838878681954,Low,7,0.11398401541957004,9.819933814234233,Low
PRV52423,0.27369604,1.4678844106736642,16.360503768446957,4.593945062353512,Low,5,0.09598835593172539,9.126856167369388,Low
PRV52425,0.33541435,4.873542948333439,19.177527581857113,6.180474807564041,Low,0,-0.0146046789627855,7.205818479400606,Low
PRV52427,2.6957946,8.696008588109898,15.362229446679459,7.36245679988081,Low,3,0.14021418006233766,12.169776839866003,Low
PRV52431,0.5753682,0.2794059556928167,17.601124400177532,4.757816701754834,Low,7,0.08746322974019105,9.071911401175068,Low
PRV52432,0.30687353,2.57083670193988,19.197752394164446,5.595584039100811,Low,3,0.08076560175049907,9.375497653393689,Low
PRV52433,0.28547597,0.0,10.300138627496795,2.7177726415314862,Low,7,0.07412823033107241,7.294522528337399,Low
PRV52434,0.07672263,0.0,6.285406466232348,1.6097129312422396,Low,0,-0.08006608653139075,2.291289331918013,Low
PRV52435,0.51022625,2.987817692632268,18.116841338566744,5.531277882647165,Low,6,0.07278076762208607,9.201828951788922,Low
PRV52436,0.5691614,2.101495301401064,17.950669136229365,5.2976218169576565,Low,5,0.06897071772607,8.911606176400078,Low
PRV52437,0.35512772,1.0048610674497942,15.44716153278966,4.290569511072323,Low,3,0.0677877198457415,8.121985424114072,Low
PRV52439,0.35251853,0.6421396704614932,22.309683320511205,5.914215012093112,Low,7,0.08696727274866634,9.86839685016745,Low
PRV52440,0.14769596,2.4174333828485257,18.1645119302931,5.219334307592581,Low,2,0.035061148915729534,7.887885501973832,Low
PRV52441,1.508872,0.34024179884060324,17.99295460257908,5.337735116437685,Low,9,0.1290512555788106,10.621092732027467,Low
PRV52443,0.04023339,0.0,2.514162586492939,0.6486573408947992,Low,0,-0.10262902998023515,1.0274333703851597,Low
PRV52445,92.58328,2.7748332038068386,27.343955273203036,53.82133835460404,Medium,5,0.18898142645053684,46.0223177428872,Medium
PRV52446,22.70513,0.6036176461604784,26.48039830588489,18.123568799717887,Low,10,0.20923007562978635,21.69859307025842,Low
PRV52448,0.06275277,0.0,3.764162586492939,0.9724170308219003,Low,0,-0.09349225936587524,1.4934355567881448,Low
PRV52449,25.32896,4.271728590003194,36.40305147538182,22.83317522569684,Low,6,0.18979115817548697,24.3786630105093,Low
PRV52450,1.5363863,0.0,12.633882381067313,3.9266637209916206,Low,29,0.1277263709557246,10.13554541290651,Low
PRV52451,0.6286892,0.0,12.57956100742405,3.459234866600199,Low,5,0.08283450564505923,7.987946849190845,Low
PRV52452,8.864771,0.9621988305515019,19.604282445137994,9.574005763563488,Low,26,0.15618428315064947,14.753704780518067,Low
PRV52453,0.029481824,0.0,7.5141625864929384,1.8932815588669585,Low,0,-0.1214395466274884,1.4058615233275609,Low
PRV52454,0.10855064,0.0,7.4379620905133805,1.9137658416085621,Low,0,-0.036803505189201335,3.637544508628023,Low
PRV52455,0.07070704,0.12177352655877446,19.181034090067424,4.861055423179014,Low,10,0.10349631081614297,9.644759354330098,Low
PRV52456,0.100872256,0.0,7.64162586492939,1.960842594163227,Low,0,-0.036662582013999745,3.674190222303976,Low
PRV52457,1.7346663,0.6325671869290964,26.779491525677745,7.720347851903542,Low,9,0.16302069504137662,13.17887267796313,Low
PRV52458,0.60082614,4.685502894535636,18.347495919826272,6.0586627756997,Low,1,0.14638455622482294,11.365084832901385,Low
PRV52459,29.397812,0.0714517548973038,26.723854117376323,21.397732412892626,Low,49,0.20387244502570445,24.897125158548576,Low
PRV52460,9.949999,1.698371337706694,32.882474136419425,13.62021079632694,Low,13,0.1279971387725345,16.49859189624077,Low
PRV52461,0.96995413,0.0,21.808292531596056,5.93705019941589,Low,7,0.11233388810266509,10.54895074847039,Low
PRV52462,0.23371764,0.0,26.680829253159605,6.787066130926868,Low,2,0.07239880689359224,9.963491347066388,Low
PRV52463,0.04377519,0.0,39.18082925315961,9.817094908123872,Low,1,0.09965741949158413,12.77180275928041,Low
PRV52464,0.07845501,0.0,29.597495919826272,7.438601484239758,Low,2,0.09228949074861426,10.94067373956037,Low
PRV52466,12.439979,0.8752332016399358,29.942748817025517,13.924484804440533,Low,13,0.18987334802559874,18.33265243596868,Low
PRV52467,87.054474,4.5298451640667405,11.570040387679455,47.55220832641311,Medium,12,0.2342932109084328,43.00895053467013,Medium
PRV52468,0.29792163,3.7733918883739914,11.60996172569029,3.994799217396037,Low,4,0.17808422205337138,10.831403442904731,Low
PRV52469,2.8985825,0.0,11.550573778166214,4.3369346737896,Low,19,0.1514343212126733,10.775393303221028,Low
PRV52470,0.061430153,0.0,5.014162586492939,1.284255722876053,Low,0,-0.09743351294953173,1.6084673992752798,Low
PRV52471,0.14784631,0.0,5.011802155410782,1.3268736945180932,Low,0,-0.01990364058541577,3.6694724374887446,Low
PRV52472,16.720215,0.0,13.380231209411834,11.705165224227958,Low,21,0.21272788387091957,17.592650185110514,Low
PRV52473,0.043974612,4.60125804195653,8.759913810545058,3.3622802690794957,Low,1,0.004558777500936695,5.761983261220302,Low
PRV52474,63.185596,1.1937265719599377,20.93622309857186,37.12528565066518,Medium,24,0.19685215697502723,35.05134991682241,Low
PRV52476,24.510176,11.871602917591785,10.016933527328515,17.727221963708104,Low,6,0.22766200195528574,21.796658006037383,Low
PRV52478,3.7743487,0.0,9.91002680468751,4.364681069076541,Low,8,0.15041969099750574,10.472931897016695,Low
PRV52480,0.9928968,3.5816786132328047,9.237342663121293,3.701203716724938,Low,5,0.14663532412031688,9.828815804385053,Low
PRV52482,0.012361056,0.0,2.514162586492939,0.6347211747089135,Low,0,-0.09215347363056542,1.292122740877395,Low
PRV52483,39.677105,5.195141543814772,24.3256784013683,27.218757461271352,Low,15,0.09033342091508045,25.084529962714335,Low
PRV52484,0.06246146,0.6492194962238782,17.13898892620618,4.478282834680801,Low,1,0.01601574107199788,6.843341218230851,Low
PRV52485,0.26504868,0.4613797615278467,12.296028406102051,3.3218763832523077,Low,0,-0.0459329793216105,4.384042641780811,Low
PRV52486,0.3988045,0.0,9.954946352340764,2.688138830984132,Low,6,0.13603306810086624,8.868751983865637,Low
PRV52487,3.6911786,0.0,15.071990618859965,5.61358693484347,Low,14,0.10141695296182707,10.22443774256423,Low
PRV52488,3.4328573,0.0,14.609242519423526,5.368739267360459,Low,12,0.0878688392200705,9.644411776874133,Low
PRV52490,0.14854889,0.0,7.3242269786561485,1.9053311877539991,Low,2,0.05007382497132706,5.961394092323063,Low
PRV52491,0.5387186,0.0,9.943215744144618,2.7551632266359776,Low,4,0.09172598791308184,7.701195261055069,Low
PRV52492,0.405097,0.0,7.26793527304868,2.0195323221379025,Low,1,0.08687485197057498,6.97862384867267,Low
PRV52493,0.27904013,0.0,5.574969398697042,1.5332624136705755,Low,0,-0.0031119282945314963,4.253863535844912,Low
PRV52494,0.03350274,0.0,2.514162586492939,0.6452920160846519,Low,0,-0.1103633721965332,0.8224488702373381,Low
PRV52495,0.5166045,0.1662268742548114,23.05396491403856,6.0633501886371395,Low,12,0.13435124912554852,11.348412493043348,Low
PRV52497,92.666275,5.69211798336049,10.13943628409699,50.29102607907141,Medium,4,0.17181810514687357,43.0745988895365,Medium
PRV52499,35.59024,1.665902648276583,11.844250317878705,21.172658480796635,Low,29,0.2377236419026938,25.089513897836284,Low
PRV52500,0.76422167,0.10378965823513488,9.20444867046858,2.7091704162976327,Low,14,0.18822722658417457,10.465651959818752,Low
PRV52501,0.08268629,0.0,11.562714498041228,2.932021769582767,Low,1,0.026674442873273807,6.040201310001008,Low
PRV52502,87.2685,7.077707315898207,15.769006025638067,49.34592897625321,Medium,32,0.21519253759249646,44.30105724929559,Medium
PRV52503,2.3460734,1.0079345863660403,12.078157413216683,4.444559694422353,Low,14,0.18781832045029556,11.669711695001334,Low
PRV52504,89.03992,0.3311110447539375,15.258038210023619,48.417245809788135,Medium,15,0.15387924534872943,41.588282085331215,Medium
PRV52506,0.022981307,0.0,8.639819981876794,2.1714456487381915,Low,1,0.04121756609412386,5.888807182779375,Low
PRV52507,0.35372457,0.0,9.877243841854119,2.64617324500466,Low,0,-0.016225902892725852,4.6893336229877915,Low
PRV52508,0.21457472,0.6175733152190708,7.399670680103579,2.1115983610485656,Low,3,0.1908439851225614,9.820604862070851,Low
PRV52509,16.867764,10.56039044878946,18.843789133110544,15.784926655118557,Low,10,0.2160819684911388,20.241053422998434,Low
PRV52510,0.15179673,0.0,9.403000996898944,2.426648613411023,Low,2,0.0192561840144041,5.518937900180275,Low
PRV52511,93.21163,0.4059762385819317,16.54385165101146,50.84327285984952,Medium,83,0.2119743091843882,46.634012474560905,Medium
PRV52512,0.15375526,0.9343173447979586,16.039516329980913,4.320336049941761,Low,4,0.08146873037266833,8.528090669068035,Low
PRV52513,0.029806016,0.0,8.94290510617444,2.250629284550123,Low,2,0.08179512797799493,7.03415581145709,Low
PRV52514,0.5580185,0.7568269604527395,12.545571494085433,3.6046088664211795,Low,2,0.09365652033793737,8.292693139286163,Low
PRV52515,0.13393053,0.0,6.8298537802204615,1.7744287121173026,Low,1,0.035795241479465,5.468838129317153,Low
PRV52517,0.4750966,0.0,13.385594752761703,3.583946994774784,Low,2,0.049331290095415814,7.116971798898266,Low
PRV52518,0.9070484,3.2664774720840706,7.727604434859904,3.202044678844377,Low,6,0.22959987273309201,11.679803366598877,Low
PRV52519,11.741778,3.3060339143897157,14.26402275905169,10.263403355219483,Low,17,0.1927594114819915,15.952888732271239,Low
PRV52520,0.63831866,1.8852336428604657,23.27703294557216,6.609725976045687,Low,15,0.08730915135720518,10.578976359216458,Low
PRV52521,0.42125326,0.0,10.09926838220226,2.735443727525739,Low,6,0.08913428764434728,7.6731840235444855,Low
PRV52523,0.03111114,0.0,3.3474959198262724,0.8524295498586305,Low,0,-0.0756762275131716,1.8761990316558843,Low
PRV52525,0.09200594,0.0,5.035406466232348,1.3048545857038618,Low,0,-0.09855996822545238,1.5933750761243344,Low
PRV52526,0.037152335,0.0,12.514162586492938,3.1471168141470955,Low,0,-0.11423032391637133,2.4724175901526046,Low
PRV52527,2.4439018,1.418952968299435,21.192025081497228,6.874695401082894,Low,14,0.07967343888431377,10.537564505466754,Low
PRV52528,0.0988079,0.9134748812871889,16.55755459033339,4.4171613184771585,Low,2,0.037600032897825875,7.3928795612552864,Low
PRV52529,0.6744875,1.4005784350080035,13.585570684794778,4.083781015740948,Low,0,-0.024847351363628478,5.469789366749369,Low
PRV52530,0.1120063,1.264752868564843,11.63943628409699,3.282050437764295,Low,1,0.10631116453499312,8.371590292797558,Low
PRV52531,0.03374768,1.616295782139476,6.028325172985878,1.9280290790239627,Low,1,0.0012168306204773938,4.670453170023721,Low
PRV52532,0.048077248,0.0,8.871364093122377,2.241879647299025,Low,1,0.014987572216233258,5.250922424440877,Low
PRV52533,2.2935743,0.810806449919323,15.999123599560331,5.349269678965372,Low,2,0.007315532794417767,7.251944556071225,Low
PRV52535,0.096842706,0.5174680745825638,12.825323603861213,3.3841192727126743,Low,3,0.07628343726628195,7.710045978205766,Low
PRV52536,0.13478884,0.922062594615278,30.836873979956568,8.007128564147532,Low,1,0.11792492822743517,11.983409082666185,Low
PRV52537,7.145393,13.370365125121078,30.847495919826272,14.627161708609274,Low,1,0.16535803138094163,17.860112166885727,Low
PRV52539,0.03003299,0.1483135370344614,11.986863960167485,3.048810869550652,Low,3,0.07314414194307584,7.393085020593816,Low
PRV52540,0.07324231,4.502622643407575,22.64162586492939,6.822683280438886,Low,0,-0.013907271548677713,7.673635493395473,Low
PRV52541,0.3796329,0.0,29.177288606536372,7.484138596746321,Low,5,0.14372960677490643,12.40074455602129,Low
PRV52542,1.1358229,0.0,14.852358744071086,4.2810011321122845,Low,3,0.11662471075561465,9.394747305724978,Low
PRV52543,0.9749805,0.7213886093934763,19.29857466102094,5.4924810543627895,Low,19,0.10470733403120425,10.360095121348166,Low
PRV52544,0.95825654,0.0,24.703715318523315,6.655057100972153,Low,6,0.1665964463246844,12.446311840751541,Low
PRV52545,0.05386337,0.0,7.9695909035730175,2.0193294103574706,Low,0,-0.01799669235148682,4.204150771844902,Low
PRV52547,0.058818568,8.936845795506066,6.285406466232348,3.8349723492067147,Low,0,-0.007530146198647558,5.749309461511505,Low
PRV52548,0.3569659,0.0,15.175518283224754,3.9723625205399227,Low,5,0.10634417408807872,8.963056104448444,Low
PRV52549,32.689415,4.646601692520103,20.233878443044667,22.564827522904864,Low,28,0.15121144022003397,23.77068987064377,Low
PRV52551,0.046154603,0.0,9.01947355642779,2.2779456907879894,Low,0,-0.01724113351200629,4.404976735819383,Low
PRV52552,27.340895,6.692021357241332,10.616587251614867,17.997599501762387,Low,13,0.18327103864416028,21.010861602560148,Low
PRV52553,32.42415,1.7631229797064922,20.423747959913136,21.758792014690066,Low,4,0.1638615647063687,22.89358499403834,Low
PRV52554,0.026548153,0.0,6.943612673491685,1.7491772447676581,Low,1,0.043078716156164876,5.64197878626083,Low
PRV52555,0.02382026,0.9792298265158709,5.011507101525513,1.5095943622801715,Low,1,0.06820517141181792,6.132548182473936,Low
PRV52556,19.558918,0.017373999574735233,16.888316623187286,14.005881655324295,Low,51,0.21419072116223214,20.0468450722084,Low
PRV52557,0.055535924,0.3570243533633853,11.253660711840617,2.9304392281458025,Low,1,0.04210486711962902,6.443348714058564,Low
PRV52558,1.5485222,0.0,14.51194880707395,4.402248318749994,Low,44,0.12423006835794592,10.77954103653936,Low
PRV52559,6.81912,0.2389075055200388,17.025599049534936,7.725686603897411,Low,32,0.12853089750975455,12.896475795885793,Low
PRV52560,35.12864,3.222042681376896,33.35694537209377,26.709066623963366,Low,54,0.1330624335208347,26.894165639322914,Low
PRV52561,1.5261474,0.0,14.41291411972111,4.366302212715311,Low,32,0.14477825475116768,10.970564388436218,Low
PRV52562,5.0996947,1.8231899465901906,15.477451644411602,6.875007762176107,Low,12,0.18956524711353395,13.36310106282597,Low
PRV52563,2.3270092,0.7250408717591224,19.827777510339573,6.301709196049576,Low,62,0.1377148047101846,12.945666052920071,Low
PRV52564,0.41270503,5.315947243070387,9.258347038634302,3.8499260874349535,Low,6,0.12490490463823567,9.390460997789067,Low
PRV52565,1.1645374,2.0812668445673985,17.902798668979035,5.578285093291393,Low,18,0.2401644143707905,13.942095282607061,Low
PRV52566,14.092316,4.263111082444062,10.732748157801062,10.795122646975344,Low,30,0.20260371561295787,16.931992301020063,Low
PRV52567,3.9910712,0.24546595898931492,15.63880757394732,5.966603995340482,Low,10,0.08639756592608705,9.970680542199318,Low
PRV52568,0.94976157,1.2388317161649807,19.11080187523988,5.5622891826012,Low,8,0.10503323791831454,10.122197016307707,Low
PRV52570,5.973998,0.0,14.402765059305953,6.58769029970808,Low,9,0.17198709107807397,12.620919223109208,Low
PRV52571,1.0853084,0.0,13.177384927041654,3.837000448049934,Low,57,0.1870038114764857,12.377443661244852,Low
PRV52572,0.025823578,7.92454266410894,12.508851616558086,5.121260359286,Low,2,0.04644222081751648,8.117401645383277,Low
PRV52573,4.059936,0.0,15.920670934928092,6.010135757032193,Low,58,0.10245465558853195,11.710416305658057,Low
PRV52574,99.63764,1.5636003115000758,22.841763998556473,55.920162030883276,Medium,151,0.23260343114771886,52.553791924015336,Medium
PRV52575,0.27064198,0.2794059556928167,13.094088709817274,3.4786946576552173,Low,9,0.0596456312434297,7.501435703685664,Low
PRV52576,10.400189,5.4358328449075355,8.846474190372138,8.770671458679537,Low,4,0.20175480391664513,14.794649612197704,Low
PRV52577,0.11419807,0.0,6.271243879739409,1.624910003081949,Low,1,0.00609474619892314,4.586064271744471,Low
PRV52578,97.58665,0.5980397338842359,26.415998202536233,55.54683300095082,Medium,37,0.18778032198215666,48.05775716814506,Medium
PRV52579,0.08876256,0.0,5.845371531852331,1.5057241624614215,Low,0,-0.033194601211542385,3.4464634878871676,Low
PRV52580,0.45742965,0.0,8.242705766706294,2.289391265399413,Low,3,0.0437798940735058,6.092189740678783,Low
PRV52581,0.2601043,0.0,8.195358089057477,2.178891671560176,Low,14,0.10329628345580555,7.869386846002573,Low
PRV52582,18.210674,0.0,21.422810779290483,14.461039837766958,Low,19,0.21825050458784057,19.61275595257001,Low
PRV52583,59.700764,1.6251343044605289,10.79707588452219,32.95593439844197,Medium,38,0.17901229856425416,32.04126403294334,Low
PRV52584,6.1342254,1.7551622097731447,8.601829943316346,5.656360722522251,Low,6,0.19712853412825215,12.5471216791953,Low
PRV52586,0.22160377,0.0,22.51416258649294,5.739342529665094,Low,0,-0.08427359810249302,5.0717992280406685,Low
PRV52587,1.0139276,0.9621988305515019,18.175974571941623,5.291507140086324,Low,13,0.1451267459191098,11.117270696770571,Low
PRV52588,25.314587,1.0097998441714455,18.068463769050148,17.426859223007547,Low,18,0.1977632798130744,21.1252477152818,Low
PRV52589,98.590294,5.270274290077434,13.345926395269947,53.94919711347551,Medium,103,0.22972024971482508,49.80999062230061,Medium
PRV52590,99.667206,0.8942696210597253,20.17865645860088,55.101834425188585,Medium,121,0.21322516946492043,50.66791055991309,Medium
PRV52591,0.2197394,0.0,6.849906813257127,1.8223464069647564,Low,5,0.06700668181483416,6.427458440133169,Low
PRV52592,1.2383487,0.0,16.79336250920805,4.817514988530955,Low,8,0.15020661702236737,10.78433340534103,Low
PRV52593,93.705376,1.7226639107512542,30.661553164115574,54.94874210441007,Medium,50,0.12435589877560183,46.326457090097,Medium
PRV52596,0.30721506,0.0,7.503540646623234,2.02949269403782,Low,0,-0.012344862039561644,4.359334991306857,Low
PRV52598,2.2491064,0.0,6.981626709028246,2.8699598808398252,Low,4,0.049062177899035775,6.6638217372717925,Low
PRV52599,1.8241463,0.6376614764520033,17.86268275654183,5.537159193624435,Low,35,0.11009418038815977,10.962027738076756,Low
PRV52602,6.253109,2.5943511655155507,10.426823996745565,6.381848279701021,Low,16,0.20286083430726498,13.473597462086104,Low
PRV52604,0.120355934,0.853643347808708,5.37484609025903,1.6173003264692585,Low,1,0.05123618022702392,5.763378907413598,Low
PRV52605,21.086294,2.1979044725962527,26.976847032192243,17.83683496329429,Low,97,0.13441094912333906,21.873295085021137,Low
PRV52606,0.50964904,0.08546064908660887,11.571916220217668,3.1691687364834786,Low,5,0.09142451147216624,8.009946501286842,Low
PRV52607,0.061010282,10.455300492601758,2.514162586492939,3.2728709110170127,Low,1,1.3097196322364724e-05,5.58030634764479,Low
PRV52608,0.16124976,0.0,17.514162586492937,4.459165525029759,Low,1,0.024029657461141274,7.039912320208783,Low
PRV52609,92.25724,5.7280245063685475,22.6505414996237,53.22326164920314,Medium,16,0.15680666701452162,45.056033097228685,Medium
PRV52610,0.08613527,0.0,8.640038375848864,2.2030772280678983,Low,4,0.07999293610047331,7.00734578146008,Low
PRV52611,2.4283853,0.3856748937373011,19.33128546777613,6.143432719238831,Low,9,0.1947551391253377,12.90642941402145,Low
PRV52614,0.7544916,0.04615874430492046,17.313162373551922,4.7170760930723805,Low,19,0.129017369321898,10.454200019744148,Low
PRV52615,0.16277614,13.536609146942139,12.339599341177458,6.550440193209289,Low,3,0.11871549430568307,11.038130205748125,Low
PRV52616,0.31815127,1.4724421792567264,7.205107972861787,2.3284631707210117,Low,2,0.045427364630942324,6.135855823775746,Low
PRV52617,42.41347,6.320312649121922,20.219132309827607,27.841596850699297,Low,56,0.21980800278365886,30.013238691191148,Low
PRV52621,59.95285,0.0,17.98506205739241,34.47269068524654,Medium,25,0.19578344422846705,33.19338032367916,Low
PRV52622,0.29753226,0.0,15.612941328354268,4.052001462297536,Low,4,0.09220651831411453,8.621571239518424,Low
PRV52623,34.98035,2.2459821059777183,17.993464346585323,22.550036860333144,Low,25,0.21505184739391492,25.35232742183291,Low
PRV52626,0.16921197,0.0,11.675518283224754,3.0034855551959705,Low,0,-0.076764163558809,3.353435857345331,Low
PRV52627,0.47323313,2.6577379265616403,12.677288606536372,4.0703732000517325,Low,3,0.18003816953919238,10.908650240045125,Low
PRV52628,99.21045,0.0,30.644156824486775,57.26626381549669,Medium,196,0.1428617400738752,52.35301211365422,Medium
PRV52629,0.6940564,0.0,8.046367393780086,2.358620044303023,Low,5,0.05257177777437039,6.424676017608068,Low
PRV52630,98.92537,7.348809061812468,20.020346134178084,56.30497343034529,Medium,113,0.21160916766381044,51.25300581258322,Medium
PRV52631,7.573764,0.0,15.534407915387415,7.670483902522391,Low,99,0.169768175548055,15.736849694621313,Low
PRV52633,5.6320233,0.1297063273755853,19.285226302875973,7.669744824814476,Low,36,0.1276917564568918,12.94271479800001,Low
PRV52634,29.117662,0.21066599193921193,21.699122205228456,20.036278264196703,Low,59,0.16963116782969867,23.31549083695401,Low
PRV52636,0.79308736,0.0,4.784564900293464,1.5926849066949176,Low,2,0.04338295843284934,5.56725050240507,Low
PRV52638,0.09692245,0.11113761416566882,5.014162586492939,1.3297862750484468,Low,0,-0.08570663816844792,1.947566236947129,Low
PRV52639,0.16816133,0.0,10.08442370105568,2.6051865915675547,Low,4,0.058665016887719634,6.730061167191462,Low
PRV52640,0.14008024,0.0,6.226915408469652,1.6267689737919506,Low,5,0.0791339741865742,6.608272059800941,Low
PRV52641,52.52998,4.821818252011053,11.445566889928783,30.331836138390234,Medium,25,0.1894492628083163,30.128835590825236,Low
PRV52642,99.223,1.8948841490458435,21.973005888344932,55.57847229572465,Medium,167,0.20345638817778988,51.980528213381604,Medium
PRV52643,0.15978843,0.5671816277824536,6.832344404674756,1.9297757229828478,Low,1,0.05737936686286427,6.143054443151069,Low
PRV52644,1.6149085,0.0,13.754429549785485,4.246061615847555,Low,12,0.13817067739352107,10.176374083928147,Low
PRV52645,0.8636793,0.0,11.403479993413558,3.2827096432622946,Low,31,0.1802033979283889,11.113292351589402,Low
PRV52646,37.415962,0.18524357520210527,16.757365523223093,22.943633384225443,Low,36,0.19614103522763626,25.427710602299825,Low
PRV52647,0.46583036,0.7297675222364151,9.545055957768083,2.801621047942447,Low,14,0.14188830247531636,9.31635345462102,Low
PRV52648,96.18407,4.188992363115758,21.486259927649378,54.51084645892175,Medium,88,0.1395912541632176,47.43920902267067,Medium
PRV52649,99.260025,0.0,15.963022025706493,53.620768018633655,Medium,209,0.12893706708456054,49.7853517040968,Medium
PRV52651,0.9284043,2.0662491818536894,22.51416258649294,6.6093050778879725,Low,3,0.18345831736446427,12.775505566290578,Low
PRV52652,92.1742,0.0,29.589917523621146,53.484580363571304,Medium,69,0.1328552277075845,46.0342813230138,Medium
PRV52653,11.798159,0.11529596039170402,14.676968892260438,9.597145535977978,Low,4,0.194685557716474,15.187977263807404,Low
PRV52654,3.5238013,0.0,14.089838028434645,5.284360170484516,Low,65,0.19193894867549988,13.734654147626719,Low
PRV52656,7.5665207,0.0,16.81087854139883,7.9859799808086915,Low,82,0.1138391771515026,14.036060847758879,Low
PRV52657,0.38227564,0.8819799955271209,16.002512268562924,4.4122608865047654,Low,9,0.08950857090352571,8.937298636980625,Low
PRV52658,0.26102096,0.0,9.466795478762863,2.497209348902523,Low,3,0.058835323119992955,6.6320932409611055,Low
PRV52659,0.028325101,0.0,4.397910066385637,1.1136400672767486,Low,1,0.036072898848520274,5.013560306346877,Low
PRV52660,8.475265,0.14024165310003853,18.54161532528759,8.908096519224593,Low,42,0.10787623764163157,13.451496381620649,Low
PRV52661,0.77331054,0.0,12.930553346499588,3.619293607678211,Low,26,0.10631569975051147,9.27892026753502,Low
PRV52662,0.29790407,0.10835131323776272,9.60730514131608,2.5778661507344847,Low,3,0.1238872508610458,8.392821046837273,Low
PRV52663,9.520505,1.2277293929965463,20.061984542210904,10.082680959540388,Low,54,0.12806343665207898,15.124729061640677,Low
PRV52665,14.493301,0.0,14.735166371809994,10.93044228875328,Low,58,0.14514311112149425,16.27300773715423,Low
PRV52666,0.6060348,0.0,9.171632445740256,2.59592551909078,Low,3,0.09219160471418175,7.575081726569162,Low
PRV52667,0.027644398,0.0,6.680829253159605,1.6840295121353475,Low,0,-0.09923987694166908,1.8409848826566937,Low
PRV52668,0.19399132,0.1483135370344614,10.662510381079557,2.7997016387010394,Low,1,0.0069127611817603185,5.429849246534219,Low
PRV52669,0.06112273,0.0,2.514162586492939,0.6591020118104028,Low,0,-0.09663167501760112,1.191866815645374,Low
PRV52670,0.029426476,0.0,6.092542386598146,1.5378488346429557,Low,2,0.028853036177586944,5.148201941134196,Low
PRV52671,0.22127557,0.0,10.014162586492938,2.614178430627446,Low,0,-0.09312002131782121,2.6524206444266913,Low
PRV52672,0.38290045,1.4005784350080035,18.389983679305093,5.139090751904957,Low,0,-0.09120943891855321,4.469913812555967,Low
PRV52673,0.6300124,0.08098751342619025,18.180658790501163,4.880417772480709,Low,5,0.09272333180094483,9.241848073007365,Low
PRV52674,0.050027583,0.0,4.223317012638423,1.0808430445568198,Low,0,-0.020679105247819074,3.4769349105755034,Low
PRV52676,0.5927039,0.0,9.981080847343184,2.7916221512755697,Low,3,0.0789617789816649,7.365466739254477,Low
PRV52677,0.044072494,0.0,3.7854064662323474,0.9683878635134816,Low,0,-0.1016898945345242,1.275848750046108,Low
PRV52678,0.15516482,0.0,16.242692232960515,4.138255469708158,Low,11,0.07168893632532547,8.332337022561516,Low
PRV52679,0.26664346,0.4294665619815364,15.492988438086847,4.113935482299734,Low,5,0.0931144859600248,8.71555815287762,Low
PRV52681,0.10576119,0.0,2.524784526362643,0.6840767279601657,Low,0,-0.0482237011239513,2.477569227795809,Low
PRV52683,0.8026534,0.885183472612896,16.61301339188831,4.775875902269176,Low,8,0.0946454167183931,9.299561569473088,Low
PRV52684,35.040146,1.1926452103927352,18.700814985665065,22.49343798602617,Low,21,0.22834590203270055,25.55361099537832,Low
PRV52686,0.09054112,0.0,11.211713245840022,2.848198869906651,Low,0,-0.001932884017068759,5.2052083394330655,Low
PRV52687,1.6413398,6.611051597208273,19.97778515327721,7.467879077071444,Low,8,0.1929587616610524,13.759633690655564,Low
PRV52688,43.523224,11.610962736369164,19.82144967732393,29.619715041899834,Low,10,0.22979313330433304,30.284618323346898,Low
PRV52689,0.15610676,0.0,4.81645119302931,1.2821661758260492,Low,0,-0.0011966015456020274,4.1282750078064625,Low
PRV52690,93.17189,4.701540435215285,25.53903223419268,54.14608829674653,Medium,15,0.13172855645134274,45.01815526119842,Medium
PRV52691,1.445065,3.1204403660553233,12.725111733683073,4.683920535692046,Low,4,0.1513307225946967,10.612884706254318,Low
PRV52692,0.34332907,2.101495301401064,14.646587266261124,4.358685177914845,Low,6,0.10085650990610318,9.116558600574548,Low
PRV52693,0.11449798,0.7851416321502559,6.589408914336584,1.900886627604481,Low,1,0.041846463941060064,5.71589209768513,Low
PRV52694,0.015935559,0.0,5.014162586492939,1.2615084260361005,Low,0,-0.01119302708294223,3.851922442396704,Low
PRV52695,0.037524197,0.0,8.046028406102051,2.030269200150815,Low,0,-0.06877799006365548,2.881410803157494,Low
PRV52696,9.677478,6.132979932966542,36.40305147538183,15.472746770391536,Low,3,0.1953524736858523,19.29152474078289,Low
PRV52697,0.15113811,0.0,5.51416258649294,1.4541097025977185,Low,0,-0.05215451235514185,2.9136106428835875,Low
PRV52698,2.2079637,1.4309415581330607,18.44644869011858,6.073329414594343,Low,12,0.1352073685626829,11.377827063612205,Low
PRV52699,0.23696633,6.025895509970012,10.210637819133348,4.1776164956922255,Low,2,0.12097646986589827,9.409542325919226,Low
PRV52700,0.34787232,1.7054884946964393,21.793993096301094,6.048806556168039,Low,4,0.08037590491497548,9.7093895497335,Low
PRV52701,0.6127931,0.2676812295588794,12.287638318962294,3.4452264311099383,Low,7,0.08194604697096763,8.008555865074056,Low
PRV52702,0.09266337,0.0,10.703304630742707,2.7221578427220976,Low,4,0.07635755525867449,7.275460400848573,Low
PRV52703,0.042524744,2.263636995111849,6.884913810545059,2.3084000733268253,Low,0,-0.004329480775985661,4.764561753170841,Low
PRV52704,2.976346,1.3836181772108576,19.397900075166696,6.683552571059476,Low,17,0.10087795076084638,11.039829509117702,Low
PRV52706,2.7014027,2.680218478758685,8.137373894413127,4.055099425385238,Low,6,0.19084297463985134,11.261566046647456,Low
PRV52708,0.9191661,10.9817573451172,24.206013628834384,9.25652578754002,Low,8,0.15228128480445524,13.94599431168784,Low
PRV52709,0.26304865,8.55052932544002,30.515619309675067,9.898061483195885,Low,3,0.02388502333909248,10.897041557672365,Low
PRV52710,0.18659543,0.0,6.608421825412883,1.7454031688580844,Low,2,0.07428633817521124,6.483777910334794,Low
PRV52711,0.18952075,0.6934710997846195,17.066249512659297,4.534690526345728,Low,3,0.0794926636115374,8.599523024527958,Low
PRV52713,1.209586,4.816970547375635,15.942529283797036,5.794667969935349,Low,8,0.039774641658143706,8.575179701397335,Low
PRV52714,0.040510815,0.0,5.0194735564277915,1.2751237964254207,Low,0,-0.01155567904737631,3.851952235660128,Low
PRV52715,0.048704214,0.0,7.5141625864929384,1.902892753820281,Low,0,-0.0697195725398328,2.767579168178142,Low
PRV52717,35.00846,4.811596395248699,17.387869374113478,23.054096941608123,Low,28,0.22577335969798573,26.066594774712726,Low
PRV52719,0.38637248,0.6897713703806126,21.197805496858628,5.665080455217899,Low,3,0.057722751580539744,8.820455222413113,Low
PRV52720,0.8297627,2.3654998392041477,17.334026288458166,5.339762880525503,Low,5,0.07790023104022925,9.175045477673608,Low
PRV52721,0.05254501,0.0,6.442734015064368,1.6369560092878663,Low,1,0.024156425560306838,5.067686803204463,Low
PRV52722,44.486183,2.3702156125379186,19.950668855786237,27.82331270033299,Low,31,0.1978182595322786,28.753198828497375,Low
PRV52723,37.114594,4.509064867266974,19.874043191865905,24.653073767712907,Low,34,0.21303272291972686,27.01316580393324,Low
PRV52724,0.0649849,0.23793385808518172,15.402690121152926,3.9426484461792892,Low,3,0.08418787388800808,8.308101404069909,Low
PRV52725,0.81735915,0.0,8.504209274856303,2.5347318934420877,Low,3,0.1371393713302339,8.709813786988567,Low
PRV52726,0.03165501,0.0,10.035406466232349,2.5246791214760664,Low,0,-0.031477963470048664,4.204705428063971,Low
PRV52727,0.1602709,0.27354002683181516,13.870381985189983,3.6161159527725624,Low,1,0.027835896656617454,6.549495676513272,Low
PRV52728,0.90612996,0.4613797615278467,9.629361739435383,2.9757503533635186,Low,0,-0.001370017530676726,5.309240679760315,Low
PRV52729,0.33820534,0.0,15.035406466232345,3.9279542853202933,Low,0,-0.02375975835008365,5.389204046548349,Low
PRV52731,0.85823286,1.3704058121002176,17.753945731783485,5.210204313869332,Low,2,0.02837698993403559,7.706379041644803,Low
PRV52732,0.14810671,2.041526646194654,23.37202417081428,6.427441058813563,Low,1,0.05145400167351322,9.136184032349894,Low
PRV52733,0.017330337,0.0,7.5141625864929384,1.8872058152811335,Low,0,-0.07244144758733456,2.6852890537210863,Low
PRV52736,0.033684876,0.0,7.503540646623234,1.892727599563862,Low,0,-0.07123315434489708,2.7208098682509196,Low
PRV52738,0.50132257,0.0,14.005068875349977,3.751928502568955,Low,6,0.1147340898186403,9.055401796500973,Low
PRV52739,3.0325305,0.07069116445426905,15.418000532910261,5.38843819743531,Low,7,0.052452690288605774,8.596120077107635,Low
PRV52740,1.0685527,1.7494892509969526,14.12857446624504,4.503792295544324,Low,3,0.03169535170873028,7.325672628310796,Low
PRV52741,0.027449053,0.0,7.535406466232347,1.89757614294852,Low,0,-0.0925540654433889,2.165626282534408,Low
PRV52742,0.11397397,3.3271691878509957,17.51841136244082,5.268382121438453,Low,1,0.02112455614761055,7.530254412475782,Low
PRV52743,0.2005279,0.0,11.306650345971756,2.9269265397018622,Low,0,-0.052044035710162084,3.94747675992785,Low
PRV52744,0.18298137,0.0,5.014162586492939,1.3450313325630237,Low,0,-0.08958066763710937,1.856743711519749,Low
PRV52745,0.19208384,0.0,7.668956728506412,2.0132810999275064,Low,11,0.1693957607855836,9.404634887981118,Low
PRV52746,0.074215874,0.0,2.514162586492939,0.6656485836611795,Low,0,-0.11843834977419826,0.6251455324579225,Low
PRV52747,0.31120545,0.0,7.939040181281107,2.1403627686803386,Low,3,0.05910137669068016,6.3892708601996215,Low
PRV52748,0.105243266,0.0,5.349138105450573,1.3899061591770505,Low,0,-0.03231090697369754,3.388542418571814,Low
PRV52750,0.3649956,0.0,6.79525957997815,1.8813126943910523,Low,4,0.04938410114497438,5.980202638232351,Low
PRV52751,0.037014972,0.0,5.858117859695977,1.4830369511332675,Low,0,-0.092804962667903,1.8688756975967942,Low
PRV52752,0.3306353,0.0,7.535406466232347,2.049169271167767,Low,0,-0.027218799759045675,3.983432568270605,Low
PRV52753,0.01839648,0.0,3.764162586492939,0.9502388866277146,Low,0,-0.09095116195770686,1.544483996131476,Low
PRV52754,0.01723039,0.0,7.5141625864929384,1.8871558414431022,Low,0,-0.0899913304586284,2.2254720855118006,Low
PRV52755,0.06966435,2.0143229074096363,14.074406509966739,4.0570145301651594,Low,1,0.008476983333730481,6.350948667617592,Low
PRV52756,0.012409915,0.0,6.271243879739409,1.574015927542986,Low,0,-0.0033596415082541298,4.275901261445773,Low
PRV52757,0.031428933,0.0,0.014162586492938941,0.019255113195042597,Low,0,-0.08442549606330901,1.0637585258399718,Low
PRV52758,0.02619547,0.0,9.389162586492938,2.360388381745081,Low,0,-0.07415339433889206,2.97166627864804,Low
PRV52760,0.06597331,3.3745064840397494,6.546028406102051,2.513120378366787,Low,1,0.004796937860637285,5.173810800633902,Low
PRV52761,0.035136357,0.3128949560200175,5.5058848305823584,1.4722631251254972,Low,2,0.06888375659824031,6.151039921419839,Low
PRV52763,0.023576394,0.0,2.514162586492939,0.6403288434849786,Low,0,-0.09273148970000372,1.2809049095704,Low
PRV52764,0.024280746,0.0,3.358117859695976,0.8516698376920385,Low,0,-0.01809019852536603,3.3843393421294192,Low
PRV52766,0.050402142,0.0,6.661722023373786,1.6906315768971898,Low,1,0.027458005589378054,5.191756404558166,Low
PRV52767,0.038772296,0.0,10.077894225711164,2.538859704508021,Low,0,-0.04389556148375007,3.889308418107104,Low
PRV52768,0.23890871,0.0,5.124015700238741,1.4004582791074605,Low,2,0.08517557598876357,6.527599040695064,Low
PRV52769,0.028756604,0.0,5.014162586492939,1.2679189484225322,Low,0,-0.10986474646499345,1.2713510083134203,Low
PRV52770,0.03646726,0.0,4.352986571555745,1.106480273695144,Low,0,-0.04790308839647178,2.7816513075640827,Low
PRV52771,0.025732324,0.0,4.410406466232347,1.1154677783217548,Low,0,-0.09662112623833213,1.5115992152265527,Low
PRV52772,0.04225427,0.0,6.497845263626431,1.6455884504681464,Low,2,0.04344634756806354,5.605943688290148,Low
PRV52773,0.025513679,0.0,5.035406466232348,1.2716084559526564,Low,0,-0.014302251131909693,3.777535212582698,Low
PRV52774,0.0501531,0.0,6.896243879739409,1.7491375194350793,Low,0,-0.04257174973554789,3.3711848747455955,Low
PRV52775,0.04045779,1.196151926100969,7.64162586492939,2.2296733421850083,Low,1,0.02574192268923714,5.524126707447902,Low
PRV52777,0.078921705,0.0,3.7854064662323474,0.985812469300282,Low,0,-0.10450818215827434,1.2142108441565083,Low
PRV52778,0.069595106,0.0,7.5141625864929384,1.9133381995962666,Low,0,-0.12264203921075034,1.3883975753317266,Low
PRV52781,0.048878457,0.0,5.014162586492939,1.277979875321846,Low,0,-0.11701712277266818,1.0910115639849653,Low
PRV52782,0.4060334,1.132235956870816,11.348214647004758,3.323129349329337,Low,0,-0.018443224813908587,5.105112213293233,Low
PRV52783,0.014171332,0.0,5.014162586492939,1.2606263126836825,Low,0,-0.1231107396596674,0.9192199689234601,Low
PRV52784,0.031568028,0.0,3.7854064662323474,0.9621356305744767,Low,0,-0.10423286144684285,1.204850068358045,Low
PRV52785,0.05561281,0.0,2.514162586492939,0.6563470516012716,Low,0,-0.10561949078512284,0.9544703453136357,Low
PRV52786,0.044187356,0.0,3.7854064662323474,0.9684452944513678,Low,0,-0.1039782394193553,1.2159375682824236,Low
PRV52787,0.6061902,0.0,23.555661417313182,6.192010456638476,Low,11,0.1308430671022781,11.319719660441049,Low
PRV52788,0.34064692,0.0,12.665766882992813,3.3367651820423774,Low,35,0.13574963596932588,10.09388840055209,Low
PRV52789,0.13093974,0.0,7.708080873693154,1.9924900869044477,Low,5,0.0943497767080167,7.262909237905188,Low
PRV52790,0.4043785,1.6790880409161306,19.040128291837917,5.381993334969022,Low,1,0.04148481831156514,8.143192191376249,Low
PRV52791,0.48129103,0.0,2.514162586492939,0.8691861595617342,Low,0,-0.10523420860058541,1.113551566496073,Low
PRV52792,0.034983773,0.0,8.599138105450571,2.1672764127548785,Low,0,-0.06098026645560645,3.181605127137144,Low
PRV52793,0.05597104,0.0,7.412888191735238,1.8812075685946867,Low,1,0.060952663956985065,6.202672040003008,Low
PRV52794,0.02105945,0.0,15.014162586492938,3.7640703715042876,Low,0,-0.09754336783558831,3.341459611443726,Low
PRV52795,0.12756748,0.39561982636575577,12.850441489350374,3.375299071416463,Low,3,0.05019568239131966,7.020409739671199,Low
PRV52796,0.10897575,5.816232551842513,25.346521820499333,7.8451764696795285,Low,7,0.0946063249270408,11.42020217970653,Low
PRV52797,0.053597357,0.0,5.014162586492939,1.28033932518528,Low,0,-0.11129612656160498,1.2425451480228389,Low
PRV52798,0.6941993,0.43409822053948455,13.60973762629574,3.8580586235358934,Low,7,0.06873655336459317,7.951468442733844,Low
PRV52799,0.015597045,0.0,5.035406466232348,1.2666501392688871,Low,0,-0.1070943817029108,1.3430424609861893,Low
PRV52800,0.189151,0.774445986021232,13.36873979956568,3.6303719483751253,Low,0,-0.04403651485777477,4.649674210760148,Low
PRV52801,0.53182304,0.2294631242519277,12.538581849248137,3.4579227629024514,Low,3,0.09722644271785685,8.310385396615208,Low
PRV52803,0.238422,0.0,17.514162586492937,4.497751649807553,Low,2,0.08531497961331302,8.69935657700556,Low
PRV52804,0.93399763,7.290961563711268,26.6702073132899,8.957291034786792,Low,1,0.17185195861293745,14.061334358478497,Low
PRV52806,0.094984956,0.0,28.347495919826272,7.134366457999409,Low,2,0.10764469083439798,11.129993638169214,Low
PRV52807,0.11717644,0.0,30.847495919826272,7.770462201625765,Low,2,0.09435822502290592,11.22717413930043,Low
PRV52808,0.14474633,0.0,21.046028406102053,5.333880268205849,Low,4,0.09512757559689888,9.595413952588595,Low
PRV52810,1.1243899,0.5360687177003692,30.25927087407887,8.26102984137285,Low,6,0.1790802895795639,13.89755170827178,Low
PRV52813,4.069537,0.23641261322213408,30.935462640524992,9.827737394827162,Low,17,0.1689374354020433,15.023820646310941,Low
PRV52814,0.25741816,0.0,25.45207313289901,6.491727361059835,Low,2,0.059810720959992736,9.426964248903644,Low
PRV52815,94.891365,1.7948514638585595,25.087850186811263,54.16635793830222,Medium,26,0.21537059736023567,47.518948610054245,Medium
PRV52816,0.24960746,0.0,22.51416258649294,5.75334437597857,Low,1,0.05177303071193329,8.672674461716824,Low
PRV52818,0.5031356,0.0,10.067208348376154,2.768369897867888,Low,4,0.06178068591865016,6.92591558172408,Low
PRV52820,0.1734904,0.0,8.244014539602812,2.1477488374420544,Low,2,0.007490076670663148,5.0154527684728105,Low
PRV52821,99.38028,11.300849392505132,23.107159712665023,58.29214204680035,Medium,211,0.21768218837302755,55.43400083795472,Medium
PRV52822,0.7729212,0.0,16.50479054335679,4.512658238122675,Low,13,0.10338630971856788,9.478536365137057,Low
PRV52823,3.6999855,0.25041155081866817,12.32401455296846,4.993599278021978,Low,12,0.17079970294193658,11.554484539220066,Low
PRV52824,0.9803529,0.0,8.082637728745041,2.5108358714715386,Low,3,0.08200763346185369,7.248713401516234,Low
PRV52825,0.11029458,0.0,9.158260584569392,2.3447124363721454,Low,1,0.017864118198667178,5.398266792923824,Low
PRV52826,6.3631825,3.1174258915324367,20.67749969073074,9.13032266791992,Low,28,0.07749203406170846,12.435192812636929,Low
PRV52827,29.545603,2.7717024703797,21.5894330354267,20.863085275682558,Low,98,0.1115554854535058,23.419735278973864,Low
PRV52828,93.804634,0.815480895549475,18.368631216509065,51.69834507513378,Medium,26,0.19261541152841966,45.19518608035851,Medium
PRV52829,22.399845,0.0,17.117047894913494,15.479184535373882,Low,59,0.17192607302571594,20.185648481026753,Low
PRV52830,0.16999178,0.0,11.703214102377082,3.0107994137678507,Low,2,0.06404228012448965,7.101175521339245,Low
PRV52831,46.41942,2.495219055918116,23.304194724964283,29.659562612701066,Low,20,0.1985178691355588,29.761600530940903,Low
PRV52832,0.19109988,0.0,6.8152378553101425,1.7993594048904629,Low,3,0.09862554319310057,7.186045489832455,Low
PRV52833,0.6932122,0.385389855191345,18.531861133781174,5.075918852809155,Low,4,0.16114151272672161,11.144312285028608,Low
PRV52835,29.27812,7.871605922190618,10.425561992383312,19.213351999090257,Low,13,0.1925645265073752,22.105364523312016,Low
PRV52836,4.45355,8.559249710123733,11.738505768793031,7.30121380068317,Low,5,0.1975605754635088,13.68299206522141,Low
PRV52837,0.7544567,0.0,10.987962086302504,3.1242188710228764,Low,6,0.17959398932098658,10.3152422320997,Low
PRV52838,0.6202271,0.0,10.744828956254524,2.996320788296114,Low,10,0.07858552297336452,7.686817875633956,Low
PRV52839,0.09361446,0.0,9.179615317174497,2.3417110588125145,Low,4,0.07349632275920448,6.934187427467783,Low
PRV52841,0.10195917,0.0,16.114651757734343,4.079642523889076,Low,1,0.14071047599509812,9.831117819527034,Low
PRV52842,78.77313,1.6418559451363839,15.791209875517536,43.74483261727285,Medium,59,0.25718540491146613,42.20527544954066,Medium
PRV52843,99.04383,7.6655513809592914,15.189933444253734,55.235786642094276,Medium,57,0.22544718430808353,49.3637557233832,Medium
PRV52844,1.4927622,0.0,9.65298646386878,3.159627719959657,Low,10,0.1444692583024202,9.527192948899696,Low
PRV52845,23.653435,3.025059595597075,15.352321831950302,16.42106273359583,Low,18,0.24212427751167842,21.583385259439936,Low
PRV52846,99.86408,2.834329171629078,22.80147011016438,56.340990988661254,Medium,177,0.20097542070546937,52.717749852849806,Medium
PRV52847,98.88948,2.031462736847078,23.978791344727423,55.947303815803785,Medium,62,0.19938006333262204,49.313124414110824,Medium
PRV52848,0.09789034,0.0,7.312588965771501,1.8770924113387626,Low,2,0.04107443886366435,5.705855824180979,Low
PRV52849,0.5112686,24.010022747718306,12.11581093814129,9.287092729326227,Low,3,0.19387663301551517,14.922901984175551,Low
PRV52850,5.651567,3.007659536858931,21.300511839386477,8.902826335195996,Low,11,0.16797259105163997,14.19003152847657,Low
PRV52851,1.9365726,5.234684171735514,14.105348577994556,5.803294463296165,Low,9,0.147758063216893,11.437076045834097,Low
PRV52853,0.11454245,0.0,11.534561773581583,2.940911666910668,Low,4,0.06775121806866535,7.203114276107584,Low
PRV52855,0.3092922,3.3275498704962234,7.934183549960565,2.9700794537279362,Low,5,0.14003530183898283,9.144117617525268,Low
PRV52857,35.4638,2.655468459591623,19.94803176189855,23.38277431684715,Low,54,0.19776735953783975,26.26093811697975,Low
PRV52858,13.76489,5.300513629189657,12.909757660971596,11.43501268109134,Low,19,0.20294399895290482,17.093528251319853,Low
PRV52859,14.812681,1.0938889151330906,18.51045072816532,12.307425509884661,Low,102,0.1180981219666477,17.709563770452007,Low
PRV52860,95.61372,2.5688751292961562,19.899981343346766,53.42407599560214,Medium,37,0.10797787574415418,44.48111660098719,Medium
PRV52861,0.031621523,0.0,5.54428637753896,1.4018823559854727,Low,1,0.018089241028456327,4.7441836348129955,Low
PRV52862,33.567,0.8241590886489852,22.205641413062068,22.54095079681448,Low,57,0.20948281170002825,26.059126760480332,Low
PRV52863,1.0911859,1.4460357592692707,12.679666886198385,4.07701862506244,Low,4,0.08297835986655311,8.397318618664993,Low
PRV52864,0.38996154,0.0,11.446419287358268,3.0565855921890694,Low,5,0.07552542681157903,7.514604880499711,Low
PRV52865,3.3450491,2.259617554913653,11.280892847658262,5.057652172061741,Low,8,0.2247178130170998,12.904516861625252,Low
PRV52868,75.04971,0.13863217813121453,17.165318788331295,41.85084430899844,Medium,47,0.2152665064071162,39.45912042378235,Low
PRV52869,8.175096,3.6058328805465085,11.635145922897701,7.897792479944304,Low,10,0.21752768084692442,14.75793510922002,Low
PRV52870,97.87215,4.848199570696008,21.90708461085101,55.62489434860941,Medium,84,0.22981010757368892,50.47526572098222,Medium
PRV52872,0.577969,0.0,7.7818677378937995,2.2344514417957613,Low,13,0.15438324645283308,9.219838865129168,Low
PRV52873,0.22557278,0.0,10.129970581949518,2.6452790353747124,Low,3,0.09821878111730575,7.767532642941034,Low
PRV52875,0.020745995,0.0,6.081178596959765,1.530667646501525,Low,2,0.05076811533004011,5.7173190340079225,Low
PRV52876,67.470985,8.167900089389574,14.52613567054056,39.40900164628136,Medium,22,0.2069183988871427,36.859981068927645,Low
PRV52877,0.05908926,0.0,5.67772235793222,1.4489752186396445,Low,2,0.06767896858980227,6.103174653496405,Low
PRV52878,0.25628033,0.0,10.70563700916147,2.8045494186922304,Low,2,0.07710297390051946,7.29897213776782,Low
PRV52879,1.2540007,1.2927572858402305,19.124694348260892,5.731363240403943,Low,11,0.0977591301203119,10.130514484341036,Low
PRV52880,1.1384678,1.3471882478494608,8.897583468747538,3.130426823497394,Low,3,0.1425111534814113,9.267533295150715,Low
PRV52881,22.41264,0.13939144444882434,13.905005884031388,14.717419141080015,Low,38,0.21162649805074107,20.12874902281044,Low
PRV52882,0.21247429,0.0,12.110716081592289,3.133916163676194,Low,7,0.0731910305594683,7.561269691921134,Low
PRV52884,95.18665,4.590038223637246,26.686744907095743,55.41252235128676,Medium,65,0.10442826565145058,46.53171216316115,Medium
PRV52886,0.50203353,0.16930791760584699,15.13018272062934,4.075889425391698,Low,8,0.079874702378251,8.422599314452794,Low
PRV52887,97.811005,4.326813043419051,21.406169586009515,55.338747976693085,Medium,65,0.21732788138294457,49.437879562088995,Medium
PRV52889,22.51,0.5854947566376834,17.508267200854238,15.778440603813898,Low,74,0.20844877098479886,21.75465506731142,Low
PRV52890,0.36224687,3.9672993169737576,11.673636069348852,4.0913572820779365,Low,5,0.15330098113034463,10.27655403949522,Low
PRV52891,0.045292117,0.0,4.487846797019255,1.1446077576056153,Low,1,0.00591129639092558,4.245046575689758,Low
PRV52892,9.610752,11.891897636762334,15.387983520806085,11.62534634224855,Low,8,0.21470007065579033,17.239452169710113,Low
PRV52893,1.2572998,0.0,14.63166358257316,4.286565786066111,Low,42,0.12253500086074653,10.60046362936773,Low
PRV52895,0.11541893,0.0,9.427736901106181,2.4146436919425285,Low,11,0.10034385280490199,7.876526860932325,Low
PRV52896,54.703186,7.0847521943630865,15.79768132282802,33.072201396875904,Medium,24,0.24848093445215635,33.56679152598061,Low
PRV52897,0.21193276,0.0,9.731011552856678,2.5387192699428187,Low,3,0.0311347869391726,5.935435510191791,Low
PRV52898,68.3749,0.06995809930836475,16.02088691630207,38.21016166283815,Medium,52,0.21736171180611796,37.099762162801866,Low
PRV52899,0.021039803,0.0,2.514162586492939,0.6390605479137706,Low,0,-0.12224410483433984,0.5068285342078451,Low
PRV52901,0.2504067,0.1504339682195093,16.5428424192078,4.29852245300364,Low,8,0.0967391861567084,9.020267938270504,Low
PRV52902,8.882013,0.0,15.785021533369086,8.387262043803698,Low,21,0.14279185622492674,13.437893438775587,Low
PRV52903,99.29903,0.0,24.290057738050976,55.72202767914165,Medium,171,0.19524995046275528,51.973402528279216,Medium
PRV52904,0.05431351,0.0,9.180829253159605,2.3223640686180795,Low,1,0.12091914962816985,8.082518280627651,Low
PRV52905,1.4652532,1.5468892808615253,16.86636867096335,5.335941104911022,Low,9,0.11539914466085532,10.262171022475641,Low
PRV52907,4.4099274,1.7405442947891454,16.30987474185247,6.717568443242436,Low,25,0.10301170516997438,11.33430705300245,Low
PRV52910,2.768329,3.0871512106344627,14.792350910676792,5.854039982880609,Low,10,0.190550374965066,12.620541291639945,Low
PRV52911,0.017694883,0.16177601965834087,5.046028406102051,1.3107985479643651,Low,0,-0.0014594125547931491,4.141432393411588,Low
PRV52912,0.20344064,1.2323704807964062,7.4982040852799665,2.284363959717297,Low,1,0.18586058753680013,9.75729157242728,Low
PRV52913,0.6220818,0.0,6.870874424102988,2.028759514123968,Low,3,0.04568646084131156,5.9596968541843385,Low
PRV52914,0.87594706,0.15746188666926864,12.831305297382253,3.6851653251132985,Low,7,0.09291865712020886,8.463979880755044,Low
PRV52916,1.2814758,9.673137977839518,13.367183601073659,6.400818285925499,Low,7,0.1613894712432471,12.158774961656324,Low
PRV52917,0.34176052,0.5928979425263016,12.716342286185334,3.4981903152612523,Low,5,0.08660803347979273,8.114076728981278,Low
PRV52918,23.277832,0.604249494999423,19.46475232640409,16.656166470975876,Low,14,0.12013692559445799,18.44468009300758,Low
PRV52919,0.35870674,0.36654919047207823,13.730834277257213,3.703699238194873,Low,7,0.11243637031383624,8.988289963884226,Low
PRV52920,0.098838076,0.688030865739056,8.607464674859544,2.373292923147373,Low,3,0.12530071741124416,8.286650602096378,Low
PRV52921,1.5639391,0.0,9.363858436270698,3.122934156339403,Low,7,0.12101198560314486,8.806423338126919,Low
PRV52922,2.2437768,4.87746159102801,17.202138249120104,6.641788359161174,Low,8,0.13165357335422045,11.575261391234811,Low
PRV52924,0.41465196,23.053570631225515,13.31890404878306,9.300444650069396,Low,3,0.1641192683599506,14.152647670654105,Low
PRV52925,0.07779033,0.0,32.99456089237783,8.28753538677954,Low,4,0.10055210582181895,11.805087517271655,Low
PRV52926,1.7379363,11.414532888858716,12.27178871285495,6.790548529586436,Low,5,0.1858520492864567,13.01877963164818,Low
PRV52928,2.1877055,1.4127878114799768,16.74602163483664,5.633555119986747,Low,5,0.027579893572068914,8.062378726956199,Low
PRV52929,1.8403447,1.3094816879918139,16.572370391931305,5.3906353536981255,Low,4,0.04901143400475294,8.426965150367744,Low
PRV52930,0.67925495,1.135695380720512,20.590723626765406,5.771232226417912,Low,19,0.11990981326211048,10.953504289437397,Low
PRV52931,0.22335176,0.0,6.106835037660918,1.638384640264591,Low,1,0.04323995174417816,5.568648106340782,Low
PRV52932,0.2341188,0.0,10.246639766768492,2.67871934385992,Low,7,0.10911464846776653,8.183779646845998,Low
PRV52933,95.16056,4.29538696069689,25.347906466232345,54.991103660687386,Medium,4,0.16422193817089514,46.165644418786556,Medium
PRV52934,0.33491117,1.3974832005928415,16.145602559044498,4.553227023720141,Low,4,0.10002377699205944,9.177230198735955,Low
PRV52935,13.387277,4.663055157451176,28.56410419345175,15.00042816246328,Low,34,0.10575607878152016,17.445818282591116,Low
PRV52936,14.599822,4.541665714562024,19.78921296439553,13.382630691925668,Low,11,0.14195081458790126,16.644161021155092,Low
PRV52937,0.0903418,0.0,9.119170819098489,2.3249636042552035,Low,1,0.07013593249478911,6.753889847923322,Low
PRV52938,0.024952356,8.244217337181718,7.524784526362644,3.9547266437722186,Low,1,0.017752194674020005,6.522344500841763,Low
PRV52940,0.27615133,0.595551000596441,11.493637433932017,3.1603727732715874,Low,1,0.041509363561460066,6.58870084884765,Low
PRV52941,0.49177268,0.0,10.30337734557056,2.821730677129983,Low,3,0.08101331893882013,7.440290138252767,Low
PRV52942,0.5896749,0.0,9.060276313160353,2.559906523310764,Low,3,0.10601964969024058,7.912143553262957,Low
PRV52943,0.17479438,0.0,8.465891727070055,2.2038701197157406,Low,2,0.05787654943448395,6.374791635148897,Low
PRV52944,0.085577995,5.100749718632745,6.327894225711164,2.899949983378496,Low,1,0.030195297119269715,6.109992436500974,Low
PRV52945,0.5224659,1.837490763597981,19.883180653027186,5.69140079649905,Low,5,0.07239881800903092,9.277062816927288,Low
PRV52948,0.82747984,1.5828462546251771,20.95531949656403,6.048281357459778,Low,8,0.059338480303434915,9.265253837909224,Low
PRV52949,0.5301721,0.0,16.76053740274163,4.455220405487348,Low,9,0.12233261794289241,9.827313677905389,Low
PRV52950,0.28965273,0.4406209400344507,18.778943041984046,4.949717363002068,Low,11,0.10122535307560054,9.674172484836893,Low
PRV52951,2.114668,0.0,6.4553575041476146,2.6711733222649308,Low,4,0.05839183626069355,6.769094934539616,Low
PRV52952,0.062376693,1.6642469831003925,5.014162586492939,1.7007907388438934,Low,0,-0.05959806757366937,2.89127680150371,Low
PRV52953,0.42942306,0.0,13.486429690181762,3.5863189545421674,Low,9,0.12687457789029755,9.338075557104624,Low
PRV52954,0.06962164,13.652047223329527,7.5141625864929384,5.326363271187401,Low,0,-0.03927562097542808,5.961596789501087,Low
PRV52955,0.6863869,0.0,11.45076693751508,3.20588517600818,Low,4,0.04847607609009996,6.883614409557314,Low
PRV52956,0.5566764,2.101495301401064,18.708641875396214,5.480872488092752,Low,1,0.004692212509844418,7.2484936221037515,Low
PRV52957,0.011668222,0.0,2.514162586492939,0.6343747576357531,Low,0,-0.08686119979206952,1.4305303012673116,Low
PRV52958,0.30617368,0.0,6.275810892377831,1.7220395642008726,Low,0,-0.03548663130004559,3.5378363385863705,Low
PRV52961,0.025648821,0.0,4.046028406102051,1.0243315120981609,Low,0,-0.020290031262413244,3.447570023257793,Low
PRV52962,0.08866375,1.6092892513369272,21.35194332524685,5.784640018844345,Low,1,0.03381239774504596,8.224038356519495,Low
PRV52963,0.39215848,0.595551000596441,12.604748545043126,3.496154125659121,Low,0,-0.024377309776650036,5.070764965172515,Low
PRV52964,0.51552343,2.1094138860573115,19.632526969454904,5.693246930720705,Low,11,0.11481524285221056,10.55067897825851,Low
PRV52966,0.18090844,0.0,3.389983679305089,0.9379501405980618,Low,0,-0.01876424873813859,3.4270763966571476,Low
PRV52970,0.23700139,0.0,22.51416258649294,5.747041341255765,Low,1,0.03973459349355479,8.352872393245017,Low
PRV52971,0.0968973,0.0,21.969228970807087,5.540755891005519,Low,3,0.061136776983864216,8.822870640471677,Low
PRV52972,13.931021,1.9099617941641192,28.194533184940713,14.491634113123375,Low,17,0.20507246294601011,19.23523470987982,Low
PRV52976,0.94488806,0.0,19.827073132899013,5.4292123108870305,Low,4,0.14733919911213533,11.03001670704036,Low
PRV52978,1.80692,0.2851726977056789,28.212695072768717,8.027926968405952,Low,5,0.16446969761346597,13.324757317013383,Low
PRV52979,0.3910986,0.15007484078546102,25.174295355121235,6.526641843329205,Low,6,0.14207332494339964,11.713950236400818,Low
PRV52980,23.40999,2.5350077453460718,31.216811409001448,20.14294994392135,Low,43,0.11460935474721234,21.519137514473734,Low
PRV52981,11.671008,2.1533949011942277,20.22025396246165,11.428916270937163,Low,28,0.12845333770312017,15.379322055784652,Low
PRV52982,95.2493,2.9453853504332588,20.339867662057507,53.44596230097426,Medium,68,0.11098526458815605,45.40744109297836,Medium
PRV52985,99.85518,8.596472220487728,21.477735587990217,57.446141368623394,Medium,214,0.2367041763633989,55.42068632423338,Medium
PRV52986,0.79312754,14.561488024675127,15.498858241037656,7.911650334815037,Low,12,0.19835495027704098,14.319028593222756,Low
PRV52988,13.086528,2.2555896347192985,21.2260104874932,12.413663942754052,Low,21,0.14952920840407358,16.43288381893016,Low
PRV52989,99.50539,1.0784574260683462,20.533442521122627,55.155668163067276,Medium,74,0.21437187760455245,49.473891333358246,Medium
PRV52990,93.879906,1.0761693321565668,18.95023101567763,51.94655293730034,Medium,23,0.19586707391992952,45.37358360399743,Medium
PRV52991,27.947367,5.086012533294029,11.476722061752808,18.114367006000478,Low,11,0.21473162315866912,21.863130177816096,Low
PRV52993,0.041089963,0.0,12.290009102476224,3.093047257203009,Low,2,0.06317231785905819,7.135957236919301,Low
PRV52996,0.31524265,0.0,10.751069120348445,2.8453886041494587,Low,4,0.09450853650082192,7.837251843309446,Low
PRV52998,12.324988,0.6035199304986173,19.521305165151357,11.193700456499164,Low,16,0.22020492527706392,17.296284517052722,Low
PRV52999,1.8315997,2.9799443144091606,10.569723266233616,4.303216751346607,Low,11,0.19803153905198567,11.75780653279836,Low
PRV53000,15.605223,0.0,13.193447419261094,11.100973205828456,Low,69,0.10899075437559957,15.740541031308673,Low
PRV53001,0.35476023,0.0,15.24338279640752,3.9882258138956574,Low,17,0.08549494958806658,8.750088013162003,Low
PRV53002,15.252113,3.407457890679746,24.2660891894013,14.544443441162839,Low,39,0.1162554813642589,17.535926589834947,Low
PRV53004,0.11161121,0.0,8.85060213472891,2.2684561385871174,Low,2,0.0883816766965263,7.219192823850227,Low
PRV53005,94.09217,1.0097998441714455,19.354348187462335,52.13712236557446,Medium,17,0.21504816414909955,45.84842567905175,Medium
PRV53007,95.4841,1.2295088696810257,20.14795236458032,53.08641547946377,Medium,40,0.22628515913054004,47.42477381989997,Medium
PRV53008,97.775665,1.686329633948036,22.090229164137636,54.831972341122984,Medium,39,0.1656797455033815,47.032042290569514,Medium
PRV53009,4.4329085,3.2649500102317397,13.607458417977195,6.434556374554065,Low,5,0.15275820475412838,11.902573434652389,Low
PRV53013,0.057851534,6.918899421734164,8.146243879739409,3.7952115925367957,Low,2,0.02226137049261534,6.555663599844962,Low
PRV53014,0.038199026,0.0,3.1462438797394086,0.8056604830036473,Low,1,0.037917798260808655,4.846308339691042,Low
PRV53015,0.036695648,0.774445986021232,16.782635488744116,4.407618192683708,Low,1,0.01142438258796119,6.673588902525392,Low
PRV53016,0.45218676,1.5489162769883902,11.96647803522793,3.604941959697375,Low,5,0.13554304850621635,9.470830719495542,Low
PRV53017,0.22491759,4.218174455448474,18.35356559975182,5.75539380910914,Low,0,-0.04868442635829884,6.015420838316702,Low
PRV53018,0.17567672,1.6694878759051093,17.431671763313645,4.863128268981801,Low,4,0.04437585273682687,7.936264550677427,Low
PRV53019,0.05527745,0.10014950249701683,8.44529195160442,2.1639990875991266,Low,2,0.0406810026411224,5.896383027747227,Low
PRV53020,0.0992563,14.850827247352441,5.035406466232348,5.021186578114244,Low,0,-0.009626493084248344,6.5247381130080875,Low
PRV53021,96.79864,3.961740592012614,27.17539014553744,56.18360137945587,Medium,19,0.18621364899064174,47.97922895101749,Medium
PRV53024,0.28396416,0.10061880436716913,13.591879957348961,3.5651067689812788,Low,4,0.10781480255880771,8.689659816413808,Low
PRV53025,0.3993325,4.10237179843496,20.49937716565115,6.35010348779334,Low,1,0.00618592339391566,7.896088423955611,Low
PRV53026,0.17577718,0.9134748812871889,16.213291081616962,4.369580081717535,Low,2,0.06270896314650487,8.017390979204526,Low
PRV53027,0.09649125,2.0267108839947747,24.680829253159605,6.725130657996366,Low,0,-0.05391936231226596,6.557088751273497,Low
PRV53028,0.023670996,0.0,10.858117859695977,2.7263649627279802,Low,0,-0.07847286206783011,3.114685970357459,Low
PRV53029,1.1683738,10.81996010877794,22.838394810301047,8.998775641352694,Low,4,0.1867069064919451,14.560089016024444,Low
PRV53031,0.07326754,0.0,4.173747959913136,1.0800707608911697,Low,0,-0.0441925498270494,2.8603754851082805,Low
PRV53032,2.7589574,7.184163137080386,16.48470614907947,7.296696014548387,Low,5,0.15782781296183312,12.638887711950884,Low
PRV53033,1.8840251,17.320407671390345,45.035406466232345,16.530966082852327,Low,2,0.16475684677530167,19.20387068427187,Low
PRV53034,0.03329831,10.455300492601758,6.2641625864929384,4.196514924719882,Low,1,0.025046021579787858,6.8826841952808895,Low
PRV53035,0.09047885,0.0,11.176836884823391,2.8394486474014693,Low,2,0.054614836925166,6.73424437285316,Low
PRV53036,0.8259512,0.3261349366614064,20.01830833843274,5.499086428076057,Low,11,0.09331832352818614,9.851577894983619,Low
PRV53037,0.3110886,0.7229826679416604,5.30256230414042,1.6619305389275407,Low,1,0.056411373713460944,5.930202769664936,Low
PRV53038,1.1817083,8.979296750370933,24.79084593514499,9.033389839317213,Low,5,0.05068665900109459,11.047627441690995,Low
PRV53040,2.8440948,0.030004973571015114,18.248397463689013,5.991647985947697,Low,5,0.1556469639861796,11.66821894854024,Low
PRV53042,0.30923426,0.0,8.987335725236829,2.4014510620655853,Low,3,0.08149509743749828,7.1587163195922665,Low
PRV53043,1.9828683,5.477676986038671,18.317637157629697,6.940262692811776,Low,10,0.07061993661795463,10.23889016825069,Low
PRV53044,1.1323701,0.0,12.024984870788167,3.5724312748602802,Low,7,0.1178142243616711,9.037294521735515,Low
PRV53045,4.8125796,2.908450315725618,21.50734225201611,8.510237957838141,Low,22,0.09986938440484283,12.426314462791026,Low
PRV53047,0.35128435,2.133378275621608,20.193732674521225,5.7574199149982865,Low,8,0.07408882159250685,9.448088804411647,Low
PRV53048,0.018459719,3.9697173835677555,10.61294132835427,3.654894537317717,Low,2,0.06345555592829943,7.536670767830396,Low
PRV53049,0.018236643,0.0,6.2641625864929384,1.5751589679749416,Low,0,-0.10713414320842574,1.5579569461513578,Low
PRV53050,0.15931034,0.9209835770571695,14.002257824588177,3.8104655208520106,Low,2,0.08562180122189389,8.226294576777471,Low
PRV53052,0.031545345,2.087315675430925,13.248750282877058,3.849789161947072,Low,2,0.10432805454547667,8.743898374297697,Low
PRV53054,0.5697997,1.5148185507275458,14.002389227270868,4.164201805120102,Low,4,0.0666735860340717,8.03118494525113,Low
PRV53055,0.4081054,3.13521424974462,26.092673896329867,7.511024738111067,Low,9,0.05384028653043982,10.171974980010415,Low
PRV53056,0.41364068,0.8054730249131999,14.218944936421568,3.9629248292981543,Low,4,0.04254429485300237,7.258137929646175,Low
PRV53057,0.36171043,1.5552790162912369,16.926457567619277,4.801289360573423,Low,7,0.08105197828912547,8.934376587027883,Low
PRV53059,1.5441767,0.7437576784137779,16.21144986873551,5.010890235652831,Low,3,0.08625074206144101,9.109914870766588,Low
PRV53061,0.111631945,0.0,39.1702073132899,9.848367800710266,Low,1,0.12555376638930948,13.47214126477418,Low
PRV53062,0.04484259,0.0,5.634913810545057,1.4311497474595531,Low,0,-0.03743087418392416,3.283277066779306,Low
PRV53063,0.35130438,0.0,15.843247143878392,4.1364639770124985,Low,2,0.0762895396697163,8.210001507928016,Low
PRV53064,2.561232,0.0,13.26443210918487,4.5967240722943865,Low,2,0.021491262578550274,7.096546602927518,Low
PRV53065,0.19267245,0.0,13.507365432356435,3.473177581274171,Low,1,0.11946864383527811,8.850086549404374,Low
PRV53066,0.6913299,1.0248989656159404,18.951231566960132,5.339697581369039,Low,0,-0.04351679087289967,5.859818183544622,Low
PRV53067,0.062437028,0.0,7.825585037660919,1.9876147732616272,Low,1,0.05370837077962354,6.0873668987730785,Low
PRV53069,0.10086006,0.3570243533633853,12.165348095121898,3.181023141751982,Low,0,-0.07672019846699257,3.478863990849897,Low
PRV53070,14.216592,1.3286850106044432,19.808829678433913,12.392674589770575,Low,12,0.18919240290041806,17.215699853704393,Low
PRV53071,0.7386452,0.2006626292188635,12.969027290437074,3.6617450778944836,Low,4,0.0510187826515921,7.269331638686883,Low
PRV53072,0.17175528,0.0,5.729850910676792,1.5183403697046822,Low,1,0.05212407438249911,5.71736850253442,Low
PRV53073,0.06950204,3.2789757819683163,20.918821884760863,6.084200437054209,Low,0,-0.028508603383291475,6.774163362711427,Low
PRV53074,2.048963,2.7220572335963626,25.218404887702246,8.009597065282538,Low,15,0.09462211583416935,11.750475396621978,Low
PRV53075,0.07174884,3.981888362878025,3.7570812932464692,1.9706168329454417,Low,0,-0.021552773111221113,4.076887706223145,Low
PRV53076,1.1450485,1.5279645578280245,18.806099534305293,5.65604027258701,Low,9,0.09812800331622984,10.033761085132763,Low
PRV53077,0.22337767,0.0,15.623559760353919,4.0175787774975,Low,9,0.10205503959392703,8.989720807312658,Low
PRV53078,0.7442918,0.0,10.849278789573372,3.084465588582918,Low,3,0.04935850376062301,6.794893411495861,Low
PRV53079,0.019183366,0.0,5.014162586492939,1.2631323294372965,Low,0,-0.11857265382707682,1.039865579210223,Low
PRV53081,0.33024597,0.0,8.309113624408207,2.2424013919418955,Low,0,-0.035094157263111214,3.9123718799257876,Low
PRV53083,0.2919388,0.0,2.514162586492939,0.7745100523935365,Low,0,-0.10245396588678035,1.1201166988536544,Low
PRV53084,0.06597828,0.0,5.014162586492939,1.2865297872232009,Low,0,-0.06359383615875042,2.4966106778665846,Low
PRV53085,0.12138942,0.0,6.285406466232348,1.6320463259782911,Low,0,-0.056075097422787934,2.935452523041283,Low
PRV53086,0.05611944,0.0,5.702894225711164,1.4537832755581879,Low,0,-0.04781072174015333,3.027183283977467,Low
PRV53087,0.07514646,1.9034918980487516,22.721392391101457,6.193794301809065,Low,2,0.08484342451083626,9.874232359971387,Low
PRV53090,4.7438984,2.268480973767063,24.220862345266188,8.99428502562013,Low,19,0.132222996518357,13.532229148723847,Low
PRV53091,0.253869,0.0,21.285406466232345,5.448286115106594,Low,4,0.0992278008845463,9.782918120058397,Low
PRV53095,1.3413746,2.539000409036624,20.222495919826272,6.36106140006393,Low,2,0.15369550373999663,11.79514594094788,Low
PRV53096,1.9513928,0.0,11.699777481549214,3.9006407552940723,Low,14,0.09634998476561552,8.892628052125898,Low
PRV53099,0.30438215,0.0,6.285406466232348,1.7235426892604948,Low,0,-0.08261604594897726,2.3041648502008827,Low
PRV53100,1.8100047,0.7222897469405439,14.628396308253173,4.7426738693739905,Low,14,0.2118428841495068,12.507801038827868,Low
PRV53101,0.046589978,6.269560242055085,9.17846882207745,3.885302255052766,Low,2,0.12599112063964635,9.336299080118717,Low
PRV53102,0.06618917,0.0,10.71882713551572,2.712801368820794,Low,1,0.04794129081688825,6.443908217738828,Low
PRV53103,4.8321204,1.9025586202183027,13.374985992339452,6.235446362413731,Low,11,0.2157520916153114,13.574620550416135,Low
PRV53104,73.80776,1.1433944326379535,20.07226363961306,42.2077955910608,Medium,30,0.2024390480862177,38.91654930673116,Low
PRV53106,85.71207,1.1351294299698644,16.60523738023783,47.291125027747235,Medium,5,0.1582945208353237,40.647215104115524,Medium
PRV53107,2.3123379,1.1993815384766098,20.96633207811535,6.697597341831095,Low,9,0.1856536958062711,13.055899771305892,Low
PRV53108,0.4493678,4.23866375256496,14.482585954067376,4.904996322365214,Low,12,0.20673907088420562,12.434022827560153,Low
PRV53109,0.26965994,0.8827093869419307,14.764943981145978,4.046743310236012,Low,5,0.15782545787922253,10.363859119115244,Low
PRV53110,0.35875976,1.32706370800027,15.14955241730623,4.298533911754939,Low,5,0.18591157853915674,11.27592898097436,Low
PRV53111,1.3940816,6.782066104994394,15.483304340005782,6.263383407529951,Low,10,0.1468025331946664,11.760950415951658,Low
PRV53113,0.37296027,0.0,9.210620164768418,2.489135175917675,Low,6,0.08529949006154103,7.400301791378022,Low
PRV53114,99.17973,7.670659943127735,22.607528172265106,57.1594136670318,Medium,15,0.20769178330759897,49.11761159292381,Medium
PRV53116,0.6356658,1.341162232528184,16.37334877116571,4.746460638096172,Low,3,0.030609207388790027,7.4670850307169765,Low
PRV53117,26.77261,1.0627814865593395,16.78255696655488,17.847639468625232,Low,38,0.18090564378159613,21.51506053564042,Low
PRV53119,94.452545,4.306554233721834,13.937522868348747,51.78729185852546,Medium,3,0.2061002810917919,44.99328358000644,Medium
PRV53120,1.4946362,4.3633861868499775,11.466791878105282,4.704862605247146,Low,16,0.19928555640485546,12.206040290683017,Low
PRV53121,96.74063,3.684123105026132,20.325794652175162,54.37279499105814,Medium,89,0.21866695499359967,49.44108959945117,Medium
PRV53122,0.744178,0.0,14.703715318523313,4.048017828186966,Low,5,0.0504623801273576,7.5519912461889795,Low
PRV53123,0.25831342,0.0,13.617089393739217,3.5334290571521505,Low,15,0.15521673111651457,10.204650584552942,Low
PRV53124,44.212128,0.29990968131490064,17.39854107237401,26.530676531195667,Low,22,0.1802113142969426,27.14546583249182,Low
PRV53125,0.09074822,0.0,5.014162586492939,1.298914756964307,Low,0,-0.04940063330683925,2.87712189775162,Low
PRV53126,0.13184902,0.07394045107338404,12.220981574355958,3.1396550167170996,Low,4,0.05638600245270098,7.044482125899094,Low
PRV53127,0.46569774,0.40837794316612397,15.364553262127947,4.1760816690975275,Low,9,0.1594898981470847,10.605384489902693,Low
PRV53128,0.4091585,2.5537269033392147,17.043601278993314,5.103911294607523,Low,6,0.10655101428085045,9.787404802935857,Low
PRV53129,20.981024,5.564905498336725,10.659332909921845,14.546571496290717,Low,4,0.23896786990169616,19.81270907416252,Low
PRV53131,1.7365296,0.0,15.28878188267983,4.690460265019627,Low,6,0.1466821461435478,10.549367696232917,Low
PRV53133,0.53443205,0.0,14.108002420127624,3.7942166318148955,Low,17,0.10348255139952,9.085531186304031,Low
PRV53134,0.27746496,0.9547646918698663,12.796028406102053,3.576430752515555,Low,1,0.05415292304611041,7.21118472176388,Low
PRV53135,7.4413357,0.6069737007366627,33.87679609536527,12.341610288075778,Low,7,0.12657621866689972,15.405271627833269,Low
PRV53136,92.95456,14.191298343204023,10.654475888904578,52.68872322111309,Medium,11,0.23423083387099253,46.576031133655526,Medium
PRV53137,0.19846502,0.0,11.876233801724963,3.068290960163487,Low,3,0.04698046179405102,6.7212698521323055,Low
PRV53138,0.06844736,0.0,6.273267106381257,1.6025404560484489,Low,1,0.001379280435444441,4.446867088193295,Low
PRV53139,0.14337118,0.595551000596441,12.199507488828898,3.2704502122062835,Low,0,-0.0026066876631806735,5.483131581232369,Low
PRV53140,0.070219114,0.0,8.13500516681455,2.0688608489150364,Low,1,0.01462523709773822,5.120316600476237,Low
PRV53141,73.31815,0.0,15.694430704050822,40.582684366686536,Medium,36,0.21056069393637755,38.15282085266245,Low
PRV53142,95.8836,0.0,16.193265559737036,51.99011555375262,Medium,44,0.21396441733244365,46.44196049933977,Medium
PRV53143,9.585471,4.120736561253479,23.158983383207477,11.612665562744878,Low,4,0.16465617324003645,15.81211409183385,Low
PRV53144,1.1184083,1.3353926607090192,14.246747779750615,4.454739271282054,Low,5,0.16044271152012002,10.718024617178799,Low
PRV53145,0.10291375,0.0,12.817073977318586,3.255725370428756,Low,14,0.13714769000357752,9.510029171719825,Low
PRV53147,0.13027912,0.0,10.647333309469634,2.726972889258964,Low,2,0.08430285398623927,7.433295191787311,Low
PRV53148,0.23827007,0.10014950249701683,7.701374813158085,2.069516115978328,Low,0,-0.02646748197556248,4.017358817672053,Low
PRV53149,0.84375525,4.967830283263111,23.289178662536948,7.486129859054385,Low,4,0.11489014571798195,11.619739913624095,Low
PRV53150,0.13782202,6.392990298569072,22.532371626269573,7.3002514897464765,Low,1,0.013870093195793798,8.762506352158798,Low
PRV53151,0.41081244,0.0,11.69693021637385,3.1296387728606287,Low,2,0.09270711513089469,7.935341006816047,Low
PRV53153,11.73397,21.035853586115934,16.388475339027682,15.223067075493667,Low,7,0.18083580198432392,18.84381533952947,Low
PRV53154,1.9082322,8.419695868817707,22.377316594504915,8.653369221863981,Low,5,0.12070027710135156,12.615870289129417,Low
PRV53156,0.09688317,0.8342735199462641,17.072726146157894,4.525191501679381,Low,3,0.0787757332142669,8.57409114986937,Low
PRV53157,0.08722262,5.6202210623760065,6.2641625864929384,3.0147072226396565,Low,0,-0.01608492247123844,4.9510008939912975,Low
PRV53158,0.04887079,0.0,6.451231566960132,1.6372432871149272,Low,1,0.0009215332118461816,4.4591667433052455,Low
PRV53159,0.51035357,11.961012180536287,13.673132998926443,6.663713077473714,Low,3,0.21100739703845495,13.535337896293434,Low
PRV53161,0.0900333,4.644071614243064,7.160560375973316,2.996174647664578,Low,3,0.08207453617107863,7.590203300740205,Low
PRV53162,0.071444765,0.0,3.0283251729858778,0.7928036756131267,Low,0,-0.0165321224762065,3.3839524065748576,Low
PRV53163,0.11766367,10.79256516980957,20.953715318523315,7.995401955386196,Low,0,-0.047841608170991756,7.60550717926985,Low
PRV53164,0.054997146,0.0,9.30228277771676,2.353069267493994,Low,1,0.09738929069265845,7.487563060135672,Low
PRV53166,0.19969589,0.0,9.362966775770106,2.44058963653324,Low,2,0.13305091305640226,8.50995677396601,Low
PRV53167,0.022405183,1.5843283148321983,6.691451193029311,2.0801474684367514,Low,1,0.01944779676185826,5.254561442746956,Low
PRV53168,0.072327256,5.140709052766842,3.7570812932464692,2.2606112146046766,Low,0,-0.026017158830848486,4.162923213030604,Low
PRV53169,0.041984234,0.0,6.896243879739409,1.7450530869374588,Low,0,-0.08551519179714206,2.243268628083396,Low
PRV53171,0.15212195,8.393588449212226,33.729580287583815,10.606853157306825,Low,3,0.07562027241625469,12.748585720947087,Low
PRV53172,0.034519315,3.3958181289112677,8.358117859695978,2.9557436545347766,Low,1,0.019044819305187866,5.856921336426933,Low
PRV53173,0.21732107,1.688270807448412,16.236649134813657,4.589890519589756,Low,6,0.1066329225897038,9.429736141694166,Low
PRV53174,0.13831846,0.4613797615278467,15.349138105450571,4.0217886988245874,Low,1,0.01097104874429633,6.391631554470676,Low
PRV53175,0.021693978,0.0,6.409121155307372,1.6131272780561645,Low,0,-0.01527390117565075,3.9911425379738503,Low
PRV53176,0.24543889,4.051067272869988,14.015481055854545,4.63935652651564,Low,3,0.03038347077580128,7.386198174203338,Low
PRV53177,0.43386295,0.3734655994172457,13.422157964339709,3.6658373681283027,Low,0,-0.03498312297204731,4.911686003862423,Low
PRV53178,0.11180813,1.0248989656159404,17.165517281245847,4.603508126042925,Low,0,-0.03339519811945901,5.609656908527267,Low
PRV53179,0.4503978,0.22165366093355995,9.371143692553478,2.6233982331109105,Low,3,0.1533974128662131,9.197817804466037,Low
PRV53180,0.08680976,2.744410723193248,13.76416258649294,4.170548208332659,Low,1,0.06121107639914747,7.81198052650708,Low
PRV53182,0.046437345,0.0,2.514162586492939,0.6517593193458128,Low,0,-0.1097150090856932,0.8439621744666299,Low
PRV53183,0.03054264,0.0,5.014162586492939,1.2688119666309763,Low,0,-0.11277178104175012,1.195815947091588,Low
PRV53186,0.041531045,1.970080315076429,13.27309115792151,3.831558390744397,Low,2,0.05113985330377968,7.337681561516344,Low
PRV53187,0.10793123,0.0,7.535406466232347,1.9378172298040508,Low,0,-0.07787690052141699,2.5783159027507025,Low
PRV53188,0.24662755,0.4613797615278467,10.762231324698448,2.929216548705297,Low,0,-0.0026312156027400446,5.243625419628261,Low
PRV53189,1.9867827,6.19737823581831,15.70078647311521,6.467932512243909,Low,7,0.18383434272129462,12.79377865055678,Low
PRV53191,0.27141386,17.321168994129366,22.88998367930509,10.18849509971123,Low,1,0.00033454137397215256,10.4296646602972,Low
PRV53192,0.8336437,3.301396642567368,19.545833623611376,6.128629403969918,Low,15,0.1342615693296315,11.472295373342238,Low
PRV53194,0.3267283,6.646807014490347,26.688347858414595,8.497152875306886,Low,6,0.16043429075032523,13.574339165380398,Low
PRV53196,0.060891744,1.3974832005928415,22.83661503504678,6.088970430784595,Low,2,0.08983946216285854,9.931744735568106,Low
PRV53197,0.03611334,0.0,4.410406466232347,1.1206582867618917,Low,0,-0.02698354899173272,3.3396381149140115,Low
PRV53198,1.1203912,0.27354002683181516,10.01841136244082,3.1331834721464977,Low,0,-0.03870312948323357,4.441369393551322,Low
PRV53201,0.35368875,10.219427986839785,12.243910087808036,5.792678892007331,Low,4,0.08300647428286023,9.59901736327295,Low
PRV53202,0.29388458,0.930979098267925,13.090310859577034,3.652264777144727,Low,0,-0.006131629548479234,5.658053309506602,Low
PRV53203,0.9732937,1.0248989656159404,10.014162586492938,3.2464122488651563,Low,0,-0.05071396489983815,4.205962721062915,Low
PRV53204,0.10263587,0.7533614948197407,12.053905020107019,3.2531345626785377,Low,1,0.03481086989220683,6.478143088270462,Low
PRV53205,0.06261545,1.0248989656159404,10.245843714412889,2.8489933933803817,Low,2,0.014699346724269868,5.695196586064525,Low
PRV53206,0.15152574,1.4005784350080035,25.84749591982627,6.8877814566361195,Low,0,-0.03837451606186054,7.078197187255989,Low
PRV53207,0.43408176,1.132235956870816,13.42826360908949,3.857165773004626,Low,0,-0.027320367208497898,5.2463691967446895,Low
PRV53208,94.00486,10.173385793076372,12.907788552393928,52.772723548525775,Medium,4,0.16060906323045931,44.5181261520307,Medium
PRV53210,0.80759597,0.7645938149055721,9.950572872630428,3.08258965600723,Low,3,0.1826984389554276,10.286897036718234,Low
PRV53211,0.038471874,5.711404149653656,16.536227559044498,5.581143864099354,Low,1,0.011413819794181546,7.494780142332852,Low
PRV53212,0.013462782,0.0,11.264162586492938,2.8227720375762986,Low,0,-0.00630344455548798,5.072907082836087,Low
PRV53213,0.48460445,0.0,11.679664607105842,3.162218375816492,Low,3,0.010150999244335823,5.822139472219559,Low
PRV53214,0.11435737,0.0,10.143832145410263,2.593136719931534,Low,1,0.01494043373111531,5.495567413974311,Low
PRV53215,0.14065316,0.0,5.940956728700023,1.555565763772334,Low,0,-0.03859401782890548,3.3398955679458395,Low
PRV53216,1.2125064,2.2139857677924253,23.776560347572744,7.103889735571181,Low,9,0.07342027877497825,10.399948444817479,Low
PRV53217,0.05831595,0.0,7.510621939869703,1.9068134606560025,Low,1,0.03443949234789734,5.525988753055043,Low
PRV53218,1.1872342,1.1918676186790795,13.173397267295217,4.184933303135725,Low,0,-0.0018218143158786892,6.143832310994544,Low
PRV53220,28.14729,3.238025856104729,32.21269507276872,22.936324870279883,Low,5,0.16770134467303233,23.845300407951225,Low
PRV53221,0.09128707,1.3974832005928415,20.784209671472954,5.591066752527777,Low,1,0.03635922213943721,8.155260249276086,Low
PRV53222,1.2339139,1.7054884946964393,16.783799125066878,5.239278854174838,Low,3,0.09268055423653743,9.438238843640324,Low
PRV53223,2.4470937,0.0,12.884909583272004,4.444774258420235,Low,4,0.08654270951824294,8.748128456664947,Low
PRV53224,0.03498724,0.0,5.247845263626432,1.3294549364214776,Low,1,0.049453246721223865,5.515176810718935,Low
PRV53225,15.914091,0.0,26.458976100928865,14.571789580346962,Low,49,0.18583998954466463,19.646540472778106,Low
PRV53226,1.0625308,0.0,25.940349599365625,7.016352777839758,Low,19,0.14164577926465172,12.39454009006203,Low
PRV53227,0.57617325,0.0,11.11563488193986,3.06699534343838,Low,9,0.08804081824039534,7.9571597232653755,Low
PRV53228,0.048540674,1.6642469831003925,7.5141625864929384,2.318872729473328,Low,0,-0.09580439758424653,2.375379810904084,Low
PRV53229,8.508328,1.2814190891392805,19.405742310210425,9.425954568740014,Low,11,0.07064809113740089,12.006457727376127,Low
PRV53230,0.64835036,0.2006626292188635,15.211822797139735,4.177296535594319,Low,9,0.0717172212729652,8.306715518939106,Low
PRV53232,0.64854515,1.6612486786211083,18.229026139726923,5.29684127758124,Low,9,0.05898284264672593,8.756774218461581,Low
PRV53233,1.9453468,0.21512510181178618,30.59302458894779,8.67471083882759,Low,13,0.1264111724455632,12.99519186245401,Low
PRV53235,0.16558856,0.0,7.535406466232347,1.966645895418179,Low,0,-0.1054074800336568,1.8772339163302345,Low
PRV53236,12.980986,0.5429882004985723,27.10240505446976,13.40184113448183,Low,9,0.15948163395900872,17.0631996056905,Low
PRV53237,0.15005612,0.058866044322065034,10.921798316097368,2.8201941519716183,Low,0,-0.014179402993874934,4.864763646401027,Low
PRV53238,8.526998,0.2227979147082671,10.455251744573154,6.933011197931927,Low,23,0.20261241166304644,14.040822647754524,Low
PRV53239,25.335583,6.158111634208332,14.36512538815607,17.798600622168248,Low,27,0.2263186970569595,22.375188777205214,Low
PRV53240,0.06885549,6.365270934724561,23.764162586492937,7.566786123709478,Low,2,0.09970339610932877,11.2246367698098,Low
PRV53242,99.68829,0.5246805102066557,19.672470785314914,54.893434552396016,Medium,112,0.2086217764070022,50.159817555665526,Medium
PRV53243,4.4778595,3.455147003751221,12.732788779487239,6.285913694344771,Low,14,0.17911353073885627,12.730606377149066,Low
PRV53244,29.906824,7.764095894265653,23.309216142371543,22.721740065128536,Low,81,0.23180047759661704,27.414665675361896,Low
PRV53245,56.598656,3.7435937576718517,15.28535015422384,33.05656382831572,Medium,27,0.20970800023783587,32.62058637463095,Low
PRV53246,2.665318,0.0,8.800108164311164,3.5326860471965653,Low,11,0.2082908327585642,11.487213952853814,Low
PRV53247,1.2215259,5.048672669703344,11.189160692559714,4.670221294324004,Low,8,0.17621544476663642,11.362622138383102,Low
PRV53248,5.7653804,5.746530229464738,17.249632802112107,8.631730949163131,Low,8,0.22121099480250184,15.314498352825638,Low
PRV53249,17.516195,0.4632767583247152,16.243308575274046,12.934743982020297,Low,7,0.16123942728924834,16.72859201059442,Low
PRV53251,17.87913,0.9022193994741723,17.99844730621507,13.66473138131733,Low,26,0.15395083056977676,17.558699429867524,Low
PRV53252,7.490395,5.699262128605311,18.338338025092828,9.754597572985691,Low,7,0.22403760859805244,16.14771261572458,Low
PRV53253,0.27892935,0.0,9.85603941819336,2.6034745309284975,Low,7,0.12355272015015972,8.50936523417208,Low
PRV53254,0.023497961,0.0,8.913673415251532,2.240167334543655,Low,2,0.0684313384565397,6.676720155749139,Low
PRV53255,0.06735906,0.0,6.831433186312196,1.7415378266025776,Low,3,0.06562602032564924,6.2810297901125205,Low
PRV53256,26.757347,2.7121358421066484,12.903744962916614,17.282643754722613,Low,66,0.23375221331499052,23.25574639602125,Low
PRV53257,0.759421,0.0,11.197540840274927,3.179095705540686,Low,3,0.07581685511471337,7.554305691995582,Low
PRV53258,2.3525083,0.0,9.460408925841206,3.5413563847119494,Low,6,0.2124188460114388,11.467203081026643,Low
PRV53259,1.2461174,0.0,13.753776932259207,4.061502909784467,Low,26,0.11381334199264703,9.784894348902986,Low
PRV53260,2.2363863,0.0,11.102236888434451,3.893752371675263,Low,12,0.12528373363468515,9.592138003515153,Low
PRV53261,2.1665378,0.7199538336956975,14.847289214571354,4.975079642910879,Low,15,0.10973440856241712,10.022233790430317,Low
PRV53262,0.480191,0.0,12.611832527349728,3.3930536280151053,Low,12,0.10724326276496443,8.769014188173854,Low
PRV53265,97.98314,0.7677247534772663,19.976326061451203,54.17758222277509,Medium,31,0.20142697744590266,47.29573077425574,Medium
PRV53266,98.75309,0.0,16.04966211760028,53.38896048179265,Medium,98,0.22697689085569672,49.211724689395105,Medium
PRV53268,2.067169,2.026837853811718,12.56060540763638,4.680445290879298,Low,11,0.19879567152520317,12.041885695162048,Low
PRV53269,99.547424,7.191380191679301,17.290826375758577,55.894263800062596,Medium,136,0.20433242036343402,51.392318299424076,Medium
PRV53272,6.6563644,3.35835893496435,12.448505304480875,7.279898280320291,Low,6,0.21399285091965536,14.125419099319805,Low
PRV53274,0.10890824,0.0,8.433189684241764,2.1627515427991133,Low,3,0.09510787637552942,7.348262115619798,Low
PRV53276,5.0672255,1.4952869062999494,19.192581754705717,7.705579893370313,Low,29,0.12508520244420807,12.711591872621696,Low
PRV53277,94.86212,0.7876835098166249,16.373867414759502,51.721448522159655,Medium,16,0.1760559928097848,44.50906888390835,Medium
PRV53279,0.44081333,0.0,7.434419907421734,2.079011643253482,Low,2,0.14477855972584353,8.564099852199186,Low
PRV53280,0.18859737,0.8882882494733723,11.258149618223264,3.1309081500310585,Low,2,0.014300615548595186,5.88209072565795,Low
PRV53281,21.419653,0.5487793129814975,17.009383415629266,15.099367151574077,Low,21,0.1783158518895267,19.06704520823337,Low
PRV53282,0.06310128,0.0,10.75829637137565,2.721124731221579,Low,3,0.08724422723759995,7.533106917179776,Low
PRV53283,11.198982,2.424946829826636,15.203110602829542,10.00650547754881,Low,15,0.2124824406485193,16.2360842733681,Low
PRV53284,8.291696,0.5977545323674358,15.027483091430586,8.052157203343304,Low,20,0.171451166502969,13.9273076069508,Low
PRV53288,1.116292,0.0,7.887098208277243,2.5299205519777583,Low,3,0.06333042201788208,6.772756285083744,Low
PRV53289,4.3134303,0.0,12.946388861629707,5.393312370055254,Low,10,0.15494052462663765,11.365104498219791,Low
PRV53290,0.019601718,2.7994520575568163,11.26841136244082,3.5267667137950522,Low,1,0.024302085464584677,6.39437037881638,Low
PRV53291,0.18873654,0.4613797615278467,12.766523017575096,3.40134396630541,Low,1,0.029654964170029108,6.446812269287465,Low
PRV53292,5.325629,0.8380567718849312,12.362251281177134,5.962891630422499,Low,10,0.16393891610184252,11.999555047171619,Low
PRV53293,0.8082938,0.4043232726669563,16.597878796669388,4.654697427047831,Low,4,0.06960565327933999,8.451347874902849,Low
PRV53294,47.31625,2.2924904558196557,19.220698750899835,29.036422225385927,Low,68,0.14656282061364545,29.252844439411785,Low
PRV53295,93.479935,4.238314125503731,12.337037419449084,50.88380523242961,Medium,41,0.226909726472592,45.926155061186535,Medium
PRV53296,0.63244617,0.0,12.830212238584316,3.5237761445726843,Low,19,0.0995978297988257,8.848139936052794,Low
PRV53297,60.357197,1.2242274540990215,20.021511899130758,35.49003324223811,Medium,16,0.20019101913669402,33.77938157316217,Low
PRV53298,1.9503225,1.2201541133360352,9.179383281823972,3.575045603195977,Low,10,0.186916489288114,10.930042586185076,Low
PRV53300,0.7810962,0.0,13.433048254066005,3.748810173524741,Low,35,0.12197741348046509,10.021507240670665,Low
PRV53301,1.077637,0.0,14.542456748049043,4.17443266559655,Low,7,0.11742216018311058,9.448423971037041,Low
PRV53303,0.58574444,0.0,14.087130243443854,3.8146547811387497,Low,13,0.11638342668416712,9.330439936162087,Low
PRV53304,1.0005867,33.551795622109886,9.31847610569336,11.217861306012395,Low,2,0.2107637536950996,16.690012909395662,Low
PRV53305,0.6500437,2.3560432270585197,13.13816531242782,4.198573997855289,Low,3,0.1487985006649889,10.179955876825849,Low
PRV53306,0.97672826,2.7031898582084186,18.684208506761067,5.835213721500931,Low,6,0.07338785739295661,9.43048892809012,Low
PRV53307,0.2689388,0.0,10.198524681770044,2.6841005752591385,Low,3,0.0435753479125206,6.363127438896553,Low
PRV53308,9.213572,16.975459463592856,18.440492571304727,13.460773782955354,Low,9,0.2207458704033759,18.7094883759163,Low
PRV53309,15.422249,1.1535879799104756,14.069614654832959,11.516925078851875,Low,5,0.20571881744553266,16.847724304067977,Low
PRV53310,0.41947597,0.4613797615278467,12.528325172985877,3.4571642199546484,Low,0,-0.002674481851204502,5.612055275289961,Low
PRV53312,0.40336657,0.0,13.160546845906957,3.491819994328912,Low,8,0.1288444176377671,9.296687648903315,Low
PRV53313,0.20635691,3.7382001652042383,18.050232856701832,5.550286711902185,Low,8,0.071287165142776,9.229696145424434,Low
PRV53314,54.36871,12.10156746238961,16.449105911300325,34.322023125526975,Medium,7,0.21208060300408438,33.031653951153515,Low
PRV53315,0.32641864,0.1654620241784525,16.80365709455662,4.405489098798453,Low,2,0.042693678771391075,7.518155289462024,Low
PRV53317,6.8686595,0.0,16.3848522707347,7.530542815837362,Low,5,0.1591615015921637,12.837521219315871,Low
PRV53318,0.9489559,0.0,8.264347896812804,2.5405649209614714,Low,2,0.10010441557080618,7.716788067783798,Low
PRV53319,25.587952,6.51494942862056,21.175750540177848,19.716650822277728,Low,20,0.1654179902331222,21.93439249725161,Low
PRV53320,5.0157347,4.2180481826183165,16.172500241326496,7.605504442259397,Low,12,0.22544586239629993,14.814469860013805,Low
PRV53321,0.87711036,1.1226843353259799,18.283034919892714,5.289984994831132,Low,10,0.08757072561268042,9.527782358149018,Low
PRV53323,1.4020616,0.9494755000785187,14.898521900100015,4.66303014085045,Low,3,0.08482139141885048,8.828965849191182,Low
PRV53325,0.8587081,1.7840791428814018,16.027050326103456,4.882136409061019,Low,5,0.04167053678367294,7.905540453572595,Low
PRV53326,0.1745138,1.485013664682428,20.77369368293448,5.651933737870394,Low,13,0.15116529741624385,11.527770781487497,Low
PRV53329,0.043588646,0.0,6.601803388211351,1.6722451699309602,Low,1,0.11012421327171917,7.344623062500686,Low
PRV53331,0.10083099,0.0,5.855911579215103,1.5143933883516922,Low,1,0.00626099828439608,4.513058209768582,Low
PRV53334,0.12762778,2.3277849052322788,18.946275160019287,5.382328903849417,Low,2,0.07871254999193389,9.145586383185496,Low
PRV53335,1.8330058,0.0,14.260019758539197,4.481507832605838,Low,43,0.11386431592719948,10.536609078437072,Low
PRV53336,0.1702331,0.15007484078546102,36.39774050544698,9.22207038688446,Low,3,0.1628021342705046,14.063278645403152,Low
PRV53337,0.042100124,2.542191301436656,15.432471438783905,4.514715747085694,Low,1,0.03150985687245755,7.274768068166605,Low
PRV53339,0.30029878,0.4613797615278467,11.205357504147614,3.0668337065202977,Low,0,-0.00863779480104393,5.182593592615881,Low
PRV53340,0.85148,0.3194646712302513,14.489680114672968,4.12802620006162,Low,2,0.04787468602373601,7.459666286280113,Low
PRV53341,0.049017172,0.5009863671966766,7.866293943358646,2.1163286637922187,Low,1,0.07605615477599781,6.762946798598505,Low
PRV53342,0.48420605,0.0,11.572244162145582,3.1351640658535875,Low,8,0.09871121159128782,8.257581330692958,Low
PRV53343,0.097339585,0.0,4.223317012638423,1.1044990458713406,Low,0,-0.05651825705148433,2.5545592745840353,Low
PRV53344,0.17942566,0.0,2.556650345971756,0.7288754148906899,Low,0,-0.08844585533528793,1.4551650384797834,Low
PRV53346,0.07709725,0.0,5.077894225711164,1.3080221824334406,Low,0,-0.017348980287922866,3.7232048477313002,Low
PRV53347,0.069761276,0.0,5.452073132899014,1.397898921347312,Low,0,-0.0858397569322148,1.991757566955357,Low
PRV53349,1.0866833,0.5174680745825638,14.252771820499333,4.235901610428189,Low,1,0.03602178824733471,7.197804361448398,Low
PRV53350,0.10325724,3.2863912803794837,17.161227559044498,5.163533329288445,Low,0,-0.02671755884671212,6.176619208414329,Low
PRV53351,0.14111155,0.15192332993214056,14.85180426855861,3.8214876759803382,Low,1,0.04296137999257277,7.089522047400548,Low
PRV53352,1.8579016,0.0,19.844305581507076,5.890027181967345,Low,28,0.10532743796808175,10.896233990681516,Low
PRV53353,0.39287606,0.0,9.54690176560245,2.5831634708090676,Low,2,0.054827136055046743,6.560406684687819,Low
PRV53354,0.22717912,0.0,5.814826429634425,1.5672961698842875,Low,2,0.029442486794891032,5.184257844154841,Low
PRV53355,0.01956652,0.0,11.723317012638422,2.9406125127525558,Low,0,-0.04682459857861987,4.093798775209475,Low
PRV53356,0.12836325,0.0,8.899601341529412,2.289081961225401,Low,2,0.022432878829576564,5.505866132580243,Low
PRV53357,0.051668484,4.141725699414414,7.535406466232347,2.9451172832936567,Low,0,-0.026575926682299134,4.627438537615275,Low
PRV53358,0.03453551,4.434760816397793,7.556650345971755,3.015120544893816,Low,1,0.013430972412254771,5.751410350382022,Low
PRV53359,2.0263886,0.0,15.995024869447954,5.011950539948048,Low,16,0.10735121175525097,10.012452686973592,Low
PRV53360,0.9594407,1.045477150188731,18.292796301541696,5.314288717012807,Low,0,-0.010325571012257562,6.711594762164792,Low
PRV53361,0.18050058,2.0734050036861364,11.628019023468786,3.515606297719002,Low,1,0.08778638415312356,8.049756479146637,Low
PRV53362,0.3914082,0.3854658056810219,15.373768722072247,4.135512734454491,Low,5,0.07342860836776366,8.21492021719185,Low
PRV53363,0.31743044,0.0,7.4021024519377185,2.0092408312900174,Low,7,0.08925499298267059,7.19484994206168,Low
PRV53364,1.6236547,0.0,8.702673356802762,2.9874957007844003,Low,2,0.04883363206065061,6.686417959945479,Low
PRV53365,0.048663054,0.0,5.120381985189981,1.3044270231282877,Low,0,-0.037919407081520584,3.181772292211617,Low
PRV53369,0.10968664,0.0,2.514162586492939,0.6833839680658388,Low,0,-0.10615493361233364,0.9593683458230402,Low
PRV53370,0.13221376,0.595551000596441,9.588875529170112,2.612213510662673,Low,1,0.045649530975096275,6.3134558665894485,Low
PRV53371,0.7294079,0.46284644607158126,15.037284075720143,4.239736583714075,Low,4,0.049476677890329945,7.633524739901879,Low
PRV53373,0.03265827,2.756468782765713,2.514162586492939,1.3339869780604268,Low,1,0.021760508279614066,4.792838854052599,Low
PRV53374,10.041425,3.3278347505164416,22.932882207973044,11.58589161526324,Low,34,0.11107066442865632,15.194877289565474,Low
PRV53375,0.030880965,0.0,9.342364631686042,2.3510316405677374,Low,1,0.005543392441329842,5.079904733207871,Low
PRV53376,1.3175775,1.9227586993043124,21.942873954697102,6.625196904135272,Low,7,0.10702678102554286,10.891614779664195,Low
PRV53377,0.58566225,0.0,25.36864995866837,6.634993612542306,Low,7,0.10906718676900429,10.951928205876268,Low
PRV53378,0.7693124,0.0,27.765804772117242,7.326107383901503,Low,10,0.12502746362530426,11.93438132691195,Low
PRV53379,91.73008,1.3875897292135393,31.888994750646514,54.184185945404465,Medium,11,0.1901631510446058,46.46834438665915,Medium
PRV53380,0.2138949,0.0,22.74373979956568,5.7928824017213305,Low,4,0.10123234567641193,10.076651745055383,Low
PRV53381,13.394515,0.1815442027506434,13.311387449838245,10.070490431915532,Low,12,0.17474789557942816,15.211745382243912,Low
PRV53382,0.92489517,0.0,10.70405187221821,3.138460551729937,Low,4,0.050172667070109145,6.880865444771869,Low
PRV53383,2.9807613,7.903837234017738,12.077320365063658,6.485670044568628,Low,7,0.18458621419169852,12.825892887028473,Low
PRV53384,96.93019,1.0257304250465165,22.056543666122387,54.235664042811756,Medium,38,0.19100535858356604,47.25127591004983,Medium
PRV53385,97.10831,7.652855812215319,22.674680627552775,56.13603755232484,Medium,187,0.22850099544696667,53.56386975772373,Medium
PRV53386,0.31170377,0.0,8.279162756130601,2.2256425747090343,Low,3,0.11873433904490582,8.01126557818042,Low
PRV53387,0.7293057,0.5317755775405226,12.779066523829618,3.6923633676257843,Low,5,0.19010869795502283,10.9615681631611,Low
PRV53388,2.878226,3.0635169740772317,18.738106633552086,6.889518922804241,Low,21,0.17052807379137114,13.116122731160736,Low
PRV53389,0.04725498,8.592580762966156,10.536424823642077,4.80587888645728,Low,2,0.15529518682589982,10.748427604547999,Low
PRV53390,0.056683168,0.0,11.34236463168604,2.8639327418291143,Low,3,0.0403168029500085,6.403640709043877,Low
PRV53391,0.43120155,0.0,6.580642929025304,1.860761505948457,Low,8,0.07196900853048094,6.6648918288696315,Low
PRV53392,0.1492423,0.0,9.9269910236178,2.5563689043119093,Low,11,0.08474190648616686,7.566985692025755,Low
PRV53393,0.062381655,0.0,14.339529464923995,3.616073193719898,Low,2,0.10059180129260348,8.482412671875114,Low
PRV53394,54.013454,6.298611805481869,25.23435973149124,34.8899701028712,Medium,144,0.2417575555655832,37.88456315975946,Low
PRV53396,36.15664,0.3065635638128766,19.60381434952302,23.05591402789452,Low,48,0.19916912299427192,25.907786299357277,Low
PRV53397,98.03705,66.66666666666666,9.246146848066891,67.99672754860525,High,4,0.22275912803320652,56.803172312289036,Medium
PRV53398,0.21089812,24.69680717799397,11.841426239900725,9.240007412589156,Low,1,0.15872137343131454,13.915233154472967,Low
PRV53399,92.649826,7.37715966044366,13.141758038851675,51.45464244972617,Medium,7,0.18196206711027374,44.23542464696367,Medium
PRV53401,98.92045,0.0,16.794284993562755,53.65879540000202,Medium,137,0.2008148289509979,49.76218016172422,Medium
PRV53402,0.34479073,1.1510789653099638,17.025065397825863,4.716431454234007,Low,3,0.04102305518095373,7.718892612339246,Low
PRV53403,0.73560464,0.0,8.70913294354829,2.5450855577979308,Low,6,0.07048058029517246,7.051232685824068,Low
PRV53405,40.99835,2.291691139581715,12.138847026399889,24.106808659537393,Low,39,0.18382085388972969,25.999698968132268,Low
PRV53407,7.045447,5.001541148717624,24.894970387872323,10.996851320503078,Low,16,0.13316541324444275,14.878178621100043,Low
PRV53408,2.8708827,5.485649588404958,12.921795428566782,6.037302629021682,Low,14,0.1452746462908775,11.670047956129823,Low
PRV53409,0.5626737,2.176500195700217,17.63556195534721,5.234352381729295,Low,4,0.16016758570571699,11.2297002516235,Low
PRV53411,0.056565944,0.2923098444963913,8.347495919826272,2.188234413133359,Low,2,0.04721592840398614,6.084553522124754,Low
PRV53412,0.254541,0.0,8.22080129458837,2.18247082847936,Low,3,0.06425550694772098,6.553777388917732,Low
PRV53413,0.85380673,2.204101155359082,8.727858097033122,3.1598931801405925,Low,4,0.16901566560563475,10.009385927580533,Low
PRV53415,0.26498517,0.0,10.750396130479261,2.8200916195901446,Low,3,0.13110257909974377,8.75141021930965,Low
PRV53416,3.1668828,0.0,14.60801756223265,5.235445767244259,Low,11,0.16863328630372965,11.64017440742916,Low
PRV53417,91.53335,3.178555557583953,20.469142431046482,51.67859853890566,Medium,19,0.19638471677495695,45.09219448183035,Medium
PRV53419,6.031972,0.0,13.246336954080801,6.3275702042489606,Low,5,0.18172890873609515,12.5866743819604,Low
PRV53421,99.65083,2.4511491194973827,24.264265141625753,56.50427013022219,Medium,99,0.20970904412762303,50.96689404043443,Medium
PRV53423,1.1427839,1.3811563157438236,15.567468494733172,4.808548142736131,Low,8,0.15381084017902114,10.872482137089593,Low
PRV53424,68.92263,8.236490478295398,22.87303618160052,42.23869682000328,Medium,59,0.2220292899521099,40.229940149019825,Medium
PRV53426,0.47496176,2.0267108839947747,13.36165850631921,4.084573226408453,Low,0,-0.006150117691043677,5.960184860934332,Low
PRV53427,0.6699606,0.23793385808518172,13.340010229195876,3.7294663308298164,Low,3,0.06620170856272056,7.687661956622501,Low
PRV53428,0.051803846,0.0,6.608425974202989,1.6780084165068563,Low,3,0.03290870569164739,5.379412062723924,Low
PRV53429,0.26983568,0.4869271013196745,6.993939338032283,2.0051344501995847,Low,1,0.16126192371294312,8.91738088714185,Low
PRV53431,2.3473406,0.6612534124585456,12.29750148188661,4.4133590154869236,Low,7,0.19409349360741945,11.624352374094483,Low
PRV53432,11.203675,3.48621856794323,11.129967299428687,9.255884101883263,Low,16,0.23224866329526694,16.255341886408495,Low
PRV53433,0.5001855,0.0,13.267363721487593,3.5669336751991687,Low,1,0.013467566995140956,6.1386382676533024,Low
PRV53435,0.038648248,4.1816850335485105,8.351744695774155,3.152681556190072,Low,1,0.09258072708921794,7.9213141305137675,Low
PRV53436,0.07053125,0.9450191276708961,10.987634448699831,3.0184290186158447,Low,4,0.14802819178725313,9.360519031231844,Low
PRV53437,0.05804136,3.742132358073442,12.612824859011079,4.117759984385757,Low,2,0.11392204351138369,9.182826824397353,Low
PRV53438,1.7392216,2.2961007554759756,12.551184479860297,4.581432095272056,Low,10,0.17428268812437686,11.303525497330716,Low
PRV53439,0.03951369,0.0,7.988865436075714,2.0169732032861774,Low,3,0.03887006170765639,5.772866467854635,Low
PRV53440,0.7044693,0.08199985241734661,15.326548743754664,4.204371810622135,Low,18,0.13932078304347018,10.338396179087965,Low
PRV53441,15.322397,0.31963512063631894,15.94198044472724,11.726602507368723,Low,14,0.20870576790552697,17.31436309880412,Low
PRV53442,5.868029,6.512233033533614,12.689864426221723,7.734538923730948,Low,11,0.20118246752973978,14.242281900980188,Low
PRV53443,3.834135,1.3111818554792745,19.788263685716682,7.191928913069985,Low,32,0.10868577827256087,12.002931495355002,Low
PRV53444,8.566195,0.0,15.54843043708553,8.170204876422261,Low,12,0.16829393622888011,13.712460931815292,Low
PRV53445,0.012554037,2.509101476221302,7.530095496297495,2.5160762618220436,Low,2,0.055921026032555776,6.542104000995948,Low
PRV53446,0.1703119,0.0,8.352056309996067,2.1731700264955607,Low,6,0.10408677798576915,7.671326426893775,Low
PRV53447,0.07483641,0.0,9.340626824516884,2.3725749114202537,Low,5,0.04756747003528583,6.303338674750022,Low
PRV53448,10.729275,2.7650592015962965,10.535200647033621,8.68970233703541,Low,15,0.19705070035478267,14.910032413374473,Low
PRV53449,0.14368662,5.731219212748498,8.99351968000048,3.7530280343778495,Low,1,0.18381518054566504,10.73176966878204,Low
PRV53450,0.44265157,0.0,6.812537846761524,1.924460246612027,Low,6,0.10349138284914816,7.481631074666789,Low
PRV53451,0.516726,0.0,23.879361739435385,6.228203443357992,Low,5,0.10759208379662866,10.574838211055894,Low
PRV53452,2.941706,0.0,11.648546427355543,4.3829895779158505,Low,11,0.12108518431710869,9.797762385830113,Low
PRV53453,0.43435657,0.0,16.173440077598073,4.260538304521436,Low,5,0.17323083121602112,10.917114499954456,Low
PRV53454,0.14193767,0.0,9.775944220604927,2.514954891697176,Low,2,0.08856179667327624,7.3964608384027475,Low
PRV53455,0.34379372,0.0,8.678445217766626,2.341508164445128,Low,3,0.06442234469024655,6.669474435811411,Low
PRV53456,19.20833,7.977639047918518,11.549922484321803,14.486055460269553,Low,6,0.17578863635137454,18.168833005545842,Low
PRV53457,0.048055716,11.941787722390169,5.5194735564277915,4.389343177633958,Low,1,0.07838143178247492,8.414975910801203,Low
PRV53460,0.04506484,0.0,9.180829253159605,2.317739733522793,Low,0,-0.06903044848071649,3.076026124825229,Low
PRV53461,97.89607,5.5338615526436925,17.17034706579683,54.62408834845778,Medium,17,0.21257348490578032,47.524468788305725,Medium
PRV53462,0.035888575,0.1292582940969571,7.5108942973022605,1.9279824353585306,Low,1,0.05932376693454067,6.192739659999072,Low
PRV53463,2.3512287,0.32439618388117974,16.155494183797103,5.2955869489142,Low,13,0.1412353534589521,11.018177611564365,Low
PRV53465,0.5367627,3.9224884148826877,14.147902182060406,4.785979006428766,Low,6,0.16312762507152967,11.047078988183028,Low
PRV53467,0.14877716,0.0,7.591509416996003,1.9722659327831271,Low,1,0.006783059618148846,4.847246255777701,Low
PRV53469,0.20801342,1.2918242028867073,8.552879918608483,2.5651827380421017,Low,2,0.06362625085923601,6.778344472909019,Low
PRV53470,0.1532563,0.0,8.639034207836023,2.2363867005147613,Low,9,0.0799993686259175,7.165059123116049,Low
PRV53471,0.43119335,0.9118005022534766,11.158679856409762,3.2332167655386126,Low,1,0.18618363524012937,10.429951927162275,Low
PRV53472,0.012430985,6.033134181761677,6.691451193029311,3.1873618364268443,Low,1,0.03954127946078956,6.556032186975198,Low
PRV53473,0.06731045,5.211104481116622,18.739644101295863,6.021342371833742,Low,3,0.029969614404072087,8.342745817225685,Low
PRV53474,0.058307894,0.0,7.535406466232347,1.9130055633452057,Low,0,-0.027455098102688646,3.88192729205643,Low
PRV53475,0.03885953,0.21771908744607688,5.273267106381257,1.3921763140985228,Low,2,0.09341959909245179,6.737783352779014,Low
PRV53476,0.063970156,0.0,7.769473556427791,1.9743534671139304,Low,0,-0.008646795401266782,4.417621622098679,Low
PRV53477,0.65844953,0.0,8.615804772117238,2.4831759583300603,Low,5,0.05890562210336414,6.677802876172313,Low
PRV53478,1.6225888,0.0,16.208724289358685,4.863475449189799,Low,15,0.12620952322123669,10.375735441814173,Low
PRV53479,0.026305567,0.0,5.5194735564277915,1.3930211728435344,Low,0,-0.03364486773821396,3.355775052146777,Low
PRV53480,0.056061085,0.0,10.056102950763655,2.542056280347693,Low,1,0.031880052568313944,5.903605042500009,Low
PRV53482,0.1926534,0.0,10.690168370994252,2.7688687940916226,Low,4,0.11790859232702655,8.396736179007219,Low
PRV53483,0.19809815,2.322815372042143,13.311821563399679,4.007708310298406,Low,5,0.10980388435749988,9.078437648843696,Low
PRV53484,0.41450882,0.0,12.64154397242246,3.367640402895654,Low,5,0.06926539880211557,7.568339411901115,Low
PRV53485,0.053467527,0.0,7.028325172985878,1.7838150567624187,Low,0,-0.08064615722174284,2.3979637921843127,Low
PRV53486,0.14974287,2.588888294268295,21.63887861218214,6.13181316237406,Low,2,0.034358361998695464,8.508208682007936,Low
PRV53487,0.3569688,3.4937280062674976,19.702968013976925,5.977658400207476,Low,3,0.10780726113830696,10.351402746190207,Low
PRV53489,1.9014914,16.22007718332171,15.897064972551558,8.980031240758173,Low,5,0.21772802679259728,15.386522832883141,Low
PRV53490,1.1309813,1.43233735886329,20.763888224698324,6.114547058942009,Low,11,0.11177416475210267,10.765917144258008,Low
PRV53491,0.1716827,0.0,8.788577693348207,2.2829857735944485,Low,0,-0.002238105673717017,4.8015627984402585,Low
PRV53492,0.047736853,0.0,7.524784526362644,1.9050645582712258,Low,0,-0.054078723532319906,3.1788674440101836,Low
PRV53494,0.03904233,0.0,3.9512315669601312,1.0073290573791949,Low,0,-0.0645528671218299,2.2760449188715506,Low
PRV53495,0.31259346,1.1510789653099638,17.93149473604033,4.926940155379078,Low,4,0.11182743939560835,9.748068568614098,Low
PRV53496,0.17249352,2.101495301401064,13.835437721595644,4.070480014448594,Low,6,0.06486111682894635,7.971786849946191,Low
PRV53498,0.18604313,0.3056296225410905,3.764162586492939,1.1104696164441268,Low,0,-0.06971002074746918,2.2131332153982233,Low
PRV53499,0.99661183,3.8615255534216195,16.704062883447875,5.639703026003568,Low,3,0.08234701939158817,9.44781183865804,Low
PRV53501,0.12278039,0.0,10.003540646623236,2.562275356697704,Low,0,-0.09179907342745536,2.650695449860684,Low
PRV53502,3.668527,1.280147850458138,15.24974277598876,5.966736100558563,Low,3,0.03437641731912733,8.419973400053184,Low
PRV53503,0.10501277,2.105102358688327,9.093875468152165,2.852250840218567,Low,1,0.03896324457479672,6.306310797212179,Low
PRV53504,0.027406532,0.0,5.014162586492939,1.2672439127819348,Low,0,-0.045673062186546876,2.952609371954343,Low
PRV53506,0.21873812,0.8650603004184502,20.01416258649294,5.3291747836151115,Low,0,-0.0837198018253636,4.799190481122478,Low
PRV53507,2.6103606,0.3862688982611989,27.702754473204234,8.32743615406936,Low,8,0.14837782035273028,13.193366347852244,Low
PRV53509,0.03583444,1.2115580023014592,30.847495919826272,8.03268070008135,Low,1,0.11505116603125654,11.926007092931222,Low
PRV53510,0.7455106,1.3534194960781933,16.43206089237783,4.8191253861917644,Low,5,0.13132032837919816,10.210129852720112,Low
PRV53511,0.07814484,0.0,39.1702073132899,9.83162424877054,Low,1,0.06711579389236455,11.929428960405378,Low
PRV53513,0.1741368,0.0,27.0904146265798,6.859672057922015,Low,2,0.1401602358961611,11.789568622431217,Low
PRV53515,0.10299732,0.922062594615278,39.1702073132899,10.074566135931391,Low,1,0.15179582614022835,14.317984765483438,Low
PRV53516,0.07300458,0.0,22.51416258649294,5.665042937140327,Low,1,0.028960641055186143,8.01321127014627,Low
PRV53517,0.2660499,0.0,22.535406466232345,5.766876562413227,Low,2,0.06858324977342989,9.14939647583966,Low
PRV53519,0.6963155,0.0,27.139929692533588,7.133140186614537,Low,9,0.14780029604777412,12.369074492297976,Low
PRV53520,0.078420594,0.0,11.327894225711164,2.871183853595092,Low,0,-0.07100633646832816,3.411671552048981,Low
PRV53521,0.062162623,0.0,7.93573838780309,2.0150159083554775,Low,1,0.003777022434654498,4.798417337132443,Low
PRV53522,0.11465968,0.0,7.619340023469428,1.9621648468254755,Low,1,0.02240770376963741,5.249518964128825,Low
PRV53523,0.8520905,0.0,11.243247278110655,3.236857058499374,Low,11,0.11436154104238816,8.819319725159932,Low
PRV53524,0.7635516,0.0,10.780726375150364,3.0769573902010126,Low,6,0.11134790209011747,8.494208712348623,Low
PRV53525,0.07861899,0.0,2.5354064662323474,0.6731611107554555,Low,0,-0.0484657836831201,2.4635860767888067,Low
PRV53526,0.33424556,2.554074509063492,18.963568432269117,5.5465335166098555,Low,5,0.0768360915766586,9.291905981512599,Low
PRV53527,0.48844692,0.0,10.892281402708853,2.96729381123229,Low,2,0.14684720826113284,9.240093021114212,Low
PRV53530,0.2707434,0.0,8.472486365700464,2.2534932913543533,Low,3,0.04705330080802028,6.152819762601431,Low
PRV53531,0.07599533,0.3570243533633853,9.368015525301164,2.4692576364125154,Low,0,-0.0262534219811979,4.302785949571978,Low
PRV53532,0.57485974,0.0,10.157960610025313,2.8269200216812855,Low,0,-0.0025014129370327653,5.175418496056638,Low
PRV53533,0.49388242,0.8144731796110326,13.244157263621673,3.761598819647593,Low,9,0.11516783025170096,9.154071314052494,Low
PRV53534,0.15068601,0.5467869053326001,17.236465120221993,4.521156011747821,Low,10,0.1093758844060394,9.560866237391586,Low
PRV53535,0.46469933,0.0,8.495967626480653,2.3563415705930177,Low,2,0.06881818839759202,6.768177039586149,Low
PRV53536,0.4747207,0.0,11.615664603845696,3.141276494298483,Low,2,0.0308241847859827,6.32224259472083,Low
PRV53539,0.052005257,0.0,7.535406466232347,1.9098542452868341,Low,0,-0.05978833552532048,3.0326365061198057,Low
PRV53540,0.087790854,0.0,10.629847313829428,2.7013572555949703,Low,1,0.06041682401826898,6.762738576130413,Low
PRV53544,0.14278248,0.0,11.391979079496483,2.919386009636427,Low,3,0.03790216060006335,6.379197799016994,Low
PRV53545,0.009616612,0.0,7.5141625864929384,1.883348952851604,Low,0,-0.11999153390991352,1.4368445741696119,Low
PRV53547,0.12596096,0.0,9.747306218242569,2.4998070350527573,Low,3,0.10353044898441566,7.804860391040581,Low
PRV53548,0.039117847,0.0,8.827894225711164,2.226532479746773,Low,0,-0.06160551479798715,3.206703756164212,Low
PRV53549,0.09385966,0.0,4.703715318523314,1.2228586584534413,Low,0,-0.009663505193369393,3.8649389045940943,Low
PRV53550,0.17685723,0.0,7.528325172985878,1.9705099097702121,Low,1,0.07272692609217613,6.57365261130016,Low
PRV53551,0.6005329,0.600837928625643,16.802276155675504,4.651044965758362,Low,2,0.10026957753642252,9.198451107886124,Low
PRV53553,0.5261344,0.5174680745825638,15.130235098935781,4.17499297925834,Low,1,0.11910915827364732,9.331939317237039,Low
PRV53554,0.041737743,0.0,5.035406466232348,1.2797204879191042,Low,0,-0.09382859482235412,1.6997364658502765,Low
PRV53555,0.06781824,4.994410669291158,25.791578227138462,7.730406343773028,Low,2,0.05601116231083203,10.194496500736356,Low
PRV53556,0.2637469,0.0,11.836342502248392,3.090959069284823,Low,7,0.12183395001781006,8.805575076545427,Low
PRV53558,0.46013227,2.7351061921284647,19.658419565705206,5.828447574984121,Low,2,0.07863880804753876,9.4559375188505,Low
PRV53559,0.024512442,0.0,8.785406466232347,2.20860783747251,Low,0,-0.07191055314271455,2.924179149111854,Low
PRV53560,0.2141125,0.0,9.927697713016654,2.5889806809125306,Low,1,0.06441015978355258,6.788694694934568,Low
PRV53561,0.0596372,2.238294012889795,8.181650345971756,2.634804689759042,Low,1,0.051983553959318085,6.495212091215267,Low
PRV53562,0.058315787,1.5763364480053788,7.705357504147614,2.349581381770438,Low,1,0.11347429508918572,7.906525792732943,Low
PRV53563,0.03609302,0.0,6.285406466232348,1.5893981260326029,Low,0,-0.09673281871737555,1.8404242744284545,Low
PRV53564,1.512724,0.4613797615278467,12.349138105450571,3.958991487713995,Low,0,-0.0525504315376813,4.65665537262622,Low
PRV53565,0.07063022,0.03937972163776747,5.5991381054505736,1.444944568051573,Low,0,-0.0035553816562317597,4.180423196142028,Low
PRV53566,0.13498141,0.0,3.1604064662323474,0.8575923209157109,Low,0,-0.023191089019847233,3.2548489996333756,Low
PRV53568,0.105694205,4.0948549925553985,18.785406466232345,5.772912466981367,Low,0,-0.007892787195836803,7.0963668652708884,Low
PRV53569,0.3326109,0.5467614591169517,12.75352672051778,3.491377497493903,Low,2,0.06996017265744481,7.592620552853923,Low
PRV53570,0.50404876,0.0,7.545224735519318,2.1383305662326584,Low,3,0.11613784237215419,7.882122649977925,Low
PRV53571,0.27271864,0.0,8.003955408084813,2.1373481711120466,Low,2,0.05876626021062459,6.351535428861699,Low
PRV53572,0.04504212,0.0,4.099138105450573,1.04730558632277,Low,0,-0.026803177168484293,3.293016710002402,Low
PRV53573,0.13968664,0.0,8.800022522446575,2.2698489526502943,Low,4,0.08815846138097494,7.2680111448641584,Low
PRV53574,0.46931288,0.0,11.005325166525154,2.9859877298627566,Low,0,-0.0016087761004014989,5.310151708144924,Low
PRV53577,0.092918746,0.0,5.564305499865731,1.4375357480531237,Low,1,0.010495495487620299,4.570195669538217,Low
PRV53578,0.09667382,0.1483135370344614,12.879721103024627,3.305345568236017,Low,0,-0.059828190209147813,4.0084362961158195,Low
PRV53581,0.043219414,0.0,9.772055929341569,2.4646236891395485,Low,0,-0.014692254266173765,4.602428348030742,Low
PRV53582,0.35206035,6.078139365819028,17.968904451676675,6.187791128271669,Low,2,0.06359941285805804,9.31346722858532,Low
PRV53584,0.099036016,0.774445986021232,14.43370307800213,3.8515552737909227,Low,0,-0.020205028602493458,5.4288536053132255,Low
PRV53585,0.053218666,0.0,6.327894225711164,1.6085828896598362,Low,0,-0.07343035467811071,2.4643450456010347,Low
PRV53586,0.041599233,0.0,9.223317012638422,2.326628869511329,Low,1,0.005522883243689214,5.062285481641159,Low
PRV53587,0.031946786,0.0,6.723317012638422,1.6968026460336079,Low,0,-0.032755510355162665,3.591721982718574,Low
PRV53588,0.013325384,0.0,10.014162586492938,2.510203338566582,Low,0,-0.10137723157942413,2.363310907600216,Low
PRV53589,0.12084553,0.0,2.5354064662323474,0.6942743797865033,Low,0,-0.07648859317004125,1.7442075870596325,Low
PRV53590,0.7055068,0.5041060847815384,13.469589365447499,3.8461772633598716,Low,7,0.20699045115163828,11.565207104041775,Low
PRV53591,0.4813264,0.24657331001418786,32.34260420741221,8.387957579973435,Low,6,0.15829991367559737,13.441984813007762,Low
PRV53593,0.15531716,0.6614705497478818,18.21154744163532,4.795913076599272,Low,1,0.0873792159985528,8.935303997445686,Low
PRV53594,1.038044,0.10744330572840703,15.999936699047643,4.545866989109052,Low,6,0.09743777131742559,9.158019776646144,Low
PRV53595,0.022113662,0.8295408922992525,5.366293943358646,1.5600155400210183,Low,2,0.10367723566131015,7.124006309232364,Low
PRV53596,0.5087685,0.0,3.827894225711164,1.2113578058765673,Low,0,-0.042585620442100736,2.994375682458223,Low
PRV53597,0.17394528,0.0,27.139983679305086,6.8719685587909245,Low,6,0.1327614949376329,11.711722226537601,Low
PRV53598,0.25860882,0.0,24.765394225711166,6.320652965454891,Low,8,0.1641549761278197,12.201957172107985,Low
PRV53599,0.27954066,0.0,28.069718142048494,7.157199864510689,Low,3,0.10622108533882446,11.135526219783184,Low
PRV53600,0.042630073,0.0,33.34749591982627,8.358189016298116,Low,1,0.06257867648345727,10.77915827043947,Low
PRV53601,0.065568104,0.0,26.28540646623235,6.604135668751252,Low,2,0.11697177852876428,11.003188526136562,Low
PRV53602,0.10840942,0.0,30.021243879739405,7.559515679762751,Low,4,0.0812100619418491,10.788739664716278,Low
PRV53604,0.85376,0.6943277318701411,25.334428123749532,6.934068965926707,Low,6,0.14223259139720268,12.003321776933708,Low
PRV53605,0.09085642,0.0,5.711249806873821,1.4732406607252415,Low,3,0.0949294805810792,6.860930781918175,Low
PRV53606,0.10290713,0.0,6.41848670745602,1.6560752411800392,Low,5,0.14633770846410854,8.389428764330018,Low
PRV53607,0.2520465,0.0,8.385920365799377,2.2225033392878646,Low,4,0.054574750261150884,6.3550237187218155,Low
PRV53608,0.7447583,0.0,9.563142698278515,2.7631648285365324,Low,18,0.0979842790612726,8.246593641356522,Low
PRV53609,0.3602665,0.0,7.722078186178301,2.110652799880528,Low,22,0.13148979706513675,8.775014719923965,Low
PRV53611,0.80654967,0.0,7.124050769500532,2.184287526531169,Low,5,0.06854507066843296,6.72112082518924,Low
PRV53612,0.60281825,0.11939030568217228,8.528234285675362,2.4633152731674475,Low,6,0.157600755308979,9.276418242794053,Low
PRV53613,10.5995245,2.0256189495713537,10.187009051133609,8.35291924916916,Low,23,0.18626897176757518,14.60658338827443,Low
PRV53614,0.6989692,0.0,8.135147945968967,2.3832715791684045,Low,9,0.0818396766482874,7.316091992619091,Low
PRV53616,2.7900755,0.5425634152556216,9.370336728017538,3.873262806089591,Low,5,0.17751139924047776,10.758166449063854,Low
PRV53617,0.7226398,0.0,10.745907397936666,3.0477967490431874,Low,12,0.1051257459820254,8.471858442934613,Low
PRV53618,3.4844847,0.0,11.05432415281026,4.505823374475758,Low,28,0.16158921078568456,11.401269805013271,Low
PRV53619,0.09965133,0.0,3.764162586492939,0.9908663112329054,Low,0,-0.0668442317900077,2.204490499117459,Low
PRV53620,2.219339,0.016352122071240434,9.373815006469687,3.457211229080422,Low,20,0.13693506966045854,9.806572747499727,Low
PRV53621,0.20788051,0.0,9.453505689762924,2.4673166783806915,Low,7,0.07530174743245344,7.149947834197511,Low
PRV53622,0.043278076,0.0,2.5111277465301662,0.6494209745098628,Low,0,-0.008331961150486122,3.4984170871534084,Low
PRV53623,29.113993,1.6034095232985406,20.111025006000727,19.985604977844837,Low,66,0.16075577631856097,23.2354163571315,Low
PRV53624,0.18231396,0.0,6.8386109331664295,1.8008097151770406,Low,11,0.09810286973763704,7.388132506078309,Low
PRV53625,0.35490707,0.0,9.227187851822968,2.4842504957707217,Low,16,0.10291613370283581,8.126869914919666,Low
PRV53626,0.04818226,3.3609817863328235,7.90821969543695,2.8413915005649857,Low,3,0.0890227811515879,7.663889240300876,Low
PRV53627,0.8843041,1.2006344376450115,19.529054869514617,5.624574379907659,Low,12,0.09225892458554052,9.938510352339824,Low
PRV53628,0.8789501,0.0,10.024279507149176,2.9455449362965713,Low,23,0.16072271392744553,10.152145724286676,Low
PRV53629,0.33375,0.0,6.1861402230944575,1.713410060541986,Low,1,0.04961069557161368,5.788070333691973,Low
PRV53631,0.10103784,0.0,5.473317012638422,1.418848171942078,Low,0,-0.09104987743245696,1.8699242907233258,Low
PRV53632,0.23105082,5.951984012164804,12.7505473952081,4.791158261422503,Low,4,0.15653762016593875,10.824364429755144,Low
PRV53633,0.15660766,0.0,13.24865861606393,3.3904684828514697,Low,7,0.08806774163833087,8.130605000444817,Low
PRV53634,3.8957982,0.24783938533221683,20.280887197058078,7.080080748762247,Low,50,0.13096700253550053,12.991595662893033,Low
PRV53635,2.1819568,4.506375763951992,9.063001279378625,4.483322644850599,Low,6,0.23484881273626745,12.714212710251953,Low
PRV53638,0.5009999,1.067568101363027,17.114195672849014,4.795940907313386,Low,14,0.12903849757024632,10.375730731869265,Low
PRV53640,0.09107301,0.0,11.165741772790694,2.836971946393436,Low,3,0.05168640529198465,6.682635573298285,Low
PRV53641,0.035462122,0.0,7.037869744668798,1.7771984973724675,Low,1,0.05889144008824232,6.075864554527989,Low
PRV53642,0.12526374,1.224694307625324,5.120381985189981,1.6489009410298112,Low,1,0.01114173767055704,4.735081931271915,Low
PRV53643,0.33003214,0.0,5.014162586492939,1.4185567166315127,Low,0,-0.10784372291372507,1.4297453905004753,Low
PRV53644,0.047600783,0.0,13.492112986496746,3.3968286383280306,Low,2,0.038335285656131646,6.697909262359493,Low
PRV53645,0.017726175,1.6642469831003925,7.139983679305089,2.209920753344891,Low,1,0.021763855396902176,5.406080186467213,Low
PRV53646,0.015002655,0.0,7.524784526362644,1.888697459023353,Low,0,-0.06009177656707182,3.009877031740507,Low
PRV53647,0.32824448,1.0248989656159404,16.495843714412892,4.544307908762434,Low,0,-0.007794004663557286,6.238931636457798,Low
PRV53648,7.77681,1.2455427533050756,19.432471438783907,9.05790863263223,Low,1,0.1175088346960994,12.708054071503266,Low
PRV53649,0.044599086,0.0,8.969281237495336,2.2646198523969434,Low,1,0.1251816976912845,8.153770029910243,Low
PRV53651,0.090608306,0.0,10.109760045320277,2.5727441644446265,Low,0,-0.056495186138226794,3.582935282720605,Low
PRV53652,0.16855706,0.0,8.465682366905407,2.200699123098899,Low,1,0.05725074855941614,6.329331206494903,Low
PRV53654,0.16432272,0.0,9.887364082524526,2.5540023801200955,Low,4,0.11640352344964511,8.206899023884773,Low
PRV53655,0.0075637777,0.0,10.014162586492938,2.5073225354900317,Low,0,-0.11631211036520472,1.970021749101653,Low
PRV53656,0.15228291,0.0,4.599138105450573,1.225925980642066,Low,0,-0.05282009271975319,2.7364447779912613,Low
PRV53657,0.06858861,0.0,7.765682366905407,1.9757148952329646,Low,0,-0.00591720692765052,4.490085960062299,Low
PRV53658,0.14104101,0.0,10.540653844178305,2.705683966353681,Low,1,0.035721858288366826,6.118794271979794,Low
PRV53659,0.120977916,0.0,6.528325172985879,1.6925702511581995,Low,1,0.00035493363219241125,4.483051514490706,Low
PRV53660,0.031164305,0.0,6.3054914111478775,1.591955005429279,Low,2,0.0019908428524914035,4.482324976419912,Low
PRV53661,0.12952517,0.0,2.514162586492939,0.693303231488328,Low,0,-0.11542590600623126,0.7234255308899499,Low
PRV53662,5.52495,1.8639189446505913,21.400630184016176,8.578612295899601,Low,26,0.11410660660644623,12.954554035230466,Low
PRV53663,0.33301392,0.0,14.61901565377229,3.8212608744311174,Low,5,0.0720598087088884,7.95908330967033,Low
PRV53664,4.505605,0.0,14.380875877533983,5.848021579780834,Low,18,0.11853896794355889,10.944497000326491,Low
PRV53665,0.07963599,0.4227081639964914,19.991037105976613,5.143254313816385,Low,9,0.10875230591485452,9.953152541116301,Low
PRV53666,0.042613737,0.0,9.414927579134783,2.3750387634262644,Low,1,0.02236539908235713,5.537422383072834,Low
PRV53667,2.4106455,2.5634877056911707,28.520154896733015,8.976233393068204,Low,9,0.20342410210154005,15.11650439395946,Low
PRV53668,90.19294,0.0,25.19165646623235,51.39438399570848,Medium,16,0.1535827770613868,43.691357405319195,Medium
PRV53669,0.038589824,0.0,8.665176223040504,2.185588967755656,Low,2,0.05940299248494196,6.4019854670734215,Low
PRV53670,10.614568,0.0,16.21524005472648,9.361093892008036,Low,114,0.12295875284628399,16.096620909284216,Low
PRV53671,19.191864,0.7184441202393694,20.294275489470238,14.849111909263339,Low,31,0.17799255291615157,19.15185294087665,Low
PRV53672,1.5817924,0.0,13.205313909914429,4.092224654770478,Low,42,0.11136749457946926,10.171852045940415,Low
PRV53673,38.076885,0.2991822785672412,13.404414155992272,22.464341720334215,Low,15,0.17328668191417285,23.929696475769944,Low
PRV53674,3.2868934,0.0,12.521284687595315,4.773767855782496,Low,49,0.14309966088260018,11.66818940403949,Low
PRV53675,15.743492,0.0,13.3570924001007,11.211019163257596,Low,93,0.20825568420728968,19.06246857389109,Low
PRV53676,11.268815,0.0,21.68827367144929,11.056475938156513,Low,58,0.11424020967744641,15.551619198056983,Low
PRV53677,97.21973,11.937405832797536,23.053710494857867,57.35764236316385,Medium,92,0.22747936591962326,51.84189231332841,Medium
PRV53678,0.05543142,0.0,3.389983679305089,0.8752116307493479,Low,0,-0.0934135953539218,1.4274526620406416,Low
PRV53679,3.2243688,0.0,12.923730720703757,4.843117085502783,Low,83,0.1188241084085041,11.993500572179128,Low
PRV53680,0.08580503,0.0,6.9417880227980175,1.7783495200379977,Low,4,0.11302504339906894,7.57543064653933,Low
PRV53681,0.0595499,0.0,11.519732295250423,2.909708024629833,Low,5,0.0872883039050375,7.719961243771381,Low
PRV53682,31.875795,3.007659536858931,18.946789139319385,21.42650985123452,Low,36,0.0977602786306393,21.788288140857887,Low
PRV53683,2.2448199,32.06595180710776,16.6511445266301,13.301684023200394,Low,3,0.18101713753341564,17.39621538623168,Low
PRV53684,0.011309097,2.003901323240218,5.6462438797394086,1.9181908490397488,Low,1,0.02808595558585325,5.367499292422468,Low
PRV53685,0.06830238,0.6813329601155121,12.575200194787891,3.3482844777550675,Low,7,0.09056296399268715,8.166447475951696,Low
PRV53686,7.5098405,0.0,13.559239235053273,7.144730052980237,Low,29,0.10626232272730873,11.825864289858181,Low
PRV53688,0.2674906,0.0,8.501091321737041,2.259018128223834,Low,2,0.025768367888992838,5.572206521904416,Low
PRV53689,2.7883334,0.0,15.834066198014481,5.3526832574961745,Low,63,0.09641738093081287,11.226259729012051,Low
PRV53690,0.039288733,0.3570243533633853,6.19536623876445,1.6577420146092265,Low,1,0.02708158376937997,5.158871994303641,Low
PRV53692,99.71501,0.8398133022652252,21.452752922309497,55.43064735448352,Medium,150,0.19887941711731327,51.300764779326705,Medium
PRV53694,0.05282983,0.0,6.6182767929934,1.6809841141676538,Low,3,0.09564389568779985,7.025067859682738,Low
PRV53695,0.180806,0.0,12.954521507309593,3.329033374857584,Low,14,0.09774878014344535,8.529149336527405,Low
PRV53696,0.02707635,0.0,6.509690190758327,1.6409607229520926,Low,1,0.05933833753051376,5.992206190218996,Low
PRV53697,99.2577,2.2415650683939017,21.634904692042213,55.597966469650046,Medium,72,0.21722438745450412,49.804540576423136,Medium
PRV53698,0.49471715,0.0,7.898109029026967,2.221885832720037,Low,9,0.12689789715753974,8.3835833034858,Low
PRV53699,5.4038296,0.0,12.872718669847059,5.920094454754246,Low,39,0.171298687265647,12.940936057742505,Low
PRV53700,11.485378,0.9526738198155879,36.87556529009092,15.199748910167056,Low,86,0.1394141532241291,19.863109670494712,Low
PRV53701,0.05218136,0.024762373159861573,9.601744695774155,2.432717446923746,Low,0,-0.01748738325216509,4.506865571931835,Low
PRV53702,4.310049,0.0,15.73420827598955,6.088576597500806,Low,98,0.12481896357268807,13.425063478789149,Low
PRV53703,0.06600101,0.0,6.617285738523868,1.6873219410916336,Low,3,0.048706617140137354,5.799814355360943,Low
PRV53704,0.060708366,0.0,8.361658506319213,2.1207688097470223,Low,1,0.04282972170356669,5.895569580999121,Low
PRV53705,0.8724736,0.6646529263611655,7.080646153463423,2.3725615687194224,Low,8,0.19445143063024506,10.232017240181714,Low
PRV53706,99.3648,0.8913125599691938,19.71498313051441,54.833973672376764,Medium,292,0.21293452549565384,55.06339760090543,Medium
PRV53708,0.58511615,0.4294665619815364,15.237472621756465,4.209292869931998,Low,9,0.10005336247564922,9.07147957662214,Low
PRV53709,0.12875679,0.0,8.904963614327107,2.2906192992583896,Low,7,0.1194844657311025,8.183784088678667,Low
PRV53710,96.42556,4.6949340505604695,16.397102205378506,53.48578906276404,Medium,74,0.21806753857551442,48.401797027719724,Medium
PRV53712,99.79347,2.553785538865719,23.565480666340914,56.42655269632119,Medium,167,0.21651199091200446,52.91622272872134,Medium
PRV53713,0.041338287,0.0,10.040134370558935,2.530702736286689,Low,1,0.008508877044151486,5.283365981783242,Low
PRV53714,0.82476306,1.2277293929965463,21.645787389228342,6.130760725364267,Low,11,0.09831685203602325,10.42470424528116,Low
PRV53715,1.1711037,0.0,10.400964982764036,3.185793103639312,Low,3,0.0919278175316256,7.981078186506768,Low
PRV53716,0.29359552,0.0,9.165995323280962,2.4382965921413082,Low,3,0.07356893459921254,6.976853990214676,Low
PRV53717,0.14995164,0.9883950879610369,16.944578793346913,4.5582192887226025,Low,8,0.0728796419291694,8.57696957751909,Low
PRV53718,0.09184316,0.0,5.014162586492939,1.2994622256265689,Low,0,-0.12352525681183807,0.9355453477747963,Low
PRV53719,0.031127306,0.0,6.599138105450572,1.6653481792133304,Low,0,-0.002811395280404805,4.3541971095292915,Low
PRV53720,0.45541263,0.0,10.394843678873755,2.8264172328516786,Low,4,0.09843099387135612,7.9267346912841585,Low
PRV53721,0.22600247,0.9609627023402832,3.546028406102051,1.2397490119400092,Low,0,-0.025248141352818998,3.468466836038864,Low
PRV53722,0.036259525,0.0,6.691451193029311,1.6909925605194336,Low,0,-0.08214854630421548,2.2936275862895044,Low
PRV53723,0.093484275,2.063840324441364,7.118739799565681,2.3423871685232664,Low,1,0.04286976041998358,6.051751389603175,Low
PRV53724,0.03936844,0.0,5.007081293246469,1.271454543044498,Low,0,-0.04569186144010645,2.955064299415387,Low
PRV53725,0.025484623,0.0,7.5141625864929384,1.8912829583169626,Low,0,-0.11954634645495682,1.4540616565434932,Low
PRV53726,0.44055662,0.0,13.183703078002129,3.5162040772960568,Low,2,0.05451804744416888,7.205437426949965,Low
PRV53727,0.07108505,0.0,11.921309277565275,3.015869844742366,Low,4,0.06280659525861132,7.126042911056482,Low
PRV53728,0.03993625,0.0,6.5701972935008195,1.6625174474817312,Low,1,0.0041116088176346155,4.560434102187126,Low
PRV53729,0.029650135,1.9306425439943737,12.524784526362643,3.628681835072143,Low,0,-0.005183973070736647,5.666372502811436,Low
PRV53730,0.37998563,0.0,2.5354064662323474,0.8238444318142056,Low,0,-0.07836511080926106,1.7857445285389741,Low
PRV53731,0.039650016,2.1837183268436546,5.660406466232348,1.9808562060354857,Low,1,0.030023813750265194,5.462134171832585,Low
PRV53732,0.12961315,0.0,6.811576902844657,1.7677007988041018,Low,0,-0.004625074549551411,4.37832812428274,Low
PRV53733,0.4519979,0.0,8.35858577522591,2.3156453967912873,Low,2,0.060425054170938464,6.519801530853657,Low
PRV53734,0.021156337,0.0,10.014162586492938,2.514118815179329,Low,0,-0.0788564479514956,2.95606426213508,Low
PRV53735,0.079905234,0.0,5.858117859695977,1.5044820820626184,Low,0,-0.08990191964227678,1.9599428902488971,Low
PRV53740,0.2259024,0.899819474159443,16.723391727048526,4.518753997032129,Low,7,0.10136761245617087,9.268842571891483,Low
PRV53741,0.028759949,0.0,7.530095496297495,1.896903848529015,Low,1,0.11369762536702976,7.59550245531069,Low
PRV53743,0.39344206,0.0,5.352086033688246,1.53474254068391,Low,4,0.056856816792521525,5.93337805918239,Low
PRV53745,0.14516078,0.0,9.226562238849821,2.3792209493909335,Low,2,0.03694567864411091,5.949178151520698,Low
PRV53746,0.10542756,0.0,25.45207313289901,6.4157320648199825,Low,6,0.14136262896012008,11.61769416683743,Low
PRV53749,89.80845,0.0,13.954910191794955,48.392951943700695,Medium,27,0.19354797958952907,42.932688483625164,Medium
PRV53750,46.09317,4.216445573299037,23.792687782082275,30.048868421853143,Medium,116,0.1442271541257638,31.188956238806604,Low
PRV53751,0.18350667,0.0,6.739951920777802,1.776741314001442,Low,3,0.11709652589117148,7.654126318979718,Low
PRV53752,0.22023354,0.0,7.753851989603324,2.04857976975448,Low,7,0.07770051517445054,6.919676303486461,Low
PRV53754,0.025801701,0.0,10.567593754074554,2.6547992892542434,Low,1,0.012526835350608279,5.475498365523628,Low
PRV53755,0.07041684,0.0,8.528325172985877,2.167289712211809,Low,1,0.04594751489471294,6.0098159628253125,Low
PRV53756,0.288978,0.0,5.632560857018992,1.5526292194627633,Low,9,0.12751796453245312,7.9313485580893435,Low
PRV53757,0.49974662,0.08863786043153046,8.431570487396367,2.3799253972845045,Low,5,0.18803371352182074,9.988499941072625,Low
PRV53759,0.1712691,0.0,9.449985837413506,2.448131011295725,Low,7,0.09642860353714067,7.690011468308173,Low
PRV53761,0.07677806,0.0,7.519827621090114,1.9183459361165016,Low,4,0.09015528306027787,7.0742729230853545,Low
PRV53762,98.65464,4.252984166599185,11.727700529789557,53.32249127297414,Medium,116,0.25616149526508825,50.41301287342277,Medium
PRV53763,97.96581,0.8867387419024698,28.188392308125593,56.25168910405975,Medium,58,0.19776215686466514,49.37642471572184,Medium
PRV53764,1.3383143,0.0,7.087796025137109,2.441106153691809,Low,4,0.07992896269071259,7.172290016990346,Low
PRV53765,0.06061719,0.0,7.078194900433001,1.799857320035442,Low,6,0.10260527003163289,7.371194129729782,Low
PRV53766,0.19994742,0.0,7.300623265854815,1.9251295248548934,Low,2,0.066923759110872,6.416697252923811,Low
PRV53767,0.03181521,0.0,5.444348085721047,1.3769946256775933,Low,1,0.09316099066970185,6.693535360200145,Low
PRV53768,3.2310054,0.0,9.013819977815603,3.8689577095646794,Low,11,0.12262228965610744,9.478210053085693,Low
PRV53769,99.131424,0.0,14.930156930590563,53.298251207745295,Medium,141,0.2225110170393686,50.1855910672969,Medium
PRV53770,41.168335,0.0,14.261806718743204,24.14961916015455,Low,87,0.21568113694854374,28.152951053793373,Low
PRV53771,1.4549568,0.0,6.605207512637231,2.3787802631309267,Low,5,0.0663670288965259,6.800204142167019,Low
PRV53772,0.13715854,0.0,6.726674495940673,1.7502478954209058,Low,0,-0.008666658457736343,4.260227338066619,Low
PRV53773,1.0968187,0.0,8.271686238592704,2.616330902413984,Low,57,0.14782567892865328,10.496563592785254,Low
PRV53774,43.68704,7.858504652043245,12.393305094722635,26.9064716475069,Low,58,0.2327026630617821,29.750164095454018,Low
PRV53775,1.1086454,0.08478350187594988,10.459637492256185,3.1904279681070085,Low,9,0.1394940327160782,9.391563646244482,Low
PRV53776,95.43367,8.616765201752774,12.568450701235424,53.01313899771971,Medium,56,0.23132926011731925,47.93515876039057,Medium
PRV53779,0.57952386,0.0,7.689138873794975,2.2120466491528603,Low,4,0.10542009728715096,7.679779858155299,Low
PRV53780,0.14676543,0.0,7.424381904260915,1.9294781889658674,Low,1,0.02355782418119745,5.256769823674581,Low
PRV53781,71.879105,6.9879644726267385,12.295780716558106,40.76048860442512,Medium,100,0.23373646099425605,40.60257678025183,Medium
PRV53782,0.24913338,0.07069116445426905,12.054829855546707,3.155946944133888,Low,6,0.08965763702507767,7.981247285077339,Low
PRV53783,0.10587707,0.0,7.1801439667163995,1.8479745274886168,Low,4,0.06372052766333325,6.332459918955416,Low
PRV53784,0.09300835,0.0,9.49079733587195,2.4192035073958076,Low,2,0.027532005609560484,5.730541088839186,Low
PRV53785,1.1288973,0.0,6.901040128652497,2.289708686814766,Low,19,0.05493660276950163,6.814232047145067,Low
PRV53786,97.952805,3.0191073930814922,21.449465152025947,55.0935454189917,Medium,141,0.2070816213711869,51.03806877939212,Medium
PRV53787,61.885536,0.0,16.215660039204327,34.99668310672491,Medium,36,0.18118821403119256,33.47310274604773,Low
PRV53788,0.22724408,0.0,8.3644910236178,2.2047447954609534,Low,1,0.027349512704983425,5.548793298189131,Low
PRV53790,97.462616,2.2244629630316717,9.50438762808255,51.66352063117699,Medium,85,0.2272022844856657,47.6608284981132,Medium
PRV53791,4.0719824,0.08288461763280318,9.091385286665805,4.329558667938666,Low,12,0.18942544562257768,11.577624096504984,Low
PRV53792,94.54249,0.3986189293795016,19.15080043426842,52.15859888998425,Medium,37,0.17420523982295943,45.33034543297914,Medium
PRV53793,0.54734784,0.0,10.280145891929164,2.8437103948057927,Low,8,0.13059523257230066,8.888879791983223,Low
PRV53794,0.4367766,0.0,7.658397714052498,2.132987732627466,Low,17,0.08693105577423077,7.489045297127578,Low
PRV53796,0.08598886,0.0,7.295307136509136,1.8668212125533112,Low,4,0.035141262886055236,5.596916482765854,Low
PRV53797,99.745636,1.816854202404321,36.714603278844166,59.50568236347618,Medium,427,0.18075008890315392,61.11456826545464,High
PRV53798,0.327049,0.0,8.32724058152503,2.2453346389563538,Low,5,0.07308452137480359,6.882780960199163,Low
PRV53799,44.69822,0.0,9.401464902566184,24.69947587529975,Low,70,0.22153784784244546,28.23491241639323,Low
PRV53801,0.79523593,0.0,7.270563340849099,2.2152588011489356,Low,9,0.06856787808802056,6.850780789732884,Low
PRV53802,61.99981,0.7118821829062989,20.228432137783862,36.2349832127409,Medium,46,0.1998817098987734,35.09811221763722,Low
PRV53805,0.14873028,0.0,6.96124917880271,1.8146774337082459,Low,3,0.11635447147385436,7.661240831767396,Low
PRV53806,0.52763736,0.0,7.600209804787658,2.1638711324369964,Low,20,0.13041495379849977,8.730416911699269,Low
PRV53807,51.482254,6.506855579675454,11.718160911656726,30.297381136993202,Medium,40,0.19877334401992075,30.751679328471695,Low
PRV53808,99.30054,0.0,15.084985960737104,53.421515044871775,Medium,209,0.20643226896234224,51.67613876306481,Medium
PRV53812,0.1037268,0.0,6.2641625864929384,1.617904045026164,Low,0,-0.10456261367423847,1.6552489188131565,Low
PRV53814,0.7128614,0.0,8.82527421083345,2.5627492620703927,Low,8,0.13218538045117945,8.733866613322142,Low
PRV53815,0.020638863,0.0,6.246123681683914,1.5718503517333606,Low,1,0.010784909859542613,4.671798137296674,Low
PRV53816,0.30547193,0.0,10.487671377896438,2.774653807937893,Low,23,0.10911658206950992,8.680514630660191,Low
PRV53817,0.053059578,0.0,4.382646110683986,1.1221913166419437,Low,3,0.029048400771910066,4.889205590805185,Low
PRV53818,0.029247388,0.0,9.733135281925392,2.4479075146031857,Low,1,0.0274615649494504,5.721942811127127,Low
PRV53819,0.09893705,0.0,12.828749993319535,3.256656023083931,Low,7,0.08820734030666166,8.040593565297815,Low
PRV53820,0.05240276,0.0,7.985581138132428,2.022596664949858,Low,2,0.021209628973851924,5.287279017646052,Low
PRV53821,0.048000086,0.0,6.9553575041476146,1.7628394190863583,Low,1,0.032698636927991576,5.37959898633739,Low
PRV53824,0.748612,0.0,14.4546766554228,3.9879751571742577,Low,8,0.08589803998369605,8.518862210630832,Low
PRV53827,0.20444512,0.0,6.573002513297095,1.7454731901605165,Low,1,0.017021302537944316,4.956718748209391,Low
PRV53828,0.04327715,0.0,12.43298543469506,3.1298849327524443,Low,2,0.04552615010532579,6.699439096216851,Low
PRV53829,0.037817996,0.0,5.162869744668798,1.3096264341648411,Low,3,0.03176517799773182,5.09158587486869,Low
PRV53831,0.5025638,0.0,10.59836459291166,2.900873035520777,Low,10,0.08767981141239733,7.858261879534139,Low
PRV53832,0.03313143,0.14768098536043348,9.414511930293097,2.4071139448074854,Low,3,0.07006449333067477,6.863214756918694,Low
PRV53835,0.09625853,0.0,5.390394225711164,1.3957278206930899,Low,2,0.01115998285181452,4.585184382436074,Low
PRV53836,0.24666744,0.0,11.425798313056898,2.979783300617206,Low,4,0.09951742839307809,8.062553978974341,Low
PRV53837,0.1323829,0.0,6.861773155828916,1.7816347387186198,Low,1,0.056549813326037146,6.01762263059563,Low
PRV53838,0.5803899,0.0,14.407643026987433,3.8921057151952683,Low,18,0.11161194903531446,9.393877845509653,Low
PRV53839,0.023904532,0.0,2.514162586492939,0.6404929127203035,Low,0,-0.11930615113026372,0.5848014007287136,Low
PRV53840,0.1298536,0.0,3.4537153185233143,0.9283556327428586,Low,0,-0.06677788740878954,2.1624711526630787,Low
PRV53841,0.22742872,0.0,11.32985573910018,2.946178294475725,Low,1,0.010805198970945673,5.634359243096954,Low
PRV53842,0.0594682,0.0,6.927340150643676,1.7615691369447335,Low,1,0.02766161224330055,5.246746901525819,Low
PRV53843,0.04582487,0.0,8.534483007786534,2.1565331871802265,Low,3,0.022032694184330737,5.429443359433606,Low
PRV53844,0.9088326,0.0,13.394787729168591,3.8031132371188843,Low,4,0.03886395006864907,7.04985001286627,Low
PRV53845,1.7256802,0.0,9.820574079319478,3.317983635853887,Low,2,0.03979691187872936,6.681010290162294,Low
PRV53846,0.6193119,0.0,7.103905869687037,2.0856324317963013,Low,1,0.0020597605626103688,4.80285908334116,Low
PRV53848,0.04817303,0.0,5.674569052725286,1.4427287776691842,Low,1,0.012926256581989537,4.637513275954829,Low
PRV53849,0.22485575,0.0,8.117611609852537,2.1418307778627237,Low,0,-0.0012558521324697036,4.728487948072629,Low
PRV53850,0.055414967,0.0,13.705357504147617,3.454046859656356,Low,2,0.07483436216208317,7.6941859434101385,Low
PRV53851,0.81739265,0.0,8.260569009534418,2.4738385760167985,Low,5,0.1019155799248398,7.798066470832937,Low
PRV53855,92.57648,0.40659008176900563,29.19553821002362,53.68877059833878,Medium,20,0.1574487638140648,45.50609393545639,Medium
PRV53857,17.812925,0.922062594615278,30.515804772117246,16.76592951105569,Low,10,0.18685058793554876,20.161934799919223,Low
PRV53859,0.28549415,0.0,8.397635108851516,2.2421558515784947,Low,17,0.1059293841468173,8.063192180287025,Low
PRV53860,0.19008125,0.0,5.003540646623235,1.345925788479711,Low,0,-0.11115421211720555,1.2921736290606607,Low
PRV53861,0.15467642,0.0,19.173747959913136,4.870775201216668,Low,2,0.08951169062763287,9.070420926529064,Low
PRV53862,5.0999475,2.1149378464472806,23.64651757734346,8.990337582220267,Low,4,0.15780469885597992,13.796985615017423,Low
PRV53864,0.110862136,0.0,11.285406466232347,2.8767826845016597,Low,0,-0.08325073174217362,3.0948049812050864,Low
PRV53865,2.4707065,0.0,24.00927087407887,7.237670949949771,Low,6,0.11405923568507048,11.47774129057883,Low
PRV53867,0.7597564,1.3765132360352963,18.860316432646783,5.43908561031055,Low,11,0.1704914229556801,11.831402836775162,Low
PRV53868,26.705265,0.8616595476918983,15.819624634721954,17.522953568186473,Low,10,0.19832957307208987,20.992584734715408,Low
PRV53871,24.850563,1.691782805329882,24.05739042492523,18.86257483222198,Low,106,0.12849207970424326,22.677857765590737,Low
PRV53872,83.35223,0.6322984681972452,14.354701573067002,45.422863138978165,Medium,26,0.21011381199429724,41.26078194572537,Medium
PRV53873,3.5746996,2.7902239644519464,10.4129634779801,5.0881466807450355,Low,16,0.19167760879794682,12.275021729864557,Low
PRV53874,2.473362,0.0,12.116507992028385,4.265807982504167,Low,43,0.13425993052533847,10.91995529632206,Low
PRV53875,0.1343044,0.0,9.15232434550733,2.3552332885061964,Low,6,0.07656143328785758,7.077645802645707,Low
PRV53876,0.62895656,1.1392192055148653,16.948187661015123,4.836329994792592,Low,11,0.09415812746456786,9.409650061154494,Low
PRV53877,0.09045433,0.0,5.832521119542127,1.503357446150781,Low,2,0.0735929858678126,6.29618105948922,Low
PRV53878,5.943563,1.9303797302241565,12.84472193874929,6.6655569094766385,Low,9,0.17070483452346186,12.641832550764809,Low
PRV53879,0.087753095,0.0,6.194991839652545,1.5926245072795169,Low,0,-0.003943544285010148,4.2736298444465115,Low
PRV53880,0.38303977,0.0,10.057784271010194,2.7059659540078127,Low,8,0.06736181275039888,7.1358329615578,Low
PRV53884,97.18182,0.16625082608329186,18.877773731272722,53.35191800457338,Medium,124,0.21950265018176918,49.68796705045423,Medium
PRV53885,0.31533393,0.0,16.88208129324647,4.378187289630701,Low,6,0.15936031787784866,10.66292669265049,Low
PRV53887,92.431305,3.0071937658676955,22.369167557749535,52.55974279672462,Medium,58,0.13968607067995653,45.27055138958604,Medium
PRV53888,0.49509943,0.0,13.076603043492288,3.5167004735310003,Low,8,0.11764585217721701,9.020717486473739,Low
PRV53889,1.0338777,0.0,8.340797117706611,2.6021381446114367,Low,18,0.20017410885557785,10.811103254661635,Low
PRV53891,1.3205829,0.0,5.153291605816592,1.9486143347884985,Low,3,0.07457010536621522,6.660305661138887,Low
PRV53892,9.302611,2.032174379905019,8.436159446026796,7.2683891319895455,Low,14,0.2093495020465338,14.21047865555498,Low
PRV53894,89.75899,5.993833043291391,19.290704012710282,51.20062797737933,Medium,29,0.23597159102940446,46.06319130285939,Medium
PRV53895,97.14657,1.4661273682076237,32.40427349910816,57.04088436599886,Medium,131,0.14566273059001644,50.52366202635915,Medium
PRV53896,0.18611524,0.0,8.175434887129821,2.136916339327583,Low,2,0.07953112072720425,6.895242977800422,Low
PRV53899,0.026766805,0.0,7.5141625864929384,1.8919240491123603,Low,0,-0.06176530905942834,2.968291472195569,Low
PRV53900,96.17336,2.185506149107468,19.20880285479231,53.435258616941745,Medium,71,0.11912061204350466,45.69361996697823,Medium
PRV53901,0.019721774,0.05418690581019159,7.334174899272215,1.8569513384627914,Low,2,0.09819859922780572,7.188328880699631,Low
PRV53905,0.17171639,0.0,8.518627209776604,2.2155149984642772,Low,6,0.06759037147831992,6.744813931316789,Low
PRV53906,0.018555118,0.0,10.00708129324647,2.5110478821971323,Low,0,-0.026434279479194356,4.327300912237354,Low
PRV53907,0.1672946,0.0,8.099806459764068,2.1085989182242315,Low,14,0.13331652637686997,8.606669613620465,Low
PRV53908,0.06758178,1.4031793334242917,7.731912412980549,2.3175638267286307,Low,4,0.054753538275532865,6.42625005178499,Low
PRV53909,1.0358952,0.05328623739546008,16.098673289119507,4.555937495821705,Low,23,0.11625869698251023,10.114526471381504,Low
PRV53910,21.406212,0.0,12.852502151163128,13.916231464304454,Low,32,0.20854171649669828,19.32602693143403,Low
PRV53911,98.46006,4.317974558246601,21.170525254297445,55.60215501295046,Medium,70,0.2268728885725404,50.00655829686259,Medium
PRV53912,0.09078771,0.0,7.686856061384999,1.9671078697259037,Low,5,0.06701700572144842,6.5290619357452755,Low
PRV53913,0.18885244,0.0,7.9317631911635935,2.077367019936456,Low,13,0.09069039868030404,7.441217688666992,Low
PRV53915,2.6439457,0.0,11.958520864347893,4.3116030630718365,Low,49,0.11131348155473841,10.51192133036263,Low
PRV53916,1.5249108,0.30898668676467633,18.558257579505074,5.479266470372217,Low,13,0.0981025638551507,10.016735496196343,Low
PRV53917,18.811201,0.9563038268817295,15.303269357053239,13.47049384377427,Low,27,0.21035682421500346,18.92733565144114,Low
PRV53918,99.44238,1.180851473755224,21.553108532668798,55.404681407856,Medium,340,0.13579238289674633,54.73046913044851,Medium
PRV53919,96.423904,7.36227332365819,15.575885151437493,53.94649182824658,Medium,7,0.16732889844018461,45.596350991775346,Medium
PRV53920,11.181042,0.5963710096526392,13.302055708540358,9.065127538312897,Low,20,0.1966661717099757,15.296984138247948,Low
PRV53921,15.311067,0.0,14.294856267954561,11.22924738073986,Low,83,0.16910144161891938,17.78098644675698,Low
PRV53922,0.13216616,0.0,9.084902228135265,2.3373086381004247,Low,5,0.06630835097223475,6.769636726431706,Low
PRV53923,91.70049,4.238168335407065,11.763924004254154,49.85076951435867,Medium,37,0.20386633180096492,44.49194332076901,Medium
PRV53924,0.020624738,0.0,12.5,3.135312369093299,Low,0,-0.03933180595474273,4.426389191436266,Low
PRV53925,14.806374,0.0,15.135611584397926,11.187089694195185,Low,23,0.16309021298610193,15.98325216508354,Low
PRV53926,0.2970284,0.0,8.104571967670337,2.174657188194249,Low,2,0.12742920998859297,8.176523430217177,Low
PRV53927,0.029996732,0.0,5.010894297302261,1.2677219404504934,Low,2,0.05241955132192144,5.57652231547408,Low
PRV53928,1.0381057,0.0,6.7220107566571565,2.1995555522853216,Low,6,0.15624149271442545,9.056175690201032,Low
PRV53931,1.5299715,0.37732636495265837,10.398033703554145,3.4588257573114847,Low,7,0.19873051276248344,11.077662404359824,Low
PRV53932,15.273194,0.0,13.303453224764613,10.96246046271581,Low,93,0.22393564462861315,19.29927015967865,Low
PRV53933,1.1715707,0.7915006118368305,14.128421777955607,4.3157659267899975,Low,28,0.15236152989760987,11.026477468224146,Low
PRV53934,1.111428,0.0,10.367967058394973,3.147705775791065,Low,10,0.09338342104573427,8.18047126323297,Low
PRV53935,0.054644264,0.47212684809982836,7.722495919826272,2.075977824121923,Low,2,0.07001639704058571,6.603313780416727,Low
PRV53937,93.29695,0.7688087522710051,15.82674631080595,50.7973644127419,Medium,19,0.20416410040334465,44.67913938727311,Medium
PRV53938,98.380394,1.5505197845544971,25.465082819893375,55.944097642078766,Medium,86,0.18536504490559635,49.58800183211822,Medium
PRV53939,34.91095,0.3817543402915397,15.829427804983986,21.508270389834507,Low,35,0.2212404516232357,25.053679902895176,Low
PRV53940,0.25352597,0.0,7.871978241084992,2.0947575464544146,Low,6,0.13068670988791053,8.313318098616236,Low
PRV53941,1.7989106,1.2929938359048205,10.087101047765342,3.744479029831725,Low,13,0.1670990990629465,10.609995441332355,Low
PRV53942,6.6303,0.0,14.901112268846356,7.0404280897183025,Low,11,0.16568550757751543,12.826434420389575,Low
PRV53943,9.742799,0.4680554270682051,9.33389034486895,7.321885845602697,Low,16,0.2029915487993592,14.135048292117766,Low
PRV53944,6.4699306,0.6428724658448643,14.956866187468504,7.134899987730197,Low,6,0.08801285804337522,10.723423544097553,Low
PRV53945,0.36164033,0.0,8.238159344519937,2.240360003194651,Low,3,0.07947723043029098,6.993087330909658,Low
PRV53946,0.420223,0.0,6.687467965578171,1.8819784902272454,Low,3,0.05936267664147277,6.21524755259187,Low
PRV53947,0.017194822,0.0,4.076662586492939,1.0277630578385402,Low,0,-0.03486318050926707,3.068176308702988,Low
PRV53949,0.05026495,0.0,6.014162586492939,1.5286731220440675,Low,0,-0.014750689989386945,3.9457320181739317,Low
PRV53950,3.765216,0.0,12.667360543990455,5.049448192066034,Low,32,0.13490322334266536,11.190054787055697,Low
PRV53951,13.620274,0.04225907706121631,15.615067152948217,10.724468352546303,Low,25,0.21908124648851324,17.179993995433044,Low
PRV53952,0.10112417,0.10014950249701683,9.361833852628171,2.416057922502458,Low,1,0.02642115851735216,5.6723909269279496,Low
PRV53956,0.8181171,0.0,10.9133677425508,3.137400476697194,Low,55,0.14138730392066456,10.638944745656476,Low
PRV53957,0.030242309,0.5335042522829706,9.318465266979208,2.4781135343026777,Low,2,0.07264323773702563,6.953628270103134,Low
PRV53958,66.011475,1.978702993989578,19.67523082262931,38.41922075884222,Medium,103,0.19718793394876866,38.08670674112585,Low
PRV53959,97.299225,0.0,14.057887594893911,52.16408432548129,Medium,81,0.23615881137998174,48.138488807970745,Medium
PRV53960,39.191513,5.432443158574323,24.017175183529275,26.95816111628762,Low,47,0.11465105477214599,26.3982603668482,Low
PRV53961,64.26448,0.0,22.400754683100153,37.732428966185196,Medium,101,0.20656441889975774,37.79791178945143,Low
PRV53963,2.8523242,5.170384775244878,8.980436552766905,4.963867455683061,Low,9,0.2153920252238749,12.62139081286529,Low
PRV53964,0.7732457,0.41474693020184283,14.248581760210463,4.052455018729633,Low,19,0.13739651519877283,10.208486979893788,Low
PRV53965,1.3319324,4.3780224435106625,22.202805786182957,7.311173270172886,Low,12,0.09249014761776542,11.125187290318557,Low
PRV53966,0.06457886,0.0,8.757081293246468,2.221559753810694,Low,0,-0.09949299198926931,2.210624797349968,Low
PRV53967,0.01818521,0.0,6.285406466232348,1.580444221299541,Low,0,-0.1030704996881503,1.6681183078085797,Low
PRV53968,0.22277442,0.0,9.078869168049204,2.3811045001164346,Low,4,0.06969160990120982,6.862084767368541,Low
PRV53969,0.39576903,0.0,16.062963317948427,4.213625344414971,Low,11,0.14072626224939777,10.193775747158783,Low
PRV53970,0.7063692,7.1094524724995445,22.930829253159605,7.863255042020027,Low,3,0.17223118816462057,13.35913571394185,Low
PRV53971,0.50994915,0.5490746567733681,17.424120706062098,4.748273414559498,Low,7,0.05463257851190162,8.205114702138532,Low
PRV53972,5.1186433,0.14230503424555285,12.66944033474092,5.762257984168615,Low,13,0.16030766278316122,11.844514731915112,Low
PRV53973,1.3429095,0.9856811251894989,17.010919366392553,5.170604850545201,Low,17,0.09733518943980701,9.88795079368646,Low
PRV53974,0.23077717,0.0,8.607107980593689,2.2671655822656174,Low,5,0.08387258200856762,7.180694475400117,Low
PRV53975,0.79690266,0.06445264323730478,15.71305443635796,4.342828098176404,Low,4,0.042610384746946006,7.525801679144726,Low
PRV53977,0.1387059,0.0,13.414114029053536,3.422881454438887,Low,7,0.09480927996471478,8.329912802552924,Low
PRV53978,0.035605587,0.0,2.514162586492939,0.6463434401558447,Low,0,-0.07627392110969888,1.7162800321728162,Low
PRV53979,0.39953756,0.9921458864663563,15.71811006900572,4.377332770530006,Low,7,0.05679707125278355,8.002162884605132,Low
PRV53980,0.080472216,0.4118662594613301,17.421770102595985,4.498645198519376,Low,2,0.03616132295656416,7.41222612174885,Low
PRV53981,0.059741363,0.0,5.256142615123718,1.3439063352456015,Low,2,0.058100376400517906,5.778680934391147,Low
PRV53982,0.16480106,0.0,6.969228970807088,1.824707773278478,Low,1,0.051875127125838416,5.925303620755292,Low
PRV53983,1.6880646,0.0,6.664440201044219,2.510142337858711,Low,1,0.0544284138472384,6.47200029892198,Low
PRV53985,95.878395,7.2565997220319,20.636953158894205,54.91258576051473,Medium,25,0.21947421928835653,48.12197150981093,Medium
PRV53986,3.9698176,6.111948268617756,12.624694669407976,6.669069553705041,Low,13,0.1726691158916539,12.803135331955513,Low
PRV53988,0.23551299,0.0,12.504485872819973,3.2438779615946,Low,0,-0.00720490268440066,5.344064307968102,Low
PRV53989,0.49367976,0.9231208545116153,10.600742426535868,3.127805701205169,Low,4,0.17467735013869645,10.135252779798828,Low
PRV53990,9.779489,0.612613342722304,18.976954232083113,9.787136175470152,Low,11,0.16662861294533338,14.773838100560253,Low
PRV53991,0.21810928,0.0,8.595961974797525,2.258045133634875,Low,5,0.09602801836863284,7.4927653167387085,Low
PRV53992,2.8712473,1.9969042047185415,22.53587719646111,7.568818996077384,Low,29,0.09699405351243506,11.879911070145589,Low
PRV53993,1.9966099,0.6108760169559898,17.163587672077124,5.4419208853701555,Low,14,0.1072622453081582,10.25740985914082,Low
PRV53994,1.4130396,3.004459239403019,21.87079883214287,6.925334300429655,Low,16,0.10397844573653903,11.263459643535889,Low
PRV53995,0.04548056,0.0,9.172331701263841,2.3158232055716357,Low,0,-0.03147578314324251,4.058563408394161,Low
PRV53996,0.19768782,0.0,12.680829253159606,3.269051223089954,Low,2,0.11482056793439965,8.612270754246445,Low
PRV53997,5.6152678,0.43552994052892563,19.32295233986285,7.747254446898481,Low,23,0.10255668478305868,11.989475093004579,Low
PRV53999,0.024262926,0.0,2.514162586492939,0.6406721094282078,Low,0,-0.11854154257566085,0.6049584957706646,Low
PRV54000,5.3914185,1.3586978508641774,19.385029096728452,7.881640965413782,Low,15,0.0872936714059912,11.468911299054906,Low
PRV54001,0.24538052,0.0,24.604577213072744,6.273834563678495,Low,8,0.1591669446379328,12.038504955618965,Low
PRV54002,0.02443376,0.0,6.18770301240054,1.5591426330863616,Low,1,0.03634254745103627,5.33247651253173,Low
PRV54004,0.045458343,0.0,7.3503697446687974,1.8603216076072047,Low,0,-0.011489009455866672,4.263337352023425,Low
PRV54005,0.04446617,0.0,5.077894225711164,1.291706642134621,Low,0,-0.0009609415883067296,4.1411272901459135,Low
PRV54006,0.121787205,0.0,7.5141625864929384,1.9394342492924737,Low,0,-0.11261906054115639,1.6692526049993488,Low
PRV54007,0.036663607,0.0,4.046028406102051,1.0298389049069558,Low,1,0.009677330790925365,4.263373127189239,Low
PRV54008,0.5159217,0.0,11.652064480726546,3.1709769761424824,Low,4,0.05678499692222416,7.076860585483507,Low
PRV54009,0.020133676,0.0,5.014162586492939,1.2636074846269298,Low,0,-0.1192737591293127,1.021830225447567,Low
PRV54011,0.03428524,0.0,2.514162586492939,0.645683266560893,Low,0,-0.09510571386376904,1.2224517072606491,Low
PRV54012,0.1267766,0.6652636297479646,8.515394225711164,2.358552766787031,Low,1,0.06588908463599419,6.666140884095746,Low
PRV54013,0.57004774,0.0,22.51416258649294,5.913564514707189,Low,0,-0.08438166835231387,5.190923330631582,Low
PRV54014,0.2625376,0.0,5.014162586492939,1.384809445928197,Low,0,-0.08760899301617248,1.9362434634840602,Low
PRV54016,0.01366423,0.0,9.410406466232347,2.3594337314445792,Low,1,0.020696031553699368,5.482763804207405,Low
PRV54017,0.0738425,0.0,6.47715777121353,1.6562106943686006,Low,1,0.08019364145650698,6.549260490172368,Low
PRV54019,0.206193,0.0,6.285406466232348,1.6744481165971876,Low,0,-0.011524877616138185,4.132286213498875,Low
PRV54020,0.101049766,0.1483135370344614,13.9511496744532,3.5753906858441558,Low,1,0.04199061842951868,6.891821581155062,Low
PRV54021,0.40928906,0.0,6.396146977831825,1.8036812754695377,Low,0,-0.007787504905712284,4.320663277569812,Low
PRV54023,0.40248418,0.0,13.07372124047558,3.4696723993904404,Low,0,-0.05278883524788508,4.30788617244994,Low
PRV54024,1.5248436,0.0,9.574184000749659,3.1559677869725404,Low,3,0.1048396337125862,8.298471696439414,Low
PRV54025,1.199276,0.0,9.820574079319478,3.0547815050593616,Low,2,0.08478417859453136,7.675371243449194,Low
PRV54026,0.15500978,3.315899460643073,3.358117859695976,1.7460092182616802,Low,0,-0.019459755688362945,3.974496457491708,Low
PRV54027,0.6954918,2.3397771084881605,15.588054436357963,4.8297037815972725,Low,0,-0.011499831436375285,6.34162135330908,Low
PRV54028,0.01941019,0.0,8.785406466232347,2.206056711178672,Low,0,-0.01884703083763012,4.312582222720079,Low
PRV54029,0.07699773,0.0,5.035406466232348,1.2973504801359297,Low,0,-0.10572739780051688,1.400345734859311,Low
PRV54030,0.036376137,0.0,8.355911579215105,2.1071659634469886,Low,1,0.016630555586770956,5.199666674781349,Low
PRV54031,0.06270234,0.49743442638475666,5.046028406102051,1.4172168795556277,Low,0,-0.007653081046604893,4.053659914473964,Low
PRV54033,0.017568475,0.0,5.014162586492939,1.2623248839409758,Low,0,-0.11162429962150955,1.2213373714344562,Low
PRV54034,0.035438586,0.0,5.014162586492939,1.27125993963645,Low,0,-0.08886269071884978,1.823913711225724,Low
PRV54036,0.368659,0.0,7.849243907689138,2.1466404717562306,Low,5,0.09565103867829161,7.404905721360649,Low
PRV54037,0.52177566,0.0,12.233940489763663,3.3193729538904244,Low,3,0.10464453011849428,8.40774387642921,Low
PRV54038,0.06631425,0.0,8.659647844979666,2.198069086360311,Low,3,0.08502674662368093,7.108873125530925,Low
PRV54039,0.5072075,0.6934710997846195,14.903223529933154,4.152777413857208,Low,2,0.045660083491121384,7.418972697330446,Low
PRV54040,0.050504815,0.0,11.285406466232347,2.846604023974788,Low,0,-0.0809885275978054,3.1329464520117623,Low
PRV54041,14.689829,1.2455263353212236,18.333992989519686,12.23979426755056,Low,7,0.15018041843675378,15.95239689736541,Low
PRV54043,0.025094144,11.627440960535274,5.056650345971756,4.183569898649911,Low,1,0.029901089290234495,7.000818550245544,Low
PRV54044,0.058297366,0.0,6.261127746530167,1.5944306195844689,Low,0,-0.02910415317802395,3.6157219323514007,Low
PRV54045,0.057012577,1.4005784350080035,20.88998367930509,5.601146816883198,Low,0,-0.010118304059555716,6.917825531633856,Low
PRV54046,0.030469086,0.0,2.5035406466232346,0.6411197046664011,Low,0,-0.04602588891199488,2.505078867560601,Low
PRV54048,0.043009948,0.0,5.702894225711164,1.4472285304204964,Low,0,-0.046538363412794215,3.0559289420783897,Low
PRV54049,1.7574248,4.967711986817093,24.90162772974451,8.346047344835592,Low,15,0.06892825837589567,11.312848047129023,Low
PRV54050,0.030970361,0.8650603004184502,7.5141625864929384,2.1102909022697203,Low,0,-0.07629324166591761,2.740537084541068,Low
PRV54051,0.12452601,0.0,29.37936173943538,7.407103439340638,Low,5,0.10932548837870248,11.445480944501776,Low
PRV54052,1.5902308,0.48781948308600576,29.084428123749532,8.18817731299047,Low,6,0.15898668745580247,13.320131123008133,Low
PRV54053,0.044117298,0.0,2.5035406466232346,0.6479438106444132,Low,0,-0.07149669014745008,1.8425569525597207,Low
PRV54054,0.20240517,0.0,22.51416258649294,5.7297432314263395,Low,1,0.05788298843072093,8.816225868311701,Low
PRV54055,12.295547,0.0,25.932471438783907,12.6308911255346,Low,25,0.15694764062131472,16.886677777039445,Low
PRV54056,95.87546,1.7272991187381532,32.20511792842146,56.42083314362584,Medium,21,0.18334957648517225,48.12394783233966,Medium
PRV54057,0.007853452,0.0,10.014162586492938,2.50746737268136,Low,0,-0.0913771131438173,2.6233846207230025,Low
PRV54058,15.884747,0.0,25.595105707074637,14.341149702525495,Low,35,0.16393630436355777,18.535408213410193,Low
PRV54059,21.320917,0.0,26.29754582608344,17.23484502127916,Low,18,0.1895509599230334,20.77568666561759,Low
PRV54060,12.963523,0.0917375114359893,26.408302732030375,13.10677151640248,Low,16,0.1555408420226081,16.94132718867337,Low
PRV54061,0.49124843,0.12138965741624322,15.01239226318132,4.029069694560173,Low,4,0.1681113070674114,10.594116579392033,Low
PRV54062,0.09170107,10.396147460596094,12.299029219071302,5.719644703908902,Low,3,0.11900892626692572,10.4642608635499,Low
PRV54063,0.41637087,0.0,11.804325420533608,3.1592667894748327,Low,2,0.05817333115035472,7.051344563102354,Low
PRV54064,34.524734,6.503067721314798,20.634736870346256,24.04681839645042,Low,33,0.1928554901773648,26.033326587731523,Low
PRV54065,95.96546,0.6605099080533485,17.01811271470601,52.40238652116835,Medium,28,0.1696141486871069,45.13910597438792,Medium
PRV54066,0.46599182,0.0,12.246634173580517,3.2946544558278,Low,15,0.13499053401567862,9.50761074829579,Low
PRV54068,0.0375727,0.0,8.58559115792151,2.1651841397455227,Low,0,-0.03992000527236783,3.7318894448141515,Low
PRV54070,98.255486,0.0,10.360822220133544,51.71794832236737,Medium,129,0.12059413085161241,46.08715383901336,Medium
PRV54071,25.563038,0.0,13.153858888305752,16.069983658233664,Low,54,0.18547041892189586,20.8198222901947,Low
PRV54072,0.8611399,13.742251036018713,13.695144143658084,7.289918741685099,Low,6,0.18974351530802946,13.497135296291372,Low
PRV54073,6.3505926,12.611362398548973,18.27861906636236,10.89779167283794,Low,10,0.1996869241762974,16.390532077616818,Low
PRV54074,95.816,9.280010921609213,11.819311235732002,53.18283148538022,Medium,33,0.22334276791918217,47.22725909341445,Medium
PRV54075,99.15877,0.07106659131285897,16.804632241874828,53.79830855839458,Medium,160,0.22508337212931806,51.11309037395886,Medium
PRV54076,3.8347847,4.920438934210345,11.808860721077975,6.099717286907103,Low,12,0.17831681716946535,12.525704853673837,Low
PRV54077,96.73648,1.6704966721367127,21.91996877284053,54.26585671768962,Medium,56,0.19052310219683033,47.742997827101966,Medium
PRV54078,50.735603,4.406947189855302,12.120242025719673,29.49959897015351,Low,27,0.22373132000771323,30.49810201969943,Low
PRV54080,14.252545,1.4282943498515877,20.786778070912884,12.680040783566362,Low,60,0.14240744544301864,17.47974740628146,Low
PRV54081,3.1772673,0.18879528697341513,26.34779519971524,8.222781278173933,Low,11,0.16806514523492866,13.716424776610456,Low
PRV54082,0.6577235,0.0,13.492372358922857,3.7019548329424605,Low,5,0.13564354993699002,9.541372725404635,Low
PRV54083,8.242942,0.0,14.814709333808398,7.825148261644238,Low,28,0.2071727679130273,14.919021632113179,Low
PRV54084,6.501557,4.867616770261049,10.853691624689386,7.181105535398375,Low,12,0.1996752663962692,13.842237639310074,Low
PRV54085,23.864655,8.058227231720062,14.424835285212328,17.55309289974091,Low,70,0.21095949374312206,22.955306491751394,Low
PRV54086,0.063582234,0.0,8.964919531328887,2.2730209998745248,Low,5,0.057283301366236605,6.488191907842845,Low
PRV54089,5.5030413,6.811175079398975,12.335609497170996,7.538216777840002,Low,13,0.20965166762418241,14.380428678714669,Low
PRV54090,61.960293,5.240076776653199,18.49663572125502,36.91432453255811,Medium,41,0.21430891567530008,35.81739523867854,Low
PRV54091,0.42177862,0.0,14.665519895847941,3.8772692836066844,Low,7,0.1055192332652054,8.928569836741746,Low
PRV54092,1.9687812,0.0,9.714335051699043,3.412974379341692,Low,40,0.11991707587941758,9.866672455996438,Low
PRV54093,91.714386,0.7042490501470218,16.577797786159458,50.17770470224068,Medium,42,0.19365335166096498,44.5874605768615,Medium
PRV54096,0.037196547,0.0,6.451231566960132,1.631406165136525,Low,0,-0.037330994014713736,3.4260732776208007,Low
PRV54098,94.39522,3.1412366512375214,22.196295284097552,53.531991931587676,Medium,24,0.17694720519955565,46.01456286905728,Medium
PRV54099,21.294346,3.722961725694244,17.757420873781697,16.01726857772543,Low,20,0.2190374198373416,20.749577769171736,Low
PRV54101,1.5291686,0.0,14.380907123641279,4.3598110838125415,Low,13,0.16771921811602697,11.056974116897088,Low
PRV54102,4.347162,0.9944241730365835,21.955823933637383,7.911142911601964,Low,11,0.18606688504477908,13.969897916071451,Low
PRV54103,93.87429,2.1886631717540688,19.702572087936453,52.409954048076926,Medium,18,0.16397046140630944,44.728090282340645,Medium
PRV54106,1.3106146,5.0822734899890465,11.049648216024467,4.688287719441611,Low,8,0.21365452281071817,12.356119266304473,Low
PRV54107,0.09055867,0.0,9.387285507774244,2.39210071217415,Low,14,0.10218753092456112,7.989585434050484,Low
PRV54109,0.13836122,0.0,9.51554831609737,2.4480676868200577,Low,1,0.04915975505133596,6.29051667140426,Low
PRV54110,0.018966008,0.0,3.2237274386143406,0.8154148636424472,Low,0,-0.028192287706649444,3.094300482452698,Low
PRV54111,98.460754,8.092326880178296,17.56040479393716,55.643560115794486,Medium,60,0.25131680081378793,50.4074812501309,Medium
PRV54112,0.45133284,1.2214801753907865,17.529877582460266,4.913505858134371,Low,3,0.13576787022821257,10.339024182797305,Low
PRV54113,0.025352111,0.0,5.014162586492939,1.2662167021663595,Low,0,-0.11433508043263252,1.1530430399367906,Low
PRV54114,0.64251924,0.6053900200039299,18.536402956445038,5.106707861917723,Low,4,0.16668883657670852,11.311196591528859,Low
PRV54115,0.0328177,0.0,7.5212438797394086,1.8967198194424224,Low,0,-0.016281426643562524,4.163261581741555,Low
PRV54116,0.18570244,8.437604208675065,19.537869744668797,7.086719709897397,Low,1,0.002944130611074014,8.326789416273277,Low
PRV54117,0.03928119,0.0,3.7684113624408204,0.9617434353310456,Low,0,-0.054546733382117296,2.506281465097945,Low
PRV54118,0.024717301,0.0,5.3337438797394086,1.3457946204999995,Low,0,-0.025700713388040586,3.530842017975935,Low
PRV54119,0.13439621,0.1483135370344614,9.422465137878076,2.459892773884556,Low,0,-0.008919528508374963,4.75035391708387,Low
PRV54120,0.10647583,0.8650603004184502,13.76416258649294,3.7105436367669102,Low,0,-0.045108175290413055,4.677718412514773,Low
PRV54121,0.42084578,3.823013903826101,19.64313188207641,6.0769593348737985,Low,4,0.03562436258860502,8.556669693938304,Low
PRV54122,0.07387428,0.0,6.259913810545058,1.6019155925646054,Low,0,-0.05091006923823138,3.04967740672153,Low
PRV54123,0.09924316,0.0,7.5141625864929384,1.9281622249291943,Low,0,-0.08769492742459539,2.3143390494278266,Low
PRV54124,0.017221946,0.0,8.010621939869704,2.011266458102063,Low,0,-0.0094970525212838,4.421185187767567,Low
PRV54125,0.09419444,2.3470743048517857,9.357837060362046,2.9733250623203418,Low,2,0.05578643187550014,6.85865198573668,Low
PRV54127,0.23411536,0.0,8.498830141452446,2.2417652164467907,Low,3,0.06433584398109105,6.597388176581368,Low
PRV54128,0.130675,6.06206345659476,21.075168864490276,6.8496455817375335,Low,3,0.026024933252053906,8.8192130247883,Low
PRV54129,0.09419988,1.8560517869440585,4.514162586492939,1.6396535338380511,Low,0,-0.0034555300764613772,4.3193354416574845,Low
PRV54130,3.4119718,0.3510570598446538,18.91469978126672,6.522425114017772,Low,6,0.13304131555078857,11.474372717535186,Low
PRV54131,0.23456986,2.101495301401064,17.76498367930509,5.083904676419005,Low,2,0.03571510203784145,7.810217402448714,Low
PRV54132,0.012358569,0.0,9.01947355642779,2.261047673411328,Low,0,-0.03440917693330808,3.9433697879914456,Low
PRV54133,0.12797163,0.0,8.500972497605847,2.189228941535842,Low,3,0.05393662113945186,6.288167926734337,Low
PRV54134,0.7424095,0.0,13.100796895838975,3.646403987610638,Low,5,0.1412705725808695,9.649907128915906,Low
PRV54135,0.03202586,1.4005784350080035,22.524784526362644,5.997353669722602,Low,1,0.036525949103747624,8.444029100798325,Low
PRV54136,0.50557053,1.7054884946964393,18.333963905636708,5.262648365528996,Low,2,0.06642483459605886,8.739889328259032,Low
PRV54139,3.1594481,1.0507019413311665,15.448988065981148,5.704646575238113,Low,12,0.20501892005178113,12.948712497715611,Low
PRV54140,0.0652978,0.0,5.858117859695977,1.4971783635851308,Low,0,-0.07460749763890906,2.3555224049199928,Low
PRV54141,0.35134393,4.786206313235795,18.931086942617377,6.104995278847097,Low,4,0.05642603375140831,9.121269072517329,Low
PRV54142,0.36786014,9.776993078022853,18.15757394893376,7.167571825947299,Low,2,0.09394848874210326,10.794416368151321,Low
PRV54144,89.51072,3.1280590770692633,22.673185732718604,51.205670852105165,Medium,20,0.11199941541756742,42.57721578500009,Medium
PRV54145,0.044163186,6.404553470391533,10.84218494989142,4.333766198122291,Low,2,0.0436425795263059,7.492809110037702,Low
PRV54146,0.1454855,2.0267108839947747,12.36165850631921,3.669835100309343,Low,0,-0.08011855503755105,3.732000249980232,Low
PRV54148,0.062302127,0.0,2.514162586492939,0.6596917103634882,Low,0,-0.12139389469963874,0.5435446449969592,Low
PRV54149,92.7061,0.2006617690217407,11.332543130856518,49.23635145690316,Medium,5,0.0909093086270294,40.24347682332685,Medium
PRV54150,1.6445113,0.0,8.023101539001065,2.8280310557745887,Low,4,0.09724933188454843,7.896906502843165,Low
PRV54153,7.8675213,24.285731328270018,16.06364527984728,14.021104795034695,Low,3,0.19010717257038057,18.137955924270045,Low
PRV54154,0.042332385,0.0,8.749471968501426,2.2085341844930295,Low,1,0.00892154770432585,5.068659380270591,Low
PRV54155,2.5627177,1.4620314632631444,15.268578195420638,5.4640112527523055,Low,3,0.16444842611923427,11.475767757973632,Low
PRV54156,0.6223613,2.5504344307662707,24.268422765354895,7.015894950218188,Low,9,0.09267855892873544,10.842891662145664,Low
PRV54157,1.921737,2.3404288927662553,20.49457933944427,6.669620535873982,Low,11,0.07932343595196267,10.304305607721481,Low
PRV54158,0.06166221,0.0,3.9200465791733543,1.0108427489377925,Low,1,0.01807340489694742,4.470041025742933,Low
PRV54159,0.42786333,0.6614705497478818,14.7590226170772,4.069054956530756,Low,4,0.056536782095099825,7.699012296087319,Low
PRV54160,0.10040819,0.7496222240310584,5.012038198518998,1.4906192001368637,Low,1,0.005215386426175472,4.469022733523914,Low
PRV54162,1.0307585,1.3974832005928415,12.12996414111781,3.897241085477254,Low,3,0.0822794612857235,8.22631855394037,Low
PRV54163,0.38543126,1.177479419090272,16.88525923948391,4.70840029457881,Low,5,0.06072792443897612,8.28320164259144,Low
PRV54164,0.11524299,0.0,7.535406466232347,1.9414731104936718,Low,1,0.06684291775424456,6.3991741966481115,Low
PRV54166,0.041913316,0.0,12.32956100742405,3.103346909682913,Low,3,0.08628213661338435,7.775457035225593,Low
PRV54167,0.031483155,0.0,12.034121155307371,3.0242718661987977,Low,1,0.07562201036105409,7.387133073687183,Low
PRV54168,2.7782786,0.19673160474838863,14.483905773101071,5.059298639086694,Low,8,0.12717464457464123,10.350177019328859,Low
PRV54171,0.27253038,2.6438923927034494,21.86836409761844,6.264329311036054,Low,10,0.06752996146865653,9.684783844063807,Low
PRV54172,0.03726583,0.0,7.507081293246469,1.8954032381825947,Low,0,-0.07295579365891575,2.6775521137477236,Low
PRV54173,0.018252525,0.0,3.9462746616876023,0.9956949281612013,Low,1,0.022208156358599962,4.567762162523403,Low
PRV54175,0.036850113,0.0,2.514162586492939,0.646965703334074,Low,0,-0.12124056642497355,0.5386534229378882,Low
PRV54176,0.14221165,0.0,7.205357504147614,1.8724451989577027,Low,0,-0.006304952919316598,4.407638778814689,Low
PRV54177,0.25245863,1.2646536417594214,2.514162586492939,1.07093337305926,Low,0,-0.06611087773018037,2.2797502764031017,Low
PRV54178,0.01715254,0.0,2.5354064662323474,0.6424278867509484,Low,0,-0.047686619756617143,2.4624858073874254,Low
PRV54179,0.017415732,0.0,2.514162586492939,0.6372485126958894,Low,0,-0.12392669118832178,0.4614787386422978,Low
PRV54180,0.05977953,0.0,6.285406466232348,1.601241380822313,Low,0,-0.10126677213409596,1.7299314176441654,Low
PRV54181,0.02362018,0.0,5.702894225711164,1.437533646820619,Low,0,-0.006448517451948965,4.099439505620677,Low
PRV54182,0.022283068,0.3655686237422362,15.035406466232345,3.8613853064570276,Low,1,0.0025440036145563116,6.058572575280846,Low
PRV54183,0.035537545,14.45123390601147,6.285406466232348,5.201928865379914,Low,0,-0.004869590049251193,6.775881812338278,Low
PRV54184,0.043970857,0.5963550409858063,14.955357504147615,3.9099135646911436,Low,1,0.06363266890955188,7.692978557775371,Low
PRV54185,0.060785543,0.0,6.2641625864929384,1.5964334182100104,Low,0,-0.014560828985233754,3.9981383139380284,Low
PRV54186,0.1860497,1.6689209131451908,22.311072672724432,6.088023246359068,Low,0,-0.032563967008491845,6.670594566377079,Low
PRV54187,0.047756493,0.0,12.514162586492938,3.1524188931690262,Low,0,-0.10952617648752117,2.599371021815845,Low
PRV54188,0.018802784,2.982905009525598,3.827894225711164,1.712101201000839,Low,1,0.057865076059653964,6.003407168351827,Low
PRV54191,0.1712255,0.0,5.035406466232348,1.3444643681016089,Low,0,-0.0939523008786764,1.7418162591332522,Low
PRV54192,0.0863291,0.42550762494338185,10.014162586492938,2.6530821041171673,Low,0,-0.05999453014995837,3.5474940012123612,Low
PRV54193,0.30414897,2.101495301401064,22.169438487165998,6.219807933158993,Low,1,0.041661973352327464,8.734303620376075,Low
PRV54194,0.07135032,1.0134806843450963,6.927340150643676,2.020880369334027,Low,1,0.06574077868192774,6.4258848006782845,Low
PRV54196,0.019555664,0.32161335619472936,7.099138105450573,1.864965697256311,Low,2,0.08872958490969973,6.945864215600915,Low
PRV54197,0.17583023,0.1483135370344614,9.923440140431197,2.6058535344248366,Low,0,-0.007727009293871379,4.883768757882697,Low
PRV54198,0.022505084,0.0,6.680829253159605,1.6814598553162423,Low,0,-0.007374684645736818,4.24592358750757,Low
PRV54199,0.054904807,0.0,2.5035406466232346,0.6533375653352987,Low,0,-0.11107740941511313,0.8093739944900888,Low
PRV54200,8.971669,0.7236468959626721,25.560973306896507,11.056989649256055,Low,13,0.18356595951434151,16.160161213415677,Low
PRV54201,0.23404162,0.0,13.146243879739409,3.403581778095157,Low,4,0.09460414531507455,8.23049188011029,Low
PRV54202,2.0191355,0.8352139723094234,25.528325172985877,7.60045252390317,Low,10,0.159542082818369,13.030656890064968,Low
PRV54203,0.33813348,0.0,10.632676855794719,2.8272359560112483,Low,5,0.09379266628691851,7.832635845101763,Low
PRV54204,7.564108,1.3707804765288591,27.118739799565677,10.904434016472365,Low,4,0.20448951276466665,16.3599288874645,Low
PRV54205,0.6951971,0.3862688982611989,30.126094790416197,7.975689474873207,Low,9,0.16237237951172157,13.34062686865483,Low
PRV54206,0.24664761,0.0,8.161995271122688,2.163822623410879,Low,6,0.150698592806502,8.885946540858713,Low
PRV54207,0.09658129,0.0,10.748111182225609,2.7353184393974304,Low,1,0.06971053337761812,7.02999338029838,Low
PRV54208,65.559074,0.1313605912890116,16.07391683689246,36.83085655797311,Medium,12,0.1799645586863089,34.08067082912711,Low
PRV54209,91.322235,1.8154234357895542,11.655550829490759,49.02886112003101,Medium,28,0.20894896368405458,43.80815443757083,Medium
PRV54210,0.17992038,0.0,6.980672003488941,1.835128188545804,Low,0,-0.021105549209383345,3.993762285705288,Low
PRV54212,0.732689,1.1114782846395013,16.40367600610565,4.7451330841952295,Low,4,0.0595358255003583,8.250837659949251,Low
PRV54213,35.32943,0.0,16.24843248889168,21.726822935455342,Low,23,0.17531383528878608,23.68130696412559,Low
PRV54215,26.60817,0.7347605418079398,19.847679029279902,18.44969467060399,Low,14,0.18066560186017133,21.28591511785683,Low
PRV54216,11.4794,12.741722410401184,15.242008430008584,12.735632550648095,Low,13,0.19078900718153935,17.524444826718124,Low
PRV54217,1.3347712,2.554074509063492,18.833963905636708,6.014395181830567,Low,2,0.09841631890796454,10.104243517219144,Low
PRV54219,0.37976274,3.6600353243113246,20.873590232005032,6.32328775855064,Low,12,0.08820487378810182,10.321399348763517,Low
PRV54220,10.961409,23.97871980006565,14.119933504814336,15.005367633776148,Low,11,0.21278966155397339,19.63595398344299,Low
PRV54222,0.22920117,1.237480450409155,15.402582895661332,4.274616420428564,Low,1,0.013016712933943575,6.622204453736532,Low
PRV54223,0.30882543,3.4005280525468513,22.46949028905894,6.621917302028569,Low,4,0.10558371123948407,10.77097576816506,Low
PRV54224,0.20525174,1.688270807448412,17.41008056615323,4.877213712614945,Low,3,0.13360840955183406,10.257044880584072,Low
PRV54225,86.07235,0.31219544403348787,19.198696801998814,47.91389783567799,Medium,15,0.15072846399777462,41.15339251045435,Medium
PRV54226,0.030345531,0.2052346687605315,7.492474976365035,1.939600176871642,Low,2,0.028009932286223616,5.407339757094883,Low
PRV54227,0.1932443,0.0,9.120846113056736,2.376833674930234,Low,4,0.03437722411073452,5.933908476490613,Low
PRV54228,34.789413,3.39939017824174,17.04653745707796,22.506188634904145,Low,70,0.1970894290148807,26.05909752484387,Low
PRV54230,36.335587,0.0,16.48718099940723,22.28958852377759,Low,47,0.1992454766882682,25.346513167148128,Low
PRV54231,2.319036,3.5894691603897044,20.40607610002416,7.158404318567211,Low,31,0.08708244462507797,11.386642006174004,Low
PRV54232,3.6059246,9.60158785337657,14.559420749645707,7.843214453917191,Low,10,0.1902348822284553,14.004697960095175,Low
PRV54233,0.02744217,4.11889179419493,7.868649958668369,3.010606523369345,Low,1,0.1309869963980259,8.828051274286949,Low
PRV54235,0.3057112,0.0,8.043735837413506,2.163789564240385,Low,1,0.011974878212350548,5.1173310655214905,Low
PRV54237,26.601994,0.8375620359344402,14.436403960416088,17.11948827948314,Low,15,0.1321529306115704,19.11065324892347,Low
PRV54238,7.3740416,1.632347392912804,18.618801333106177,8.749807960160751,Low,35,0.11504675595987968,13.340632315237375,Low
PRV54239,0.41447654,0.0,12.088429125302758,3.2293455531581556,Low,5,0.04970387549588595,6.959048910432559,Low
PRV54240,2.6185732,0.7848367174125346,15.750592132632962,5.443143806902244,Low,4,0.07588233365456165,9.167700445207998,Low
PRV54242,0.5321122,0.0,11.576869426552742,3.1602734472315235,Low,8,0.1632445369094584,9.965839295892641,Low
PRV54244,36.83086,7.865798827606346,15.351805592791786,24.21983117406926,Low,62,0.21260562205761702,27.450384405208574,Low
PRV54245,34.58137,1.6231928447518165,16.1328617253917,21.7296992962224,Low,21,0.22566364789490478,24.948722666554744,Low
PRV54246,1.9770993,0.810806449919323,13.839698402227091,4.6511758627520265,Low,3,0.07622839955488647,8.595543681423164,Low
PRV54247,5.6520057,0.10147413442482695,13.218185724498191,6.155917800958171,Low,7,0.17186875129722667,12.261886864761742,Low
PRV54250,0.19224846,0.0,6.3167315576196925,1.6753071212202613,Low,6,0.0903715948264695,6.963504088643055,Low
PRV54251,3.9640718,6.291407927630087,16.67310763020468,7.723164764779126,Low,12,0.15673861669758182,13.096799906216496,Low
PRV54252,0.164632,0.0,8.518775692003018,2.212009919290008,Low,1,0.08236372879721932,6.995173151468213,Low
PRV54253,11.505582,0.7636597165539389,13.30792127321282,9.270686175328652,Low,5,0.20804648306678042,15.336338602427114,Low
PRV54254,1.5576391,1.8622439837743148,17.14581846568301,5.5308351733689705,Low,10,0.11145600892779539,10.322137956390167,Low
PRV54255,4.6860695,0.0,14.432587113271278,5.951181522580515,Low,24,0.13456009963313542,11.597513664257397,Low
PRV54256,29.964012,2.8782984742824786,16.776966203450332,19.89582224243125,Low,25,0.16277102941765054,22.124694068197968,Low
PRV54257,6.85724,1.1937595982274578,23.594715192161065,9.625738797618492,Low,30,0.10912213611204657,13.664339094544026,Low
PRV54258,98.86487,0.6474245318254656,20.41948930636623,54.69916254157917,Medium,124,0.20051745844811686,50.13365318773273,Medium
PRV54259,11.342169,0.0940445725098498,16.45940704325444,9.809447307932771,Low,13,0.1548590394964784,14.53480107289528,Low
PRV54261,0.18306082,0.0,9.156111444141262,2.380558273470847,Low,8,0.06745959867274376,6.910609437358341,Low
PRV54262,0.17546445,0.0,15.014162586492938,3.841272872279744,Low,1,0.010751779974430997,6.259525945778719,Low
PRV54263,0.032610733,3.342539016732471,8.764162586492938,3.042980767337367,Low,1,0.11743736770047386,8.495732232091816,Low
PRV54265,9.697109,1.0813891265293725,17.113267181287846,9.39721868816036,Low,39,0.13586759625685796,14.446678797039528,Low
PRV54266,73.31497,0.4396538684930212,15.706246409344246,40.69396103137338,Medium,22,0.1991111961907155,37.55491502469294,Low
PRV54267,4.8412776,2.7053076248335963,22.600493552199218,8.747089093925561,Low,17,0.14025658952712394,13.515969439570098,Low
PRV54269,3.4847226,7.978078806549894,23.389488017354484,9.58425301312026,Low,8,0.09584077414751424,12.696742212678334,Low
PRV54270,0.3734079,0.0,10.869947895081726,2.9041909239371337,Low,1,0.08060412058311828,7.433600620548859,Low
PRV54271,0.08378149,3.4215179904164805,21.88608385181423,6.36879120467756,Low,2,0.035365657324066824,8.70048301741562,Low
PRV54273,3.0266438,1.3541725179703765,18.90547560063604,6.578233906177483,Low,23,0.16033109560088976,12.68476815967826,Low
PRV54274,0.13876066,4.947931186956764,20.36042968100663,6.396470545050045,Low,6,0.09267955911810133,10.328783869316041,Low
PRV54275,0.019659404,0.0,2.514162586492939,0.6383703484790134,Low,0,-0.08120083006494411,1.5816208562839655,Low
PRV54276,32.91963,6.268529316699306,19.642557364404162,22.937585741931137,Low,7,0.22705541882959956,25.454866672657538,Low
PRV54278,0.10353304,2.9228427523439895,18.150114375569483,5.320005800481796,Low,6,0.0911151369861819,9.534272911869353,Low
PRV54280,0.5627289,0.0,10.9177963015417,3.0108135163033936,Low,2,0.07007628803799482,7.259267823949195,Low
PRV54282,0.10106224,1.237480450409155,14.583155292615688,4.005690054864411,Low,3,0.04401803557991946,7.299837862287458,Low
PRV54283,0.023461225,0.0,9.01947355642779,2.2665990013625805,Low,1,0.00928136467680385,5.118731445328673,Low
PRV54284,27.007359,5.205521187489378,22.13715218562566,20.339347618791457,Low,21,0.15069080260340395,22.011294509135023,Low
PRV54285,0.12531869,0.0,12.898267106381256,3.2872261221625405,Low,1,0.01658720064098107,6.0245729479255345,Low
PRV54287,3.5699525,1.7327470085636665,20.471207286644745,7.335964817774881,Low,14,0.14963288381795758,12.693291116841149,Low
PRV54288,0.08708245,0.10014950249701683,11.041145685806391,2.8288650236118875,Low,1,0.07623662714232537,7.266450369953814,Low
PRV54289,0.40160167,2.101495301401064,15.721675910885539,4.656593639157924,Low,6,0.08480452860672139,8.90455542904844,Low
PRV54290,0.14356928,1.2646536417594214,5.8899836793050895,1.8604439681345322,Low,1,0.014188698679920564,4.962988097861398,Low
PRV54291,0.09113434,0.0,6.813184244010125,1.7488632307880307,Low,1,0.021447137632075286,5.075042365408976,Low
PRV54293,0.056704592,6.938879088801212,6.285406466232348,3.3344236847382476,Low,0,-0.021555661712179097,5.031476825238752,Low
PRV54294,0.23161,0.0,20.003540646623236,5.116690161722566,Low,0,-0.09657749819080674,4.313597876441115,Low
PRV54295,0.044885244,23.242287415512834,5.014162586492939,7.086555122611691,Low,0,-0.01813487881486442,7.747588481495104,Low
PRV54296,0.66807675,5.269549755038064,26.556754879348247,8.290614535404744,Low,3,0.05761628068064484,10.65553969230016,Low
PRV54297,94.205536,3.857339837811284,36.613505784501314,57.220479349914086,Medium,8,0.19685361055961836,48.68849338680459,Medium
PRV54298,0.37079608,0.5360687177003692,30.838998367930508,8.029164813609714,Low,3,0.1354331505040005,12.511216270612987,Low
PRV54299,0.05414186,0.0,7.099138105450573,1.8018554565902805,Low,0,-0.039636003151576726,3.484999818500895,Low
PRV54300,0.030388031,0.0,7.556650345971755,1.9043566020703742,Low,2,0.015202975788307871,5.047145197787002,Low
PRV54301,0.071001336,0.2052346687605315,10.006851381128078,2.5885221804614065,Low,1,0.09118626979655908,7.489869768462152,Low
PRV54302,0.048687205,23.242287415512834,2.514162586492939,6.4634561028607385,Low,0,-0.011051443010662243,7.496995117625719,Low
PRV54303,0.042751692,0.0,11.404249354012636,2.872438184620894,Low,2,0.025497652549274497,5.994508204265751,Low
PRV54304,0.013343248,0.0,10.014162586492938,2.510212270415734,Low,0,-0.0865582341242237,2.751553830087513,Low
PRV54305,0.069677725,1.0408660025154912,13.453715318523319,3.658484192976854,Low,1,0.018006627495689043,6.321640563572048,Low
PRV54306,0.3061661,0.0,13.494999652285292,3.5268329692827947,Low,6,0.05175115274630615,7.247771493346282,Low
PRV54307,0.06521399,0.0,5.035406466232348,1.2914586131539465,Low,0,-0.07369619254114096,2.2353934778868814,Low
PRV54308,0.022945771,0.0,7.5141625864929384,1.890013532120149,Low,0,-0.10983272037338265,1.7076562549813423,Low
PRV54309,1.6235199,0.8694741249866751,14.890600414598673,4.751778583626805,Low,1,0.010698959176004719,6.8954961138802755,Low
PRV54310,0.070088476,4.53124067994186,29.427340150643676,8.524689445617689,Low,1,0.026540620859038855,9.951562736661785,Low
PRV54311,0.021148551,0.0,4.223317012638423,1.0664035287873381,Low,1,0.006882398412550339,4.215745108197758,Low
PRV54312,0.017401373,0.0,5.6462438797394086,1.4202616564417792,Low,0,-0.08816535339538328,1.9464841596967508,Low
PRV54313,0.12787622,0.0,8.671644225711164,2.2318491674946093,Low,3,0.06608119082181896,6.636172548775356,Low
PRV54315,1.0675416,2.245442350102988,21.83466972810929,6.55379881918991,Low,19,0.09917705070394744,10.958131994077704,Low
PRV54316,0.8042852,3.2789757819683163,28.785406466232345,8.41823817617637,Low,0,-0.09326581843199039,6.711442789149923,Low
PRV54317,0.1852659,0.0,8.460379336602378,2.207727783502859,Low,0,-0.00969962551124759,4.55340099114026,Low
PRV54319,1.4090105,0.0,22.51416258649294,6.333045911382299,Low,0,-0.06203081412403566,6.070120920470149,Low
PRV54320,1.1044997,1.744996722434945,23.6236981834887,6.894423575323532,Low,8,0.08378025664409527,10.497893189970759,Low
PRV54323,88.10859,1.1510789653099638,12.856665103624906,47.55623060341536,Medium,5,0.0870241621759561,38.96560691105985,Low
PRV54324,31.290985,0.27398426212209254,30.431573662069123,23.32188203475874,Low,32,0.19123428799329312,25.456552304053055,Low
PRV54325,1.0591235,0.0,27.485581138132424,7.400957042574488,Low,15,0.17849138722889013,13.521683082822678,Low
PRV54326,4.2410846,0.8997002876094362,33.77832517298588,10.790048652975367,Low,5,0.11114586984378771,13.861234001013536,Low
PRV54327,91.6011,11.106883731426553,15.986906127526728,52.57399601820512,Medium,17,0.2024139879408191,45.82323977695163,Medium
PRV54328,12.59452,4.135794117304448,13.371413610761321,10.674061739603113,Low,23,0.21581483354604714,17.005442714861807,Low
PRV54330,41.498253,0.0,12.025250584939897,23.755439080561146,Low,58,0.1883609389467702,26.382751152341058,Low
PRV54332,12.358783,0.5987998606408376,24.535535843102664,12.462975310060632,Low,91,0.14337987345848824,18.185492571762936,Low
PRV54333,99.246994,4.619434494890244,13.635145587156531,54.18714202978904,Medium,67,0.22785441063839385,48.96122677892687,Medium
PRV54334,1.9237992,1.2927572858402305,15.137986327942743,5.069585482017063,Low,5,0.0692741162875723,8.759929353014378,Low
PRV54335,11.741137,1.7155117974146352,11.585005511072383,9.195697602573414,Low,30,0.19512415172128217,15.616440827131324,Low
PRV54336,96.10408,4.615142469650465,19.93884761491111,54.19053762123805,Medium,30,0.21110091276341791,47.53139727076806,Medium
PRV54337,59.758347,0.0,17.29039750919388,34.20177265610707,Medium,67,0.2154279693518174,34.645913118090405,Low
PRV54339,4.976197,3.6287109229367114,17.108269891970533,7.67234358667664,Low,19,0.17667831392786015,13.77153627057302,Low
PRV54340,5.414504,1.1209981269145584,17.641040103577872,7.397761583227355,Low,18,0.19469631992822456,14.02452937770735,Low
PRV54341,1.2225188,0.8901803632457403,11.79165147443453,3.7817173602646417,Low,6,0.10619235585390863,8.852472707892783,Low
PRV54342,1.0964187,2.6001671983680907,10.5255240525377,3.829632181909034,Low,7,0.1527700379731075,10.13312778848664,Low
PRV54343,0.027698217,0.0,5.3979558003903385,1.3633380585775017,Low,2,0.03951929875140181,5.305485316721097,Low
PRV54344,0.8342163,0.0,9.623041147393655,2.8228684351848243,Low,7,0.07502012169435823,7.391455869913928,Low
PRV54345,0.2730035,0.0,9.706662976795842,2.5631674885884945,Low,14,0.12172466201320098,8.621177242762107,Low
PRV54347,0.15606686,0.0,6.498794340851154,1.7027320175772522,Low,2,0.027888439809182985,5.238349115374918,Low
PRV54348,74.25263,0.0,16.70971252800406,41.30374420255765,Medium,102,0.21833160376952598,40.63296161067559,Medium
PRV54349,0.21459208,3.121566420382364,22.585549009799404,6.534074899689741,Low,7,0.08608177162999853,10.279099900792051,Low
PRV54350,99.711586,6.717380388087381,21.477327394175592,56.90446994483332,Medium,179,0.24421157172449748,54.29860209989181,Medium
PRV54352,0.11923284,2.2056058694195664,16.251334366142363,4.673851479308507,Low,1,0.02248371912470082,7.149691101124407,Low
PRV54353,0.055050746,0.0,6.370524039358938,1.6201563826429457,Low,2,0.07527646889692374,6.422045177560653,Low
PRV54354,89.174995,7.873463861374251,13.44658926044019,49.917510991635254,Medium,32,0.18609415827988096,43.93882848135107,Medium
PRV54355,0.7336264,2.7315728008585674,16.26557884514223,5.116101124133332,Low,3,0.0992597441564822,9.524379857115045,Low
PRV54356,8.644104,2.5618374233034946,17.83069154700071,9.420184244529176,Low,17,0.19641876925424684,15.458505327155578,Low
PRV54357,0.038083635,0.0,12.794300795352873,3.217617016473516,Low,2,0.08919551793653135,7.904926922097282,Low
PRV54358,0.22165352,0.30626444434009714,11.509286296607534,3.06471444576738,Low,3,0.10657818712970146,8.28014198601357,Low
PRV54359,92.32891,10.285212091378591,23.439491256962548,54.595631250903644,Medium,64,0.255619479822385,49.89403766941137,Medium
PRV54360,0.30799684,0.0,8.680293234804019,2.324071728343453,Low,2,0.11657902572229684,7.996854202564867,Low
PRV54361,19.92548,8.78832852334661,17.551701402470734,16.54774742591234,Low,8,0.20479129399035267,20.425537063581203,Low
PRV54362,0.540129,0.0,11.045417119526313,3.0314187828360613,Low,3,0.0947095879213844,7.945894592258423,Low
PRV54363,32.365685,6.792298342083734,15.525196808622308,21.762216042315185,Low,17,0.20026301892389586,24.19864146288706,Low
PRV54365,1.0145504,0.6282646103337299,14.676398305096559,4.333440952589567,Low,10,0.10252632780223514,9.250017048648363,Low
PRV54367,99.716835,0.30103938439995004,19.43399574063947,54.79217629224618,Medium,348,0.21303986787459406,56.54025496011078,Medium
PRV54368,3.7179525,0.0,8.97573740229861,4.102910595501105,Low,13,0.12407874912625338,9.733825516373257,Low
PRV54370,1.1468716,0.0,12.809010548282734,3.775688420456914,Low,10,0.14062127694642113,9.857623797088195,Low
PRV54371,0.2235581,0.0,7.785255920766095,2.0580930292304105,Low,3,0.07198518983757463,6.669219634493924,Low
PRV54372,99.2741,0.9466958039242758,18.600534186108174,54.523858126170225,Medium,142,0.20922934775782054,50.72240069063794,Medium
PRV54373,0.04106915,2.693199837053393,8.250410546406076,2.7564371708503717,Low,1,0.12196689816283746,8.413818974570468,Low
PRV54374,2.2947907,0.6067963854327505,19.68348511969859,6.219965748673583,Low,92,0.18656013325653653,14.973492948381548,Low
PRV54375,23.182655,0.29306333933204703,14.852554843610246,15.377732212971903,Low,21,0.16983164424589925,19.039626570063984,Low
PRV54377,1.0794783,4.4493217570208206,9.657215713584936,4.06637349957893,Low,3,0.15143515355173875,10.156492086031738,Low
PRV54378,35.725346,8.662269196301953,17.51926003690111,24.4080551140869,Low,20,0.19276533206990176,25.93483698721807,Low
PRV54379,46.855194,7.4754074956830685,14.689746961664293,28.96888566023528,Low,41,0.20308212363548184,29.961462033924832,Low
PRV54380,0.88558763,8.664994603583946,10.689667636997989,5.281459376473532,Low,2,0.14849270515079194,10.903118596448344,Low
PRV54381,6.1945996,2.058000152184619,8.899912088177903,5.8367778743148735,Low,21,0.2382802558128604,14.154214865925411,Low
PRV54382,20.553898,0.20569852171768394,14.158565972569207,13.868015052404731,Low,80,0.2200881889521038,20.88336721376616,Low
PRV54383,0.2578458,0.0,9.400185709795897,2.478969322046028,Low,1,0.04617171774109419,6.233865485611449,Low
PRV54384,0.5925699,4.058291395981045,8.854099694118103,3.5243827163438333,Low,5,0.2027222845815858,11.174439748429526,Low
PRV54387,7.4183455,0.3205672282906807,20.559784943472696,8.929260768618335,Low,47,0.11402300835692403,13.761576200081068,Low
PRV54388,84.29425,0.0056141790335692285,9.630042025689717,44.55603929532144,Medium,12,0.16353449562476452,39.05785444609639,Low
PRV54389,0.45265234,0.0,9.973964423267422,2.719817273400321,Low,7,0.0681567803084171,7.139510267633485,Low
PRV54390,47.80326,0.0,16.31299882421723,27.979880107665636,Low,44,0.20106572744561524,29.296868345728573,Low
PRV54391,93.546745,0.42516765330095074,13.777626466241196,50.32407118003202,Medium,36,0.2089631140025976,44.92993729847581,Medium
PRV54392,0.064282276,0.0,8.457885530215883,2.1466125204221367,Low,3,0.01812777276645805,5.320195501854611,Low
PRV54393,0.5778709,0.002296945450609558,12.617294705324522,3.443833365393444,Low,12,0.1510123981617546,9.951249140027036,Low
PRV54396,0.8337576,0.23826863230813952,14.4511728087056,4.089239149916749,Low,7,0.13691146044423874,9.899380475586792,Low
PRV54399,98.6321,3.756286423531611,22.637844764403265,55.914584280138016,Medium,44,0.20601730041265143,48.980885440226785,Medium
PRV54400,0.10934694,0.0,9.221491797808538,2.3600464200088704,Low,12,0.08990985331813384,7.591798452081051,Low
PRV54401,0.028338661,0.0,5.922329848638657,1.4947517928683467,Low,1,0.09841783469950427,6.913687218945552,Low
PRV54402,2.0472465,3.15075741280341,10.737302260250708,4.495638146336649,Low,12,0.17085315467190876,11.207312106391445,Low
PRV54403,0.057351142,0.0,9.995223192553546,2.527481369222409,Low,1,0.017804331363335812,5.524638715811955,Low
PRV54404,1.3873079,0.0,14.271159230869834,4.2614437488719386,Low,23,0.12929280257455478,10.249855888869151,Low
PRV54407,0.09475806,0.0,9.599293973766205,2.447202525218933,Low,1,0.005815729966784922,5.1543592085409085,Low
PRV54408,11.858917,7.128519810091503,20.315490292165926,12.79046114372842,Low,18,0.12293444180561885,15.919359862724113,Low
PRV54409,8.960293,0.3739147133535643,13.903896113346125,8.049599114755978,Low,6,0.15900355734776417,13.223568351435194,Low
PRV54410,0.55017525,1.6262871333555144,17.047532702451164,4.943542583739954,Low,2,0.0779128242138083,8.817484280420382,Low
PRV54411,0.3264975,0.12146126787793875,15.0608090730066,3.958816332808339,Low,3,0.08607753745864433,8.3689254243683,Low
PRV54412,0.9552747,0.0,11.354286511477342,3.31620897842857,Low,5,0.043665717557206274,6.861662152525888,Low
PRV54413,0.22164455,0.2911784707513496,11.185037082854022,2.9798761636822952,Low,1,0.006525711857012451,5.545831271849214,Low
PRV54414,0.52997327,4.133245996002617,15.793582549895016,5.2466937707288634,Low,9,0.1362849912574996,10.746877383068869,Low
PRV54415,1.0158005,1.1114782846395013,14.258039234860645,4.350279617912146,Low,1,0.08941850918518723,8.676787159284324,Low
PRV54416,0.7382153,0.0,7.330840152797248,2.201817701830751,Low,3,0.04190362505210998,5.981732664674283,Low
PRV54419,0.08843552,0.0,7.401491391496652,1.894590609480141,Low,4,0.06652607043507175,6.438592409282163,Low
PRV54420,0.04206911,0.0,5.014162586492939,1.2745752021329213,Low,0,-0.049845749009298,2.84842281063498,Low
PRV54421,0.6364201,1.1738890946205922,17.32665973113276,4.943347242000853,Low,6,0.10225231373882959,9.562390121912156,Low
PRV54422,0.22477359,0.4613797615278467,10.056650345971756,2.7418943197730785,Low,1,0.04276894767367412,6.328765244815963,Low
PRV54423,0.20108376,0.4690706431535625,14.284693499591631,3.788982917903229,Low,6,0.09600903271595296,8.590770006195687,Low
PRV54424,0.051971536,0.0,7.5141625864929384,1.9045264146880911,Low,0,-0.03423948811810096,3.698250512654676,Low
PRV54425,5.7974753,18.803656783451476,19.932941276970737,12.582887184096641,Low,4,0.1924220442759098,17.21869558261563,Low
PRV54426,32.733257,0.4951702082580765,18.365471510375002,21.081789076508855,Low,10,0.15411133898186247,22.325314707415686,Low
PRV54427,0.50082475,3.761649617472113,19.159579390760772,5.9807196267931,Low,6,0.10699832390684416,10.412889511878692,Low
PRV54429,2.7075212,3.9093682650032893,20.542952147896916,7.4668407033150785,Low,11,0.17270647909837478,13.308862724424262,Low
PRV54430,1.2748795,1.268191192988172,16.94452786741796,5.1906194928847365,Low,5,0.037947833718572355,8.02394908324558,Low
PRV54431,0.017939484,0.0,4.739040293682587,1.1937298152940898,Low,1,0.02634437640406362,4.8147496696489736,Low
PRV54432,0.052908923,0.0,6.00619613159066,1.5280034946361323,Low,0,-0.03807850847841171,3.3341075918089556,Low
PRV54433,0.11619797,0.1483135370344614,10.439326805055368,2.705009072267338,Low,1,0.11309860610611633,8.145482658713727,Low
PRV54434,1.9774661,0.506061535664605,13.524964285854141,4.496489508587084,Low,6,0.17097158616774077,11.049936971320378,Low
PRV54435,0.126559,1.4940809118307032,10.619521194218722,3.0916800286061483,Low,1,0.0372415563988685,6.428805446013237,Low
PRV54436,0.023675712,5.660180396510104,7.5141625864929384,3.305423601663506,Low,0,-0.021860839952223987,5.003181530965465,Low
PRV54437,0.055283424,0.0,5.213977894803777,1.3311361854575312,Low,1,0.0474121379914878,5.462879537475825,Low
PRV54438,4.42626,2.924647739584118,28.506285508477657,10.070863309268862,Low,26,0.08526971719014409,13.243644229489078,Low
PRV54439,0.1922985,0.0,5.056650345971756,1.3603118373579217,Low,0,-0.07560144878495717,2.2336757292970972,Low
PRV54441,0.08673877,0.0,9.452894225711164,2.406592942772939,Low,0,-0.06764114528871057,3.1746211402306073,Low
PRV54442,0.14273429,0.0,11.902185407809382,3.0469134965370013,Low,9,0.09593893178065838,8.150021779124966,Low
PRV54443,0.31498742,0.0,11.160786321994172,2.947690291016426,Low,10,0.1166595742582952,8.650262554261763,Low
PRV54444,0.058108475,0.0,9.591521031815613,2.426934495483539,Low,4,0.08140253386577812,7.200975326555835,Low
PRV54448,0.19006766,0.0,4.76455359703307,1.2861722311526653,Low,2,0.0795761684692009,6.300902288889223,Low
PRV54449,0.013427949,0.0,5.014162586492939,1.260254620912831,Low,0,-0.10934536777890774,1.2795929624078757,Low
PRV54450,0.06790616,1.4964177797371847,6.9553575041476146,2.146896902787635,Low,2,0.09772974475720486,7.379007455008368,Low
PRV54451,0.067569405,1.9777740663063856,6.284850078905839,2.099440738723291,Low,3,0.07964134567926218,6.898743432035866,Low
PRV54452,0.02136287,0.0,9.046028406102051,2.272188536060003,Low,1,0.004274423393113236,4.991469374651298,Low
PRV54454,0.24095787,0.0,14.493916065406198,3.743957951891272,Low,13,0.15169726153167284,10.206124435013724,Low
PRV54455,0.07841636,0.0,5.953715318523314,1.5276370108332402,Low,0,-0.02202625559355409,3.7543972626966413,Low
PRV54456,0.38979334,0.774445986021232,12.75790238605862,3.5779837612156875,Low,0,-0.07006870774180352,3.930996027310178,Low
PRV54457,0.051996462,2.101495301401064,17.051570782584065,4.814264752019833,Low,0,-0.005335939133447043,6.492299249830323,Low
PRV54459,0.19690944,0.0,6.19962727669198,1.6483615404449867,Low,1,0.07281339080956695,6.350414005470633,Low
PRV54460,0.36239886,0.0,26.01416258649294,6.684740078042608,Low,5,0.1362887190666564,11.646224911154267,Low
PRV54461,14.659479,0.5360687177003692,30.807792907016996,15.165704976797016,Low,11,0.18730386481204242,19.080498473416466,Low
PRV54462,0.41455016,0.0,8.478090562996533,2.326797718449748,Low,7,0.11232899606481384,8.021645847355737,Low
PRV54463,0.022228278,2.223677660977752,10.014162586492938,3.0705742009775223,Low,0,-0.034235111208907876,4.5145986318569715,Low
PRV54465,0.1338161,3.887632112362855,10.461891402185984,3.6542889252404125,Low,2,0.0273316819622752,6.589852686503598,Low
PRV54466,0.035032883,0.0,9.191451193029309,2.3153792399005653,Low,0,-0.04032263519220142,3.826477683305189,Low
PRV54467,0.1459139,1.0248989656159404,10.781558000127175,3.0245711909082065,Low,0,-0.006396407315497121,5.2117309979897515,Low
PRV54468,0.09368967,0.0,10.712218498944322,2.724899461060534,Low,1,0.024914994160923132,5.849120638582251,Low
PRV54469,0.046549495,0.0,10.29808565973742,2.597796162589151,Low,1,0.03535672102208387,6.033706731959592,Low
PRV54471,0.2895953,2.101495301401064,18.57883282694023,5.314879685045147,Low,6,0.12538649068059404,10.428545385918751,Low
PRV54472,0.9101179,1.2581328064406352,20.705617595256705,5.94599656253104,Low,6,0.10658103446054357,10.37765097652079,Low
PRV54473,0.2599433,4.5395115345891845,25.851147488962766,7.7276364091110255,Low,5,0.03170512209705201,9.63631075326206,Low
PRV54475,0.7418858,2.2569764302835273,21.41471242178085,6.288865103660168,Low,10,0.10785107298355123,10.758314709767326,Low
PRV54477,2.2535093,0.06445264323730478,15.636044886202699,5.051879023892899,Low,10,0.09163399430377994,9.467560042830616,Low
PRV54478,0.66071004,0.0,13.196287697931833,3.6294269428602624,Low,4,0.10000739555218052,8.53014097169314,Low
PRV54479,2.242126,2.1213297465605003,22.77928362701856,7.346216337398062,Low,3,0.06366799308878235,10.153007217125456,Low
PRV54480,0.084002525,0.0,26.370381985189983,6.634596758604663,Low,6,0.1430887272010366,11.816120772991358,Low
PRV54481,0.061584152,0.0,10.077894225711164,2.550265632568433,Low,0,-0.0018326297309766981,4.999281593094472,Low
PRV54482,0.023652384,0.0,5.868739799565681,1.4790111419202407,Low,0,-0.04803354347801603,3.0390051776088534,Low
PRV54483,0.12727323,0.2052346687605315,12.122235996512693,3.1455042821906893,Low,1,0.04210796060965871,6.5939752969318,Low
PRV54486,0.14419977,0.43409822053948455,15.215145053180438,3.984410705264602,Low,2,0.0683912246944599,7.8966395917034164,Low
PRV54489,0.040549632,0.46546695907747904,6.317272285841461,1.7159596273106628,Low,1,0.07878764419321815,6.554249613362213,Low
PRV54490,0.15060037,0.0,11.913424696754438,3.053656361061092,Low,1,0.009115073262171536,5.665314998414264,Low
PRV54491,0.48921698,3.8765662245514023,14.070197293500819,4.73129937117222,Low,2,0.0779653848663786,8.67029104601269,Low
PRV54496,0.0750176,0.058866044322065034,8.42179831609737,2.1576748907306595,Low,0,-0.026399179635991143,4.080859384213227,Low
PRV54497,0.39740512,0.0,28.028325172985873,7.205783852121552,Low,5,0.13913952904297722,12.085642722361262,Low
PRV54498,0.12058516,0.3430717792429151,33.34749591982627,8.482934504000943,Low,1,0.11224254212204732,12.167602801319928,Low
PRV54499,0.028791113,0.053925715508024566,35.01416258649294,8.781417631912877,Low,1,0.1471900795295341,13.292116797895265,Low
PRV54500,0.067799434,0.48781948308600576,33.34749591982627,8.49272856776098,Low,2,0.14811372379234033,13.141078257427147,Low
PRV54501,0.0995018,0.7290656561578237,34.46922897080709,8.849324558499898,Low,3,0.16202753436347062,13.782063148955157,Low
PRV54502,6.447097,2.17654269458873,27.278872568193975,10.587402228018675,Low,3,0.1447854474212129,14.546999346947498,Low
PRV54503,0.15541783,0.0,25.014162586492937,6.331249561499218,Low,1,0.06274036224973578,9.364536589343025,Low
PRV54504,76.2221,0.07301419196345535,15.99030529867998,42.12687952476047,Medium,48,0.22684006164911152,39.982401409549006,Low
PRV54505,3.532893,5.91442388408602,15.191028533884786,7.042809575706996,Low,5,0.15073725506378166,12.275404666069836,Low
PRV54506,2.3617775,0.3739854131732419,15.595756876001172,5.173324344304406,Low,12,0.19649078209778836,12.353361843223372,Low
PRV54507,52.683605,1.2861326596874716,19.42183715219714,31.51879505001705,Medium,41,0.20257752331568368,31.733178795612183,Low
PRV54508,0.25515398,0.0,11.552039913655026,3.0155869703294593,Low,7,0.11187984154943897,8.49203111377907,Low
PRV54509,0.075088516,0.0,5.035406466232348,1.2963958744969488,Low,0,-0.03798578593307622,3.17441145660718,Low
PRV54510,0.80235535,0.8898733630664707,16.21168798256035,4.676568010938642,Low,13,0.1116535768153274,9.80986385327882,Low
PRV54511,0.24445458,0.0,7.150995511808899,1.9099761667348214,Low,2,0.03088844851229844,5.462015983713836,Low
PRV54514,98.423645,4.336039043458861,12.640589856579284,53.45597973477516,Medium,65,0.238080557781423,48.663632417358066,Medium
PRV54515,0.25540322,0.0,7.016851052982862,1.8819143735724824,Low,10,0.09261600667693581,7.274312115989694,Low
PRV54517,0.45472166,4.675539544981127,24.727405054469756,7.578096979573681,Low,1,0.018184418354746268,9.070027381992274,Low
PRV54519,0.29875648,1.5716015696433872,11.389983679305088,3.3897745523456084,Low,1,0.030036736199514635,6.448715564052551,Low
PRV54520,0.31753126,2.8469240869492762,14.623660072174014,4.526411668714729,Low,4,0.05993263243418501,8.108128446773575,Low
PRV54521,0.74386775,0.0,12.984448447342153,3.6180459893036474,Low,11,0.0977710778258215,8.651505421473189,Low
PRV54522,0.04395233,4.980871716230453,7.5141625864929384,3.145734741154309,Low,0,-0.006260499116005125,5.300106084814207,Low
PRV54523,0.12946689,0.0,12.514162586492938,3.1932740922676133,Low,0,-0.10609147661715995,2.7179539158425845,Low
PRV54524,0.34099615,0.0,9.238916330907387,2.4802271558278903,Low,2,0.06541398363591044,6.765711623095704,Low
PRV54526,0.16785277,4.337769033380123,22.10356206384848,6.694259161438365,Low,5,0.06392273983122432,9.757002471686548,Low
PRV54528,1.4118603,3.8615255534216195,24.57297211602726,7.814554590759284,Low,1,0.02113153467668627,9.312757968543144,Low
PRV54529,0.043124817,0.0,4.510621939869704,1.149217893623308,Low,0,-0.06622580597963262,2.3315384840167273,Low
PRV54530,0.21438827,8.91100787721426,24.219590903573017,8.389843828299714,Low,3,0.04108102273872272,10.291799941806008,Low
PRV54531,0.29230204,0.0,8.699538597840046,2.321035670582944,Low,4,0.15318151987917772,9.007353558881729,Low
PRV54535,0.28303888,0.0,9.490449686265809,2.514131863767113,Low,3,0.07367666221574098,7.032760990786037,Low
PRV54536,0.019270042,0.35446308892137496,14.199786273694743,3.648197361632778,Low,1,0.09427826476334533,8.312648268573291,Low
PRV54537,0.27681723,5.98529059650101,21.559218157784702,7.024535804756616,Low,8,0.08372853673123737,10.587616762369667,Low
PRV54538,0.6587727,0.5174680745825638,17.612982455252972,4.861998985951621,Low,7,0.07604904658942768,8.845803625228598,Low
PRV54539,0.55069286,0.0,16.2346846064816,4.334017579776299,Low,4,0.1349277297477035,9.93821753908346,Low
PRV54540,71.75695,0.0,6.219114646670088,37.433253850876504,Medium,3,0.042691128422046476,30.664369437972688,Low
PRV54541,0.18996105,0.385389855191345,15.855993471722035,4.1553263547185715,Low,2,0.09381265736200506,8.682285949197958,Low
PRV54542,5.2032733,6.669749994712874,19.450636401122985,9.131733247137065,Low,5,0.1258061767457176,13.084492420180364,Low
PRV54543,94.77162,8.46115143483864,14.780652118044202,53.196261740271495,Medium,5,0.1725473294277201,45.15421412962826,Medium
PRV54544,0.5505043,6.853576981856564,22.165333023105248,7.529979664650639,Low,0,-0.008039406334725496,8.322472690599104,Low
PRV54545,0.28499177,3.2789757819683163,30.035406466232345,8.471091447541536,Low,0,-0.0886001016785169,6.870675226382391,Low
PRV54546,0.101725966,0.0,6.723317012638422,1.7316922360287537,Low,0,-0.002486524512545718,4.4091491016596125,Low
PRV54547,0.07381337,0.0,10.024784526362644,2.543102817270812,Low,0,-0.06076333944416723,3.450366789666582,Low
PRV54548,0.02759589,2.2056058694195664,21.072762937570932,5.833390147090583,Low,0,-0.022272770205674752,6.76196612562528,Low
PRV54549,0.019183366,0.0,5.014162586492939,1.2631323294372965,Low,0,-0.09356666681821169,1.6949868963274994,Low
PRV54550,0.112189285,0.883012819232987,15.173472415713343,4.0702159514651495,Low,3,0.08070809451358574,8.306233384180095,Low
PRV54551,0.099698044,1.0248989656159404,16.852986571555746,4.5193204064727635,Low,1,0.029636698478063717,7.228917242237247,Low
PRV54552,0.22407018,0.8569024803293854,15.176656267924022,4.1204247753044525,Low,5,0.04310971469659142,7.41004672567124,Low
PRV54553,0.23203713,0.5174680745825638,13.731493096301095,3.678258856229902,Low,1,0.0017291494881526148,5.909036040211316,Low
PRV54554,0.36306494,6.251988543926316,29.93255068182738,9.227667278810479,Low,3,0.06596828607712757,11.530287282863863,Low
PRV54555,1.5615785,0.0,24.45860703093738,6.895441013830231,Low,6,0.12369271916896907,11.490563909923171,Low
PRV54557,94.55098,1.2969606097122564,17.82567681080413,52.056149162258,Medium,51,0.13990944044335496,44.73596835268431,Medium
PRV54558,52.71011,8.059607794533054,12.9490182636328,31.60721136988814,Medium,17,0.22206642990186298,31.661356569310026,Low
PRV54559,85.84239,0.046563845836390234,17.731814284875,47.36579051656457,Medium,28,0.21402803952614835,42.77706958301087,Medium
PRV54560,95.31589,0.21060151379005596,15.540753332659591,51.59578243719835,Medium,47,0.1998481364439344,45.87663773554452,Medium
PRV54561,30.344612,5.218912803214506,19.80975430419992,21.429472837644624,Low,38,0.2005507251722768,24.537017103652783,Low
PRV54562,9.032597,2.850247572660741,18.77214925729249,9.92189750155569,Low,23,0.10574895496491477,13.595358172663433,Low
PRV54563,1.1116524,0.0,15.240889697324276,4.3660486114648585,Low,28,0.13183329323979454,10.523864725080589,Low
PRV54564,52.46919,2.0420231178280153,20.305427735691552,31.821457058472664,Medium,78,0.15655911347120166,31.73271386294647,Low
PRV54565,49.167347,0.29990968131490064,16.325589779186053,28.74004834229809,Low,46,0.2215529673193255,30.419413950082678,Low
PRV54566,98.51277,7.785966419083887,13.266246415421943,54.51943901184911,Medium,57,0.23905428818636765,49.21879916322658,Medium
PRV54567,4.722305,9.592187997841412,15.95647263807548,8.748317569486426,Low,9,0.22444372036316285,15.507647439457669,Low
PRV54568,0.7777563,1.5869036393201228,13.94173543961699,4.271037906607523,Low,6,0.17586785354458978,11.020396095848493,Low
PRV54569,13.53967,13.09314366322806,15.097295256422033,13.817444725182298,Low,18,0.2132759910569494,19.00506855224311,Low
PRV54571,8.750671,10.170897731023972,10.494286169936757,9.541631668599557,Low,4,0.1714950764027412,14.541559908250143,Low
PRV54572,0.3048035,0.0,12.323939876498038,3.233386714443876,Low,15,0.12324806753375062,9.157087397775173,Low
PRV54573,0.4828088,0.7437576784137779,12.637057839582825,3.5866082787749303,Low,1,0.11296692758886429,8.759152313279644,Low
PRV54574,0.8018982,0.3854658056810219,11.590594308374422,3.394964119233084,Low,3,0.09532437918881076,8.216482985103063,Low
PRV54575,39.859783,7.017641265793727,18.469286148500895,26.301623439877368,Low,50,0.23597939010778768,29.197850840638104,Low
PRV54576,0.4339437,0.0,20.58471882207745,5.3631515499541,Low,14,0.14976663770851506,11.315825991186749,Low
PRV54577,85.33592,2.622739828787841,23.19721920133373,49.12295087813586,Medium,44,0.19563690975085024,43.954790577760356,Medium
PRV54578,0.17941302,1.133409656529581,19.22259383990052,5.178707384412929,Low,9,0.09092580891313018,9.51094080696226,Low
PRV54579,0.0901217,2.0238809903072665,2.514162586492939,1.1795717448799259,Low,0,-0.036541665132964696,3.13046847822234,Low
PRV54580,0.4689773,0.7675776367118008,15.324267555416471,4.257449949188493,Low,3,0.103770146827603,9.041490173730127,Low
PRV54581,0.1299232,0.3570243533633853,6.68106938359437,1.8244850315628565,Low,0,-0.02357921567781951,3.921505530315293,Low
PRV54582,0.6114772,0.9979641716155282,13.924701495765781,4.036405014953619,Low,10,0.06529091056780034,8.066576885701533,Low
PRV54585,0.15389112,1.455327017949442,19.159166059698673,5.230568827602375,Low,8,0.14057941733094426,10.82125214449433,Low
PRV54587,0.23853941,1.4005784350080035,17.514162586492937,4.847954961684077,Low,0,-0.08409871876495234,4.45240952053099,Low
PRV54588,0.7573287,0.0,12.54022684982874,3.513721057006364,Low,6,0.09503204881326344,8.372491113963463,Low
PRV54589,0.0825608,4.030334720752443,16.844483764525847,5.259985021327536,Low,0,-0.005782236002229768,6.792611094732219,Low
PRV54590,1.0362039,0.7725341430907561,18.485701804427244,5.332660917497786,Low,6,0.2050114976077615,12.527054254310679,Low
PRV54591,0.43673617,5.948418566531707,21.34257426044643,7.041116289983136,Low,4,0.04769197067249942,9.547733741894891,Low
PRV54593,0.6363631,0.8054730249131999,16.613077874256202,4.6728192693346635,Low,5,0.07499260837475263,8.6320093687837,Low
PRV54595,0.055979174,3.378911460072941,11.731574434099421,3.805611060358329,Low,4,0.0461387805946154,7.242188708759542,Low
PRV54596,0.51201016,4.019593592418727,28.38377701007567,8.356847729177753,Low,5,0.04782993527519652,10.499205863408283,Low
PRV54597,0.13381591,1.755846162772444,16.76580477211724,4.697320690918656,Low,2,0.055548769275014176,8.059222503426932,Low
PRV54598,0.03736684,0.595551000596441,14.38189743653973,3.7630455297782412,Low,0,-0.01580898975412337,5.4820667539769365,Low
PRV54599,0.20070672,0.6614705497478818,15.320489378492908,4.095843342236284,Low,1,0.026925258407804797,6.86144742136396,Low
PRV54601,0.27177045,2.6528433329815457,18.252631114282877,5.362253835562406,Low,2,0.017266169254697372,7.521725997509728,Low
PRV54602,0.10430312,0.0,7.332621350243654,1.8853068983442998,Low,1,0.01726226924056007,5.060915329046089,Low
PRV54603,0.7193607,1.40848338966797,16.336344857383818,4.7958874163581315,Low,5,0.08363225816130271,8.944503616053291,Low
PRV54604,0.07371039,3.7911243433407966,23.31025346415446,6.81219964659146,Low,2,0.0383103040712357,9.08801448612745,Low
PRV54606,0.08166167,0.0,7.526908914336583,1.9225580642841809,Low,2,0.028434154556849167,5.406524298801393,Low
PRV54608,0.2413393,6.812660019839114,20.494957873968918,6.94757412150327,Low,4,0.09899109331908384,10.82621832276767,Low
PRV54609,0.39395475,6.879153464343295,24.866832988742512,8.133473990209318,Low,4,0.08562781532063324,11.30624934133414,Low
PRV54610,0.46994182,2.554074509063492,14.867132458400212,4.590272654203229,Low,5,0.057130417601146455,8.106262728530476,Low
PRV54611,0.06830941,3.209341236285481,6.258851616558086,2.4012029189141506,Low,1,0.0820182540467237,7.118557303786194,Low
PRV54612,0.20127392,7.035770475888943,17.76498367930509,6.300825497874436,Low,0,-0.029529971036144798,6.899042524512172,Low
PRV54614,0.05907884,2.8093764452282386,21.405916589109644,6.083362677922578,Low,2,0.0307113627794956,8.378747147048445,Low
PRV54615,0.16428916,5.157373128928631,16.09913810545057,5.396272389376261,Low,0,-0.09370115656995476,4.584661497947488,Low
PRV54616,0.08211949,0.0,13.347495919826272,3.3779337235695728,Low,2,0.16292935031183575,9.948870222961895,Low
PRV54618,1.3361452,1.3974832005928415,16.695668004806286,5.191360382640981,Low,3,0.06165986419381253,8.5919979260218,Low
PRV54619,0.77886313,0.7437576784137779,16.328291207302254,4.657443787428993,Low,1,0.06827985580427598,8.337999405007087,Low
PRV54620,2.5869684,0.6797160743157719,22.570998394906866,7.106162828273677,Low,7,0.19210814444442403,13.457301716871038,Low
PRV54621,0.08564485,4.06180703114622,2.514162586492939,1.6868148287321563,Low,0,-0.0873280913323905,2.155006456299443,Low
PRV54622,0.20607665,0.4613797615278467,12.028325172985879,3.225464559534231,Low,1,0.038917379260059226,6.566358794678155,Low
PRV54623,1.6961768,8.149599258344429,25.026829140178297,9.142195483305303,Low,3,0.03227439377293517,10.5877249387983,Low
PRV54624,0.09827727,6.485580316311474,9.64447355642779,4.081652103581773,Low,2,0.04602070626984378,7.378632784365299,Low
PRV54625,0.7484812,3.5497683033009646,19.29233403038308,6.084766190444251,Low,2,0.05163345974820566,8.927858808557641,Low
PRV54627,0.35880885,2.101495301401064,20.950360134342247,5.942368281576629,Low,1,0.08274844684296445,9.616503071044448,Low
PRV54628,0.01532615,0.05133937039241769,5.035406466232348,1.2793495340370298,Low,1,0.004519408726981422,4.302900340770156,Low
PRV54629,0.10543102,0.0,5.024784526362644,1.3089116417205895,Low,0,-0.07216982435422842,2.2875992748616305,Low
PRV54630,1.4313015,5.560057855001314,23.894479028453812,8.079284958149396,Low,9,0.13019741824899467,12.570205454074472,Low
PRV54633,0.08712806,3.2789757819683163,17.321003452973468,5.1935588377733986,Low,0,-0.021620868397583815,6.331163109887942,Low
PRV54634,0.8482319,0.1731143296220202,13.836933183160069,3.9266278340251426,Low,3,0.09602424555452538,8.606983089477023,Low
PRV54635,0.18075885,5.269549755038064,19.481845526032796,6.278228244660892,Low,2,0.0504587142306816,9.032505583686698,Low
PRV54636,0.37145093,0.0,14.663060233858275,3.851490523881477,Low,8,0.09054642167743987,8.545103960677185,Low
PRV54637,32.468,2.3339363665741244,31.55456305048625,24.70612410658443,Low,13,0.20582963313428615,26.297831937688237,Low
PRV54638,1.277364,0.8255641253865507,28.080340081918198,7.8651580596157995,Low,6,0.1869868157675193,13.82758120914454,Low
PRV54639,3.5077844,0.21512510181178618,27.62852547242342,8.714804826862634,Low,13,0.1849381738001502,14.556581901617683,Low
PRV54640,12.278721,0.0,15.056960041628779,9.90360043826364,Low,8,0.19163552305261033,15.429971672747627,Low
PRV54642,0.11977267,0.0,7.472209710825439,1.9279387640329588,Low,4,0.09519992335624095,7.213150308130107,Low
PRV54643,4.4645743,0.0,6.263044487559285,3.7980482903926287,Low,2,0.13801611010430315,9.590258936989057,Low
PRV54644,84.80758,0.0,14.373781891817902,45.99723499321815,Medium,26,0.19694415982585312,41.317816075699724,Medium
PRV54645,0.19354454,0.9050196345525473,7.5141625864929384,2.2015678236758687,Low,0,-0.05332219011552064,3.4062398300070766,Low
PRV54646,0.38757926,1.5319097046671903,19.160457706646213,5.366881483956662,Low,5,0.06655184900690736,8.896717020941077,Low
PRV54649,94.59105,0.0,12.580523162950245,50.44065538790553,Medium,23,0.21300675423204407,44.76849058193883,Medium
PRV54651,92.61664,10.033266845539345,12.393615134419656,51.91503958678663,Medium,26,0.21264991462330196,45.871747743355854,Medium
PRV54652,0.6686628,0.0,12.374223873157952,3.4278873615313703,Low,3,0.07708160481125159,7.761594495573466,Low
PRV54653,47.3103,0.649275471914738,21.29957910568202,29.142363104238058,Low,41,0.18766675464166238,29.679035487880846,Low
PRV54656,0.11515723,0.0,6.309613650421121,1.63498202844953,Low,2,0.10190482676416224,7.130048257258533,Low
PRV54657,26.94336,1.1879772391058263,14.233477568867409,17.32704338949331,Low,17,0.23423729541747562,21.984098360358708,Low
PRV54658,5.0355597,0.0,12.749709607470228,5.705207228985477,Low,31,0.16395013462488472,12.38322826478559,Low
PRV54660,0.12688586,0.0,9.526125997884282,2.444974430050256,Low,2,0.05974447687058426,6.592501696211151,Low
PRV54661,3.3460112,17.610477362280363,9.19063412073164,8.373283451655102,Low,3,0.21208429893442693,14.760250457229365,Low
PRV54662,1.3798823,0.0,8.46561284488691,2.8063443790531486,Low,7,0.13885165256022236,9.052184411709167,Low
PRV54664,0.051257636,1.6642469831003925,10.00708129324647,2.943460887285754,Low,0,-0.06073118676280942,3.7314597932280744,Low
PRV54666,0.17216408,14.946729649274273,9.01947355642779,6.077632842689097,Low,1,0.11678094132011818,10.602791246691048,Low
PRV54667,27.906462,4.571939093066893,18.394775583390643,19.694909526963507,Low,31,0.17395142331667124,22.438039421661205,Low
PRV54668,1.0447729,0.0,9.801239584954093,2.972696327932554,Low,27,0.11487499563080239,9.07738919551797,Low
PRV54670,2.059743,0.0,13.391249201377448,4.377683764119997,Low,17,0.10479089547704623,9.528234934120572,Low
PRV54671,0.2794677,9.07327144526651,27.524784526362644,9.28924784386325,Low,0,-0.06445019389808954,8.076077961936752,Low
PRV54672,0.06403588,2.0789040146921947,11.606835037660918,3.453452701880984,Low,3,0.039860679251043196,6.804354888483373,Low
PRV54673,0.07218392,0.0,30.836873979956568,7.745310455955729,Low,1,0.077200813233259,10.73322247772122,Low
PRV54674,0.53262144,0.0,28.11220590152731,7.294362197017646,Low,3,0.1236795529492487,11.688926889159951,Low
PRV54675,97.78838,0.6520568836610123,28.59474450850507,56.20589208998488,Medium,37,0.19705418257963803,48.76206049662645,Medium
PRV54676,92.64903,0.15695725777184485,28.101190837480942,53.38905332019991,Medium,40,0.1871387316425882,46.61103954940539,Medium
PRV54677,0.28291875,2.1019445379729413,17.131562935087395,4.949836243884972,Low,6,0.07922998823234795,8.963780217978677,Low
PRV54678,0.20399478,6.424800951004621,20.884852391164856,6.929410725931811,Low,1,0.021912813778264928,8.713625665146244,Low
PRV54679,0.06497567,0.0,33.34749591982627,8.36936181569165,Low,1,0.0828771178515052,11.31876954246088,Low
PRV54680,96.78565,1.464821095682707,33.24020154422883,57.06908174030015,Medium,18,0.19814866303979373,48.88489997015828,Medium
PRV54681,2.1212747,0.0,8.154148242929384,3.099174415583115,Low,23,0.12545366243099842,9.335687340606846,Low
PRV54682,3.237579,0.0,9.548476181166016,4.005908598933777,Low,15,0.16931079553328476,10.904630718777076,Low
PRV54683,1.3128406,0.0,9.205492254353015,2.957793354058377,Low,38,0.11851454863351996,9.457610242784238,Low
PRV54684,0.1507244,0.0,7.315639832875395,1.9042721562736393,Low,11,0.11225311683117611,7.831272576098445,Low
PRV54685,0.28387642,0.0,7.727299092839658,2.073762982743606,Low,15,0.09529294324676663,7.612966263567381,Low
PRV54686,5.508129,1.0105369963962545,11.705966781829499,5.933190504492962,Low,23,0.2023110933826089,13.333054051681598,Low
PRV54687,0.67342836,0.0,6.543190004255388,1.9725116793875928,Low,2,0.05755972066984549,6.204540263613468,Low
PRV54688,97.01974,1.2996521351854033,18.80212277887767,53.53531235034194,Medium,91,0.23496788872103358,49.33560432027777,Medium
PRV54689,0.042454958,0.0,4.014162586492939,1.024768125604253,Low,0,-0.017930030978044686,3.5097043057520096,Low
PRV54690,61.997128,1.6854120486395265,19.681005120674495,36.340168058808,Medium,80,0.11139784473273417,33.766341787831635,Low
PRV54691,0.72526836,2.8164174436653826,7.733160730871089,3.000028725610436,Low,9,0.2055098329507542,10.98780431041359,Low
PRV54692,72.33193,0.6003331551827324,22.774101693019997,42.00957474598623,Medium,49,0.2014002174133489,39.26064594219634,Low
PRV54693,1.3641711,0.3323539901425749,9.06160417673321,3.0305751153921947,Low,12,0.15434215339351343,9.749203219316643,Low
PRV54694,2.9981458,1.2570968284743391,16.036042814695968,5.82235782014774,Low,30,0.09595252786837394,10.656947393087439,Low
PRV54695,0.060176965,0.0,7.485960524939513,1.901578613659495,Low,5,0.12160479612992492,7.913313976287539,Low
PRV54696,3.3098671,5.187606121907185,10.693418197163215,5.62518965158309,Low,14,0.21450088958731994,13.19519805086177,Low
PRV54697,0.0361623,7.738065771483154,8.246364093122379,4.01418861523774,Low,1,0.12497891098063552,9.37315544031276,Low
PRV54699,0.083121,0.0,3.134913810545057,0.8252889534964785,Low,0,-0.09350811147063187,1.3900306000472766,Low
PRV54701,0.069977455,0.27354002683181516,7.9308292531596045,2.0860810474184235,Low,0,-0.0393369894469881,3.691791466134634,Low
PRV54703,0.028709404,0.0,7.056348842756807,1.7784419127744584,Low,0,-0.056728067575315455,3.0208225439081726,Low
PRV54704,0.41671818,0.0,11.770695283720464,3.1510329134040997,Low,14,0.09286750417647682,8.276666521226833,Low
PRV54705,32.66353,3.3442451325556433,20.09228443258575,22.190896612476756,Low,35,0.18306246319694297,24.531309226649597,Low
PRV54707,0.17047249,0.0,8.586891402185985,2.2319590944501333,Low,0,-0.02803105179305254,4.090105595780005,Low
PRV54708,0.034148905,0.0,7.890394225711164,1.989673009140923,Low,0,-0.008449596087552413,4.433511643245632,Low
PRV54710,0.11656565,0.3056296225410905,2.514162586492939,0.7632308783543268,Low,0,-0.046978234223418736,2.5656065956085774,Low
PRV54711,0.07697253,0.0,6.285406466232348,1.6098378812041403,Low,0,-0.10230523519494572,1.7087427117472567,Low
PRV54712,0.4948352,1.2918242028867073,10.249124231896458,3.132654707658575,Low,2,0.06648422029079437,7.2504495885433435,Low
PRV54713,0.072536685,0.0,6.971711721147003,1.7791962725730992,Low,0,-0.005305740337609222,4.368542479745193,Low
PRV54714,0.04148955,0.0,5.705357504147615,1.4470841505274987,Low,1,0.052896207883075363,5.687717949345654,Low
PRV54715,0.1866905,0.0,8.030992874219432,2.10109346576393,Low,2,0.06115547632462903,6.388751201368214,Low
PRV54716,1.8268999,2.378131933667543,17.31266251851722,5.8361485561118345,Low,13,0.1214622303273365,10.87854301528486,Low
PRV54717,0.06011483,3.262620348464277,3.358117859695976,1.685241967406236,Low,1,0.01837451849704519,4.950009227002514,Low
PRV54718,95.741234,1.0007096892884257,31.785919889062065,56.067274307429415,Medium,29,0.20954971342005668,48.77762809553509,Medium
PRV54720,0.1538303,0.9542287510248536,30.056650345971754,7.8296349266200815,Low,9,0.20345061418201327,14.314580046270954,Low
PRV54723,0.23596168,0.0,8.120174800508286,2.148024537949032,Low,11,0.08999940040380516,7.4188835034211955,Low
PRV54724,34.08973,1.5517258855313976,21.724753346187338,22.8639844624707,Low,49,0.21082648235015145,26.10568748696177,Low
PRV54725,0.3286483,0.0,8.004296387010113,2.165398246241931,Low,11,0.10067203003390135,7.710652825883634,Low
PRV54726,0.3675509,1.2439139982245768,6.314509936819788,2.073381438520689,Low,4,0.1855158863413383,9.681110038964796,Low
PRV54727,0.22704448,0.0,6.664168376718843,1.7795643332091182,Low,5,0.07784085079437764,6.6813508165115465,Low
PRV54728,0.14367254,6.815368419659457,9.25658682891718,4.0898250825361,Low,3,0.10384991584569625,8.926242601966987,Low
PRV54730,0.04076384,0.0,7.10685081401152,1.7970946235425338,Low,5,0.04629414517958241,5.8671431718694755,Low
PRV54734,0.36329132,0.0,8.399292314663125,2.2814687402582647,Low,13,0.11947764619874601,8.33827386082721,Low
PRV54735,1.7384883,3.8899094089955226,10.759231906715545,4.531529487195742,Low,7,0.15774455959992761,10.754781298222909,Low
PRV54737,16.79772,0.16175991950509216,14.61214182750386,12.092335414474407,Low,14,0.19605343158363997,17.23890290567209,Low
PRV54739,96.733765,10.76115483603675,12.238316080541662,54.116750053363354,Medium,52,0.22705926806048382,48.488436226313276,Medium
PRV54741,0.32519117,0.0,7.628748801903196,2.069782785464393,Low,12,0.13257168238912787,8.506293191733558,Low
PRV54742,99.82489,6.34059809890271,19.48139789325998,56.36794406640005,Medium,344,0.23955673872784589,58.23061417801294,Medium
PRV54743,1.9602786,1.3452946360896134,8.767948812380375,3.5084501772458236,Low,12,0.20213860604366896,11.335914886072198,Low
PRV54745,20.07833,0.019920482887955702,13.95783447169417,13.533603281797387,Low,79,0.19228403490345192,19.894004020400732,Low
PRV54747,0.27152732,0.0,7.692734015064367,2.058947163839372,Low,1,0.11638477093248845,7.779332170441167,Low
PRV54748,0.55686283,0.0,6.545512833697541,1.9148096239822465,Low,10,0.10296244819965206,7.56840085315138,Low
PRV54753,0.43583804,0.0,6.120658914336584,1.7480837504290099,Low,2,0.04575604885134221,5.738201288967149,Low
PRV54756,0.56315523,0.9586063061127476,8.174556603304387,2.5648683442842914,Low,5,0.11073857816562438,8.092937321870089,Low
PRV54757,2.8462484,4.136186214259656,11.255686952885796,5.2710924859315655,Low,18,0.15833690384470145,11.583295988039335,Low
PRV54758,0.0326433,0.0,7.237187736951957,1.8256185840128982,Low,11,0.09694003932523243,7.3750342102592885,Low
PRV54759,0.7501988,1.4529824447858628,9.509880243375772,3.115815062785572,Low,9,0.14351259699455443,9.444615284788181,Low
PRV54760,14.9376545,0.0,24.88237622710346,13.689421304395495,Low,24,0.19824796407517997,18.68281303651296,Low
PRV54761,16.849888,0.1552403776905646,17.961248953096934,12.95406625664707,Low,74,0.13582442298550956,17.87493833207191,Low
PRV54763,0.1139058,0.0,7.248863157744172,1.8691686906206018,Low,3,0.11618093852600608,7.694838395025248,Low
PRV54764,34.747417,0.0,13.406727945970061,20.7253907114681,Low,15,0.20593921242071678,23.567880657827438,Low
PRV54765,99.835846,0.3191478829820183,26.836781891545208,56.706905417264615,Medium,200,0.19825995530905882,53.52019828357021,Medium
PRV54767,0.8643986,0.8647682435628382,9.099635630131914,2.923300267759168,Low,9,0.16208264839439224,9.796363880213258,Low
PRV54768,1.2507986,8.126767663564108,9.803739559411492,5.10802609725925,Low,11,0.1492417899243822,11.042950995602151,Low
PRV54771,93.88205,5.213307846383388,11.446826182218933,51.10605828742402,Medium,19,0.21380942541439252,45.14791890535884,Medium
PRV54772,99.86523,2.517838526285855,17.831153259784113,55.01986131932023,Medium,280,0.2422447614415978,55.639257824139705,Medium
PRV54773,29.895184,0.10525437070920754,13.989303081731217,18.471231144726318,Low,11,0.20116978484863035,21.757634187458535,Low
PRV54774,60.932434,0.5334416885947852,14.888361595341394,34.32166786199967,Medium,44,0.21039385842849556,33.98050354687963,Low
PRV54776,1.59168,1.3915599110571315,8.615237156794233,3.297539291910961,Low,7,0.17362712799266267,10.307088878562448,Low
PRV54778,99.19189,1.1422248219628621,21.86651934223722,55.34812949197775,Medium,200,0.2138390829615051,52.97720613681132,Medium
PRV54779,14.261019,0.0,12.135390628501215,10.164357033651182,Low,10,0.1961221822197302,15.78373665770641,Low
PRV54780,0.053226203,0.0,5.98991180658724,1.524091053009992,Low,1,0.0775838577524629,6.388404117618106,Low
PRV54781,98.83067,0.0,15.269983883750657,53.23283257982438,Medium,79,0.20832603501332947,48.10374213043775,Medium
PRV54783,0.417295,0.26382746648146504,6.800516356342238,1.9747334601548165,Low,7,0.11047993729319383,7.726758154911407,Low
PRV54784,0.042171173,0.0,4.197824356951132,1.070541675636623,Low,1,0.019046752342123274,4.537330594018391,Low
PRV54785,0.23484287,23.172358580778166,11.364080477211724,8.751531197827054,Low,3,0.13552386680923945,13.019249377821836,Low
PRV54786,95.06153,0.6356054906800714,19.007703018067225,52.441592660634086,Medium,125,0.14764907581022102,47.195123428557736,Medium
PRV54787,26.799026,0.0,13.538921375873999,16.784243588597406,Low,29,0.23866803457453578,22.04236521897692,Low
PRV54789,0.323164,0.0,21.958607030937383,5.651233750837373,Low,3,0.134708946891838,10.82769142138789,Low
PRV54790,0.04827059,0.42550762494338185,7.890394225711164,2.1031107579653123,Low,1,0.056906701404610516,6.252005804460422,Low
PRV54792,0.12976211,0.0,5.681146838432477,1.4851677661552842,Low,0,-0.012491918774581112,3.9744548643521638,Low
PRV54793,0.04560891,4.731026983241633,14.813731639218227,4.908994111446612,Low,2,0.045297270115695176,7.938819190895359,Low
PRV54794,0.052297674,0.0,7.5141625864929384,1.9046894836829709,Low,0,-0.07535630598095161,2.6211624747533495,Low
PRV54795,0.28053522,0.0,6.614891333460508,1.7939904439150538,Low,3,0.0956838877608186,7.105220025975868,Low
PRV54796,0.06415161,3.6622136898052484,6.2641625864929384,2.5136698728014584,Low,0,-0.026229743238510517,4.334494864446624,Low
PRV54798,0.021225803,0.0,11.099138105450573,2.785397427662835,Low,0,-0.023736136154959675,4.590033114124728,Low
PRV54799,0.022328647,0.0,7.5141625864929384,1.8897049700500177,Low,0,-0.11135769903526754,1.66748798813486,Low
PRV54800,0.061015896,0.0,6.2641625864929384,1.596548594872813,Low,0,-0.026931498377297247,3.674124982707194,Low
PRV54802,0.037793722,0.0,7.87732284270484,1.988227571678059,Low,0,-0.006608040442355967,4.480745977411853,Low
PRV54803,0.03994981,1.8773634318155767,6.691451193029311,2.1621785603460912,Low,0,-0.006783036438117673,4.597927023122864,Low
PRV54805,0.018385818,0.0,5.5991381054505736,1.4089774354767062,Low,0,-0.010779493675932783,3.9659847364888448,Low
PRV54806,1.0706109,0.0,14.1493049253044,4.072631671751973,Low,3,0.0695990752226362,8.016883872876004,Low
PRV54808,92.266754,0.0,6.469520090640554,47.75075709785545,Medium,4,0.07565478809335235,38.77706837859577,Low
PRV54809,0.11154626,0.0,8.546600097767309,2.1924231559911855,Low,7,0.10566002069609304,7.7528659779905,Low
PRV54810,0.020795306,1.2075688787107115,5.424415142984317,1.6683936585191812,Low,1,0.09200949528145264,6.867347140706857,Low
PRV54812,19.66606,0.6325671869290964,28.202894225711162,17.04189510016934,Low,12,0.18113458839402807,20.259050923973042,Low
PRV54813,13.903,0.0,36.623968817309766,16.107492143292284,Low,96,0.1414617492783311,20.820630415769827,Low
PRV54814,0.1127101,0.0,10.558340850525003,2.695940264327551,Low,9,0.09766840482650097,7.949650252175253,Low
PRV54817,0.07227923,0.0,39.1702073132899,9.82869144320256,Low,1,0.14758655339906823,14.035595517647653,Low
PRV54818,1.0151256,0.0,21.852806889761123,5.970764538583317,Low,5,0.17461482539991413,12.1505315442615,Low
PRV54819,16.947424,0.05345501857885741,26.909369415967777,15.21441807610492,Low,23,0.1637410977715522,18.819434288657412,Low
PRV54820,0.18275993,0.3430717792429151,22.51416258649294,5.805688554295502,Low,1,0.11291447299878721,10.311134270440892,Low
PRV54821,0.6160377,0.0,25.97495919826272,6.801758662766821,Low,7,0.12543904298489483,11.497583103584741,Low
PRV54822,93.53709,0.0,25.80706089237783,53.22030846650266,Medium,16,0.17068605978373297,45.41758623227504,Medium
PRV54824,30.00015,0.0,29.705357504147617,22.4264147163079,Low,10,0.14791814999019537,23.104299906445753,Low
PRV54827,0.070945166,0.2534635367794807,14.716809760362686,3.7780409073112358,Low,2,0.03304852599160546,6.826252261826986,Low
PRV54828,96.02927,16.344203348749197,20.769539720026305,57.293068945904814,Medium,8,0.2271350376317811,49.53263645247317,Medium
PRV54829,0.7362908,0.0,11.999616988780588,3.3680496534413322,Low,5,0.0643332857302058,7.439411535108333,Low
PRV54830,0.5434946,6.902552421406578,8.052432071698247,4.01049341436431,Low,1,0.14917089389320648,10.004364366488762,Low
PRV54831,0.8316895,5.81582278762677,10.36185210133906,4.460263460724887,Low,4,0.1784964807455478,11.168029005001848,Low
PRV54832,85.10149,4.076606327883373,9.43587514939707,45.92886347234746,Medium,6,0.23713083653372946,41.785877069415434,Medium
PRV54833,1.212291,0.4943592681483286,16.695617966988298,4.903639809920937,Low,8,0.07221366837421794,8.801316381806508,Low
PRV54834,3.4632602,0.0,16.645268937401365,5.892947321249145,Low,6,0.1781383727585848,12.215217062278626,Low
PRV54836,0.07400933,0.2656702884069934,5.326662586492939,1.435087883265274,Low,2,0.020834748878613918,4.8662015448112586,Low
PRV54837,99.10453,2.295479056580503,20.013345734616607,55.1294713650356,Medium,152,0.14160834229811725,49.64321210444504,Medium
PRV54838,0.8366105,1.6927140815769344,17.928345155443445,5.323570057277174,Low,5,0.052277045807065714,8.492419468066883,Low
PRV54840,0.2367304,0.0,12.529789603698072,3.2508125992983126,Low,2,0.0954753143980629,8.092685571513936,Low
PRV54841,0.6123588,3.1877796773996665,21.54194036427072,6.488609414676324,Low,3,0.15525380464471772,11.952100457557236,Low
PRV54842,11.953246,1.6107217669160332,16.723125979254032,10.560084994861608,Low,16,0.16617299564041987,15.43719393626131,Low
PRV54845,92.923515,8.511941946943297,13.096725476217658,51.86392451570235,Medium,8,0.1958612110875284,44.91290554724474,Medium
PRV54846,0.528053,9.710186728010518,12.718369070289112,5.871165442408999,Low,11,0.20774739595474678,13.10991225766195,Low
PRV54847,12.22059,1.4210468818454252,16.465963956696935,10.582047528513764,Low,30,0.1643912250207904,15.781726778295889,Low
PRV54848,56.482548,0.013872846660840875,25.427818499228284,34.601696716477164,Medium,24,0.19005674236629788,33.10680745887404,Low
PRV54849,0.12461257,0.0,4.810078029107488,1.264825792181352,Low,1,0.005310457985637007,4.313458087682017,Low
PRV54852,4.2523437,1.427571210028357,22.443824522866684,8.094020760540044,Low,20,0.09354703658371233,11.915634622934594,Low
PRV54854,0.97296435,1.9091428883100627,20.075668746607306,5.982685081933765,Low,14,0.1130165403485699,10.786699147868116,Low
PRV54855,2.7705874,0.004465672319487348,14.8167907278645,5.090607822198707,Low,17,0.10584482009014418,10.054893101632324,Low
PRV54856,0.038156647,0.0,2.514162586492939,0.6476189702408123,Low,0,-0.11841271394193986,0.6131964254310835,Low
PRV54859,0.9001646,11.612594702257727,17.725692955124835,7.784654216439146,Low,2,0.04454350172895283,9.932033604033876,Low
PRV54860,0.16746512,6.23807247367249,27.403325895566823,8.494082152586813,Low,4,0.05072873502707831,10.644368755471405,Low
PRV54861,0.15069261,0.022459566201782487,11.029756691794972,2.838400370465566,Low,3,0.06193743030452814,6.952197755078332,Low
PRV54862,0.2377037,35.08120600756266,30.781558000127173,16.584542849869102,Low,1,0.038698260291299746,15.91197299237805,Low
PRV54863,0.04695965,0.0,6.3066503459717556,1.6001424113786649,Low,0,-0.0322700011823982,3.5367794687031218,Low
PRV54864,0.05283759,0.0,3.546028406102051,0.9129258973346625,Low,1,0.005270155567923984,4.066072295229506,Low
PRV54865,0.051551696,0.0,5.8899836793050895,1.4982717677828106,Low,0,-0.0633096273116866,2.6522759320882363,Low
PRV54866,0.022754874,0.0,2.5354064662323474,0.6452290535982966,Low,0,-0.023973524480994546,3.085696015551759,Low
PRV54867,0.03802008,6.326169298745055,10.056650345971756,4.114714952088255,Low,1,0.02071106931640998,6.711854626666918,Low
PRV54868,0.07513619,0.0,11.637445493310828,2.9469294693991888,Low,9,0.09533180579641565,8.064127122286056,Low
PRV54869,0.025746334,0.0,5.4753697446687974,1.3817156033392737,Low,0,-0.012858019393988063,3.8924470345133484,Low
PRV54870,0.097472936,0.0,5.4753697446687974,1.417578904124696,Low,0,-0.0806392077291328,2.141780552166557,Low
PRV54871,0.035636745,0.4613797615278467,12.224138105450571,3.1891978394412424,Low,1,0.031125396521575643,6.336833218079028,Low
PRV54873,0.039178383,0.0,5.9870690527252854,1.5163564544839785,Low,0,-0.050654648367812416,2.996477673825006,Low
PRV54875,34.464355,0.0,29.283667378700468,24.553094579050118,Low,20,0.18182223437587608,25.749671007192507,Low
PRV54876,22.728952,2.466038102274912,31.135895637473755,19.764959638855625,Low,3,0.16472363628822417,21.493641743500707,Low
PRV54877,0.15148355,0.0,9.743052552100421,2.5115049133589866,Low,9,0.1433968056038497,9.018564610334384,Low
PRV54878,0.3063806,0.0,9.718185604068033,2.582736700885592,Low,3,0.13896692736415783,8.791296522672397,Low
PRV54879,97.23831,8.545272842880092,15.782348910469576,54.70106132212648,Medium,72,0.21882275605398493,49.2185819586055,Medium
PRV54881,21.842413,0.0,21.64315789710319,16.331995948579998,Low,34,0.15907331939855773,19.774751654034787,Low
PRV54882,95.18849,3.128534365836676,11.73537850205021,51.31022412761625,Medium,47,0.2404397825453517,46.740190351343486,Medium
PRV54883,0.10469595,0.6325671869290964,22.51416258649294,5.839030420069882,Low,1,0.09070271238102978,9.752557019210489,Low
PRV54885,35.048214,2.320227716948443,10.881892212937403,20.824636961841577,Low,53,0.2269342747929427,25.20752805388281,Low
PRV54886,0.04807255,3.9197293986694297,10.567593754074554,3.6458670634088937,Low,2,0.09161792647858713,8.268165615638788,Low
PRV54887,0.8258099,0.0,8.179267033159721,2.45772170628607,Low,14,0.11502889307222541,8.37194556599641,Low
PRV54888,2.0481293,0.0,11.985022443203833,4.020320270873285,Low,39,0.12608056413441127,10.426443574228525,Low
PRV54889,4.817865,5.5237707459483865,11.629802995531561,6.697325882803458,Low,10,0.19696457657325583,13.378884386829556,Low
PRV54890,12.357397,0.7562299159185149,8.364799614298093,8.458955922288037,Low,11,0.22719099024943978,15.430760127746929,Low
PRV54891,3.21101,4.798421494543768,12.050291160706731,5.817683153436648,Low,7,0.2169558407561588,13.206340270325677,Low
PRV54892,0.0912742,0.0,8.947405643391084,2.2824885117827534,Low,4,0.09294013368613396,7.402131854173286,Low
PRV54893,0.052953772,0.0,4.704697426455712,1.2026512427373468,Low,1,0.05326938988602914,5.526391751943885,Low
PRV54894,99.785774,2.1044269538068714,20.120227600332992,55.44905075401348,Medium,144,0.21278686662571522,51.51692874311908,Medium
PRV54895,99.29448,1.79871177136714,20.48239033198825,55.217515210897446,Medium,322,0.23349318159303223,56.67585337388222,Medium
PRV54896,98.1659,0.0,14.777394112012656,52.77729912004418,Medium,63,0.20823474390396568,47.35294680994154,Medium
PRV54898,0.5510674,0.0,26.943372883667465,7.0113769268666495,Low,9,0.1450987217190841,12.213062802973038,Low
PRV54900,0.10004795,0.0,8.757789422571117,2.239471332356198,Low,1,0.004789467328099484,4.982060751092317,Low
PRV54901,1.4467244,0.0,12.076182154466611,3.7424077460293725,Low,9,0.20356016452698833,11.456391083185306,Low
PRV54902,0.5221223,0.0,8.614993879739409,2.4148096316913676,Low,2,0.12581824481410042,8.302425142855258,Low
PRV54903,4.2461796,0.5574126947106117,21.927340150643676,7.74427800168281,Low,7,0.13006562585028825,12.27855653585844,Low
PRV54904,1.0737199,0.0,5.954334709837354,2.0254436070209536,Low,3,0.03984455107542928,5.804325986804214,Low
PRV54905,3.6254086,0.0,11.213569045388832,4.616096586069498,Low,14,0.17816521819068898,11.536889960488116,Low
PRV54906,17.481026,0.7983775487736383,13.61477182295173,12.343800190831733,Low,8,0.18662952377032893,17.006961433677716,Low
PRV54907,0.7973853,0.0,12.608056351442185,3.5507067255425073,Low,19,0.0970691365979588,8.80074317505286,Low
PRV54908,0.10725357,0.0,8.140746714981782,2.0888134619376033,Low,13,0.0944726986340555,7.548321080845419,Low
PRV54909,6.9962444,0.0,12.543561688869362,6.634012637488336,Low,8,0.15476752930669413,12.175371178761308,Low
PRV54910,3.3670967,0.0,12.30806584860451,4.760564793411809,Low,20,0.16129046441654193,11.356996967352034,Low
PRV54911,0.18665361,0.0,6.837424998951719,1.8026830567600245,Low,7,0.08958359801277638,7.05886848461334,Low
PRV54914,12.4213505,0.4864672310832875,16.953513088084147,10.570670319354846,Low,41,0.21250935188250486,17.3296912758934,Low
PRV54916,7.6114483,4.022431901227939,11.296870352396956,7.635549707388158,Low,21,0.22191097201336074,14.984503180178509,Low
PRV54917,29.131767,0.0,14.493345923514259,18.189220117353173,Low,18,0.15899748876905562,20.643291716123414,Low
PRV54918,97.004684,0.8129026898585816,17.695770514501408,53.129510525211096,Medium,76,0.22461059559328622,48.377512120425166,Medium
PRV54919,1.6317242,0.0,8.958760075297223,3.055552138022151,Low,14,0.1600994044552594,9.971210205015554,Low
PRV54923,1.0537789,0.0,10.625245663881138,3.1832008593678065,Low,13,0.1489935627895994,9.74276140613479,Low
PRV54924,47.574585,3.9249448514427305,13.320704623722133,28.098704849259967,Low,34,0.2138058310391473,29.445361894879877,Low
PRV54925,97.11403,0.4157000459837734,18.669742009344965,53.32837497916422,Medium,43,0.21149363226716533,47.28716540270929,Medium
PRV54926,2.5369165,5.178956507346025,10.501424377862591,5.188553468486908,Low,9,0.2067106890311382,12.551232352884131,Low
PRV54927,0.17134984,0.0,7.938204492454479,2.070226042301642,Low,8,0.0682585128083989,6.714307290349296,Low
PRV54929,94.58292,2.036806424278812,19.176322975639128,52.594740479862296,Medium,16,0.20178662837050454,45.79447933348945,Medium
PRV54930,1.6044941,0.0,9.982040625261082,3.297757203739587,Low,25,0.1198935560679909,9.38271968368732,Low
PRV54931,94.12358,0.18408764824862517,14.967427293398389,50.84966920172035,Medium,25,0.1925228430093292,44.57184216775825,Medium
PRV54932,0.12237226,0.0,6.473833235486892,1.6796444399616488,Low,6,0.12479231223503162,7.868314083628169,Low
PRV54933,95.77153,0.2382065727792736,21.006443853583797,53.19692768227436,Medium,29,0.2070241347043945,46.7022188853333,Medium
PRV54934,41.922264,0.3708954709658848,17.17268562921387,25.347027324605488,Low,20,0.17554027604800182,26.14084554981658,Low
PRV54935,0.22371493,0.0,10.619612250659141,2.766760529064455,Low,10,0.15216091846570412,9.453696478931375,Low
PRV54936,99.14523,0.3245758004717772,19.577477673355187,54.54812994560518,Medium,136,0.19475419817457018,50.19908879405958,Medium
PRV54937,0.9107722,1.3694878080321804,8.952774203894158,3.035951605181139,Low,8,0.13250463858530726,9.073472362833005,Low
PRV54938,0.21184464,0.0,6.734512864918793,1.7895505352246972,Low,9,0.07603758512719361,6.748480710867871,Low
PRV54939,97.741875,0.0,9.591430652212447,51.26879501046522,Medium,129,0.1439445685764693,46.384494799689996,Medium
PRV54941,0.13483949,0.0,6.27768141905438,1.636840099791614,Low,2,0.05074626609442834,5.79106733239359,Low
PRV54942,97.68273,8.65152652578787,11.214923942880537,53.807978431376085,Medium,28,0.21797730661498926,47.39006630777545,Medium
PRV54943,0.38329333,1.628877328120799,10.264931647933057,3.1650989093481656,Low,4,0.18813988590715636,10.514057327519883,Low
PRV54944,0.5184209,0.0,7.063701217513286,2.025135741914561,Low,8,0.08597417985487643,7.146869376351787,Low
PRV54945,0.22042035,0.0,7.825625720812465,2.0666166030351283,Low,4,0.09749655073249708,7.370393168354764,Low
PRV54946,0.10107326,0.0,6.032693705842903,1.5587100552732773,Low,9,0.07402242448750662,6.534098030411232,Low
PRV54947,0.54264545,0.0,5.972952831842889,1.7645609351640914,Low,2,0.08978596569079433,6.903256557103429,Low
PRV54949,28.314358,2.217399561944175,11.074131346364883,17.480061605861444,Low,71,0.2278675396412253,23.373996993726266,Low
PRV54950,91.8067,0.0,13.019559322163216,49.15824066061893,Medium,5,0.19532031672807815,42.924219272522784,Medium
PRV54952,95.49213,1.8072511139790508,8.419045404518307,50.30263736204621,Medium,22,0.2538700815953765,45.71559342166509,Medium
PRV54953,0.4361469,0.0,8.968659227540003,2.4602382494633166,Low,9,0.10616727992992181,8.007317289517,Low
PRV54954,0.04453468,0.0,5.971046849587425,1.5150290521479806,Low,8,0.10386285051882715,7.258452438665966,Low
PRV54955,99.69195,1.4012029078441144,20.18247932370361,55.24189452639279,Medium,211,0.20496973345307845,52.965779323744385,Medium
PRV54959,1.283053,0.626619818902355,9.6715913504247,3.2160793125839917,Low,16,0.1562511803390474,10.036452500244518,Low
PRV54960,0.5826817,0.0,7.318868909478403,2.121058085113818,Low,16,0.09900465152093885,7.7701599539192765,Low
PRV54963,0.17375785,0.0,7.308847842655808,1.914090886225857,Low,8,0.1782331224481527,9.486191140123351,Low
PRV54965,11.508484,2.6166548807910526,8.973612442445864,8.651808774168604,Low,19,0.22951429243879884,15.841389439846381,Low
PRV54966,98.79496,0.0,16.409751905659693,53.499917987401254,Medium,168,0.1279236860115167,48.57353639756031,Medium
PRV54967,0.40077898,0.0,6.79929527628762,1.900213308603422,Low,6,0.065444223181505,6.4678767134874375,Low
PRV54968,0.8616615,9.595053703686961,15.672341445805655,6.747679534262268,Low,14,0.22018973324551327,14.129980586685832,Low
PRV54970,12.19669,0.0,12.9732597250575,9.341659734120821,Low,28,0.18506645509384478,15.401425688017675,Low
PRV54971,56.920387,6.307016878366019,19.820742995387917,34.99213360247168,Medium,69,0.2190251275929841,35.34709748877439,Low
PRV54972,0.22407435,0.0,8.271864919550223,2.1800034042912233,Low,3,0.0709263343133848,6.726816387317832,Low
PRV54973,2.1199946,0.0,8.735218030572073,3.243801827818189,Low,15,0.159679830189425,10.11883837605798,Low
PRV54975,0.24511851,0.0,8.488733804017606,2.2447427078560747,Low,10,0.10767578722833937,7.922836795062108,Low
PRV54976,0.07915655,0.0,7.47958950300816,1.9094756496444427,Low,8,0.10554960001978986,7.578755496360085,Low
PRV54977,3.8859823,5.419352766739924,13.291566714956577,6.620721007928703,Low,8,0.20520149460824466,13.487365244138587,Low
PRV54978,6.3204007,1.1903985656233205,17.29006013291345,7.780315032071327,Low,28,0.14189864015540854,13.17754900221058,Low
PRV54981,39.67233,0.0,25.47354253088077,26.204550107207496,Low,82,0.21468326169337237,29.43103161546567,Low
PRV54982,0.68213475,0.0,9.336340981527727,2.6751526191345256,Low,3,0.09789778093733648,7.780034403114593,Low
PRV54983,0.6474407,0.0,8.312474414820729,2.4018389396655704,Low,12,0.1301618339007662,8.675597894542063,Low
PRV54985,0.532194,0.0,8.058895402358107,2.280820859771503,Low,22,0.10801677402522769,8.279172521823028,Low
PRV54986,99.08307,8.561503568898969,14.153747192704676,55.220347114229035,Medium,192,0.22192951496259783,52.88495119072656,Medium
PRV54988,0.2509196,0.0,7.460976399307957,1.9907039049579478,Low,6,0.07102365140420253,6.677393219993,Low
PRV54990,0.48868012,7.279779784290767,11.46824714387839,4.931346794183708,Low,4,0.2036723101266863,12.15735828428667,Low
PRV54991,0.23353827,0.0,6.497608799012664,1.7411713347514874,Low,10,0.10500510594136059,7.500368780170173,Low
PRV54992,0.29438132,0.054902988981456666,8.155666264401605,2.1998329735840314,Low,2,0.07480982848523599,6.815593475697307,Low
PRV54993,52.714424,13.311442673881027,11.430581833485467,32.542718193492014,Medium,11,0.22122401672689596,32.13306749251782,Low
PRV54995,0.3923509,0.0,5.968185604068034,1.6882218570640666,Low,1,0.05018164138299297,5.785396559995908,Low
PRV54997,0.27726883,4.098942716642394,14.355800380658163,4.752320187805898,Low,7,0.1606504433627316,10.985464812927923,Low
PRV54998,98.36541,1.6527538478238397,21.018666595251005,54.85056003630582,Medium,63,0.18779628108570223,48.26877077590403,Medium
PRV54999,2.0509336,0.0,11.67475957323406,3.9441566930445378,Low,3,0.1598723133594261,10.291981916175821,Low
PRV55000,57.662846,3.225987636499341,10.696573213987124,32.31206301840775,Medium,140,0.23234003616976406,35.72592002781637,Low
PRV55001,0.14596574,0.0,7.20798857924633,1.8749800148539066,Low,12,0.07543772746604638,6.873102841251749,Low
PRV55002,0.40057707,0.0,8.24129380301676,2.2606119849186186,Low,11,0.1235499342452605,8.37667101555215,Low
PRV55003,3.3518617,1.0664205298805307,9.231663375629127,4.2504518340358,Low,12,0.2031991527404753,11.88310086186263,Low
PRV55004,99.42359,2.0033661914751293,21.278172784324806,55.532180550834745,Medium,226,0.19247160168826272,53.24423081672118,Medium
PRV55005,38.454735,0.0,14.518984669636357,22.857113568532135,Low,57,0.2176794531201076,26.495181055508787,Low
PRV55006,3.510527,0.9285513654318048,7.487108263022095,3.8591783548750103,Low,7,0.12321585567268367,9.379532540430532,Low
PRV55007,0.08893318,0.0,9.088594204322769,2.3166151397268657,Low,1,0.09732775101962476,7.4604329187352425,Low
PRV55010,35.65021,0.9783800136775234,17.964926233309384,22.560932228860985,Low,19,0.11052390665490586,22.460396878792988,Low
PRV55011,0.22362372,0.0,7.297785589145398,1.9362582586821855,Low,4,0.11535154155950678,7.746917708601815,Low
PRV55012,0.1517924,0.0,7.249094699743748,1.8881698784538508,Low,6,0.11822617882219755,7.842258527997235,Low
PRV55013,0.16505231,0.0,7.868361849328405,2.049616617148252,Low,9,0.09197749576445868,7.348129970555947,Low
PRV55016,0.9452344,0.14443527112772744,12.33545523410457,3.5925898352657466,Low,13,0.06518239174877993,7.833600133857696,Low
PRV55018,97.5173,0.0,23.934026288458167,54.74215830551298,Medium,63,0.18292388768864976,48.06523978277237,Medium
PRV55019,99.862114,2.254303918853291,22.658806480176903,56.159334576075906,Medium,161,0.20657414219658488,52.30773870796504,Medium
PRV55022,95.93503,0.46983494863046243,19.627843300633575,52.99193360040194,Medium,79,0.2038045703830369,47.8166568981583,Medium
PRV55023,97.12466,1.9492657105523736,22.384584930839367,54.64579099897098,Medium,35,0.21496813530565206,48.085618556990866,Medium
PRV55024,1.1442558,0.21192303646619268,8.702475467364655,2.800727504623636,Low,8,0.14069843492456924,9.123481310195316,Low
PRV55026,0.28801978,0.0,9.464875020263964,2.5102286432381407,Low,26,0.1037330231640824,8.434912336776268,Low
PRV55027,92.69808,1.9543663946296475,9.782344402797923,49.283218684464316,Medium,22,0.2039371975229649,43.69382975727526,Medium
PRV55028,23.388027,6.511280373923258,20.482092225990172,18.44235674555941,Low,28,0.21684341506095928,22.60442478065654,Low
PRV55029,4.9778275,0.7374364880877333,10.931201482584921,5.40607326715852,Low,42,0.21484586393384042,13.80253227165959,Low
PRV55030,98.76758,8.304113824867516,15.72510493860569,55.3910937533683,Medium,90,0.2320255903652746,50.53072162995726,Medium
PRV55031,0.8953668,3.392773904891421,10.273329613174933,3.864209273471819,Low,7,0.1721605886220614,10.665336618626004,Low
PRV55032,2.2570505,0.0,6.074836935031707,2.6472344908685224,Low,5,0.1065537071787086,8.04095595283097,Low
PRV55034,91.64465,0.16648996427983218,19.528553901626662,50.74608762663287,Medium,77,0.23521036102683535,47.01366051727844,Medium
PRV55035,0.036741734,0.0,7.892549323375205,1.9915081976193139,Low,1,0.09481750839275127,7.167093270394863,Low
PRV55036,0.15854806,0.0,6.799419363057744,1.7791288693040936,Low,6,0.07180669172607745,6.549805238486069,Low
PRV55037,7.759723,0.0,15.18067678060133,7.675030788396793,Low,73,0.193105538465429,15.653451675188286,Low
PRV55038,0.030968323,0.0,9.678329973190264,2.4350666549725424,Low,2,0.04076157002387548,6.088241075821477,Low
PRV55039,99.02654,4.480067664953657,24.55047986519444,56.77090821432413,Medium,196,0.20204680275093057,53.55682771167906,Medium
PRV55040,0.06817641,5.700139730644201,7.511127746530166,3.3369050748397324,Low,2,0.013815485191711052,6.013578847218644,Low
PRV55041,8.011568,10.780547265931721,10.904364244382656,9.427011912307599,Low,7,0.17134982202554616,14.538057533373731,Low
PRV55042,11.846633,1.1927839112228262,11.027495328680189,8.978386288705002,Low,16,0.21272313730434245,15.549552389027244,Low
PRV55043,0.24946707,0.0,7.784185212717001,2.070779840614782,Low,10,0.14475536357094376,8.772494984734957,Low
PRV55044,0.032341953,0.0,8.62314930963011,2.171958304091025,Low,2,0.03899159811949926,5.857694482077398,Low
PRV55045,0.12951499,0.0,6.906736302449085,1.7914415717308168,Low,8,0.16665099984900555,9.096901470247397,Low
PRV55048,97.93074,0.061681703006289064,26.469185639007005,55.59808701372598,Medium,82,0.2058534765564478,49.775179629746454,Medium
PRV55049,99.342766,0.921039914575638,20.764748947845305,55.09283011965797,Medium,83,0.20481465759564876,49.421129861245745,Medium
PRV55050,1.2848867,0.0,16.536904648169813,4.776669520940616,Low,21,0.09712558907150526,9.714087381566937,Low
PRV55051,0.76091486,0.0,28.995843714412885,7.629418359681178,Low,7,0.14711587254851488,12.64484701540858,Low
PRV55052,0.13995989,0.7729563369726443,16.901007036752958,4.488470786766457,Low,2,0.03939558821964251,7.4898371863585,Low
PRV55053,1.5716959,1.664522273313202,17.013540347402746,5.4553636170816056,Low,5,0.10136109197359422,9.870607203382779,Low
PRV55054,0.9696047,0.0,10.500058008109466,3.1098168375280837,Low,6,0.07697833989835623,7.616776647581624,Low
PRV55056,0.7353856,0.0,9.19188223664815,2.665663357538121,Low,9,0.11688996477073388,8.432033967201042,Low
PRV55057,11.775499,1.8959726479952292,19.378327001166156,11.206324584226381,Low,32,0.13442879812222652,15.487438995121575,Low
PRV55058,0.60267633,0.0,11.388707551980792,3.148515053993657,Low,23,0.11730240173015505,9.156674343009763,Low
PRV55059,3.7515447,0.46365165208325554,18.535737181612415,6.625619565410917,Low,17,0.1097487897362267,11.23167977766111,Low
PRV55061,0.24936505,0.0,9.717272589902787,2.5540006707858813,Low,8,0.12086250764392581,8.43109942575383,Low
PRV55062,0.19093087,0.0,9.574918006165625,2.489194938119203,Low,3,0.051624467125701456,6.437568975586148,Low
PRV55063,0.029321626,0.0,4.010621939869704,1.0173162978817976,Low,0,-0.051271874552863805,2.6309791154558733,Low
PRV55064,12.003501,0.0,28.607649574209987,13.15366286276026,Low,66,0.11621058038294274,17.286036057828227,Low
PRV55067,0.4361055,5.264493709907999,39.1702073132899,11.326728000664893,Low,1,0.15879440166136882,15.377850801953983,Low
PRV55068,0.031385783,0.3589087347198868,5.120381985189981,1.3855155715305114,Low,1,0.09225234806391047,6.675694877533901,Low
PRV55069,0.4083087,0.0,5.997306218242567,1.7034809118747516,Low,2,0.02250763777914766,5.097903976254155,Low
PRV55070,0.18733248,0.0,8.48358577522591,2.214562684379407,Low,1,0.08287331114099283,7.010310420137592,Low
PRV55071,0.09570732,0.0,11.817426619164362,3.0022103146295285,Low,8,0.09105233000266721,7.963861893243814,Low
PRV55072,0.72705036,0.0,8.835107367949918,2.572302023996223,Low,2,0.07814491810606539,7.163696418687882,Low
PRV55073,0.48637995,0.0,9.57136852636899,2.636032107211564,Low,2,0.01170176370798226,5.4675912713648485,Low
PRV55074,0.067085035,0.0,2.514162586492939,0.6620831641958761,Low,0,-0.10933784848060113,0.8610699376340092,Low
PRV55076,0.051896542,0.0,7.028325172985878,1.7830295644018268,Low,0,-0.047463259900640264,3.2667586924948226,Low
PRV55077,0.17861666,0.058866044322065034,8.933497624153857,2.3373992460455435,Low,0,-0.07398810735269085,2.95990416776449,Low
PRV55078,0.011180629,0.0,2.514162586492939,0.6341309611344444,Low,0,-0.11545388961534314,0.6812718108582887,Low
PRV55079,0.3308368,0.0,8.077412506864652,2.184771528076675,Low,4,0.10557728053434012,7.664805251064312,Low
PRV55080,0.036477625,1.6842266501674408,9.737069052725285,2.8735627384081943,Low,1,0.022380733148353982,5.8867908962940705,Low
PRV55081,0.4380063,0.0,8.082616051316736,2.239657168656706,Low,3,0.031661504487827785,5.739891290410911,Low
PRV55083,3.1941607,0.0,14.414373163965285,5.200673640913502,Low,16,0.12177842707096398,10.522531392651274,Low
PRV55085,0.094727956,0.0,11.013449935563298,2.80072646177011,Low,3,0.06066641855227828,6.892527317648101,Low
PRV55086,2.0939465,0.0,13.109362144080713,4.324313764474768,Low,7,0.09444012842264238,8.951244173873059,Low
PRV55087,3.329826,0.0,13.129122899471577,4.947193783148839,Low,20,0.09439619935419019,9.735102596381093,Low
PRV55088,3.6010947,0.0,7.899494258604914,3.77542092602513,Low,4,0.07072254068777428,7.865115186788614,Low
PRV55089,0.05013181,0.11113761416566882,2.514162586492939,0.681390954647851,Low,0,-0.07768219860160197,1.7039184236989542,Low
PRV55091,0.16363591,0.0,7.171849498914201,1.8747803295072216,Low,2,0.05866707546639505,6.165139440416756,Low
PRV55092,0.12409271,0.0,10.475369744668797,2.6808887926663942,Low,0,-0.004110683072686638,5.031036045544624,Low
PRV55093,0.118414916,0.0,9.21520340053522,2.363008308182864,Low,1,0.030823122789382262,5.750581404054552,Low
PRV55094,0.40484196,0.9955774235086675,8.095299535746394,2.4751402195520007,Low,6,0.07579335848309976,7.141458186204082,Low
PRV55095,0.11714575,0.0,5.5991381054505736,1.4583573998358108,Low,3,0.08374888905068989,6.55759689284732,Low
PRV55096,0.30811176,0.0,6.6206345138486125,1.809214506982165,Low,1,0.03169376912681876,5.385735439752837,Low
PRV55097,0.23729752,0.0,3.7854064662323474,1.0650003765788196,Low,0,-0.05120935754550415,2.665995827277426,Low
PRV55098,0.7740767,0.7970022910799459,16.8791396252949,4.806073829198997,Low,0,-0.011647970695922438,6.3211993485894,Low
PRV55099,0.35575137,0.39882446261254556,17.738041459753305,4.712092163303064,Low,9,0.11401816587193747,9.789297081948726,Low
PRV55103,0.2643307,0.0,8.790071735232178,2.329683276377396,Low,3,0.06841222386004164,6.765726177357128,Low
PRV55104,0.9665911,0.0,10.63305222211862,3.1415586154127726,Low,5,0.10711804682399118,8.40176773658843,Low
PRV55106,0.063545525,3.0548318109669723,6.599138105450572,2.4452652416413887,Low,1,0.03194698461218726,5.837604839820532,Low
PRV55108,1.266412,0.0,15.149812382139407,4.420659105399659,Low,20,0.08748144913024314,9.185371694440098,Low
PRV55110,2.1970763,1.2750463134957595,17.724861518933004,5.848515118431288,Low,3,0.08075071333120021,9.5521593535012,Low
PRV55111,0.20792454,0.0,11.404403238837022,2.95506308211488,Low,4,0.06751606861987447,7.2068596854242815,Low
PRV55112,0.09238929,0.0,7.858022395487291,2.0107002453793243,Low,2,0.08615237815505461,6.98035924545446,Low
PRV55114,0.13875815,0.0,8.16189859588071,2.109853725331834,Low,2,0.061628828501371635,6.407284537292451,Low
PRV55116,1.7810352,0.888189812647239,22.513513975263166,6.740943539407716,Low,28,0.11780129362557945,11.818672729274098,Low
PRV55117,0.06334438,0.0,5.6462438797394086,1.4432331608096671,Low,0,-0.013107980346570347,3.928960703069521,Low
PRV55118,0.1728379,0.0,14.686140223094457,3.757954004841207,Low,2,0.09921301684765338,8.545607046951687,Low
PRV55120,0.24316634,0.0,23.549676208802985,6.009002223389578,Low,8,0.16958767975100164,12.126130765760859,Low
PRV55121,18.667986,0.0,23.74456089237783,15.270133181163306,Low,19,0.20122403074683526,19.733051879065577,Low
PRV55122,0.09489667,0.0,15.003540646623234,3.7983334950086127,Low,1,0.02848191162217606,6.693972629956175,Low
PRV55123,0.035849385,0.0,2.514162586492939,0.6464653391049909,Low,0,-0.09830007548914982,1.1393114237950572,Low
PRV55124,6.0666623,2.460750442715276,33.97856559975182,12.143160166393752,Low,9,0.19139079549850258,17.018097605950985,Low
PRV55126,0.1521368,0.0,32.09749591982627,8.100442381293238,Low,2,0.11521959011396188,12.004698378939025,Low
PRV55128,5.3230124,0.8858756686545051,29.216235719391953,10.187034023006488,Low,8,0.15626124618485748,14.701619407722156,Low
PRV55129,0.1238831,0.0,12.786629394335863,3.258598897765904,Low,1,0.10690805664928749,8.370811939794494,Low
PRV55130,0.096563816,0.0,36.41367341525154,9.151700261848163,Low,3,0.1434358595194204,13.50665068585172,Low
PRV55131,0.91360044,3.672268967634001,22.097495919826272,6.899241444261919,Low,2,0.15556012821156062,12.220722482738415,Low
PRV55132,1.5277898,0.025972843957193313,26.68247143878391,7.441005986266026,Low,10,0.1741570409733718,13.301935444260023,Low
PRV55133,24.90816,4.106512079163274,28.3404146265798,20.56581130442649,Low,2,0.1655480648625921,22.048991128654883,Low
PRV55134,0.14614773,0.053925715508024566,30.836873979956568,7.795773787849303,Low,1,0.09959467860244353,11.355234252970131,Low
PRV55135,0.103087336,0.0,24.73107383878031,6.234312127607561,Low,3,0.16587960568942828,12.052473240889697,Low
PRV55136,24.892368,0.5601933350075511,28.449302155410784,19.69855803092978,Low,8,0.18837713975348414,22.201076976513193,Low
PRV55137,0.4123508,2.369539633046185,21.680829253159605,6.2187676233582785,Low,2,0.1280504905588673,11.023677402709701,Low
PRV55138,0.1549959,0.0,28.11220590152731,7.10554942706821,Low,3,0.11460258500469822,11.318954291689202,Low
PRV55140,0.40299985,0.0,23.795224735519316,6.1503061079435115,Low,9,0.17824871331008274,12.478795891331938,Low
PRV55141,0.023723029,0.0,8.785406466232347,2.2082131308581947,Low,0,-0.060340525221147634,3.2270211408495495,Low
PRV55143,0.25550336,0.0,25.014162586492937,6.3812923248516125,Low,1,0.09331558655662753,10.20059394212297,Low
PRV55144,1.2820297,2.803782744575457,26.702073132899013,8.017478843350094,Low,2,0.15361014479455726,12.952401868203491,Low
PRV55145,17.31583,0.0,26.39162586492939,15.255821581588794,Low,14,0.17870459637401093,18.99882839910397,Low
PRV55146,0.1500832,0.0,30.847495919826272,7.786915579528273,Low,1,0.07662468219401186,10.747252249883461,Low
PRV55147,91.22713,2.28269101074033,25.5909620217879,52.581976795729716,Medium,6,0.17574267403290655,44.8347737929531,Medium
PRV55148,0.10926688,0.0,30.836873979956568,7.763851933576331,Low,1,0.07475862715122061,10.682219707932362,Low
PRV55149,2.0071323,0.0,24.65573744925073,7.167500508209594,Low,16,0.1803794095280663,13.434572647029785,Low
PRV55150,0.06901149,0.0,17.663673415251534,4.450424097346256,Low,4,0.10656919250922903,9.276748733430892,Low
PRV55151,0.1425095,0.0,10.014162586492938,2.5747953991995858,Low,1,0.0902497382770715,7.455725226916942,Low
PRV55152,2.3494263,0.0,21.962695072768717,6.665386902957804,Low,10,0.13641778257483916,11.77028715698302,Low
PRV55154,0.030207928,4.06180703114622,5.014162586492939,2.2840963685448408,Low,0,-0.08937982542179057,2.5193510172792397,Low
PRV55155,1.034355,0.0,22.125553202617905,6.048565822836941,Low,9,0.18925609143914657,12.695955353289502,Low
PRV55156,0.05202368,0.0,30.847495919826272,7.737885819465578,Low,1,0.09271074194972762,11.134363319354026,Low
PRV55157,0.23808844,0.0,27.278872568193975,6.93876236398615,Low,3,0.07866614680028394,10.260719745199523,Low
PRV55158,43.01821,0.20364772631479255,14.517817539461383,25.18947199881709,Low,79,0.2253721516632523,28.91997375128865,Low
PRV55160,2.6724777,0.3430717792429151,29.273267106381258,8.740323582490028,Low,10,0.19019789773945805,14.631705409052714,Low
PRV55161,0.08727933,0.922062594615278,26.673747959913136,6.942592302238985,Low,2,0.1643050720963355,12.480173183388171,Low
PRV55163,88.95764,0.0,13.320740028205257,47.80900580783256,Medium,52,0.20323368982318368,43.4488189693534,Medium
PRV55164,7.8146443,4.10512634081007,14.122192527200603,8.464151885352887,Low,22,0.21405266050377114,15.385493750277774,Low
PRV55165,96.75972,2.514938250425646,10.212302619083893,51.56167014169379,Medium,39,0.22357906344805645,46.25971058533275,Medium
PRV55166,0.23500523,0.0,6.548303291629173,1.7545784377630596,Low,9,0.09812037680405161,7.30253799697695,Low
PRV55167,0.22389777,0.0,10.070539491949136,2.629583758010878,Low,15,0.09299812720268064,7.941919887659637,Low
PRV55168,2.6035373,0.0,13.634735227059258,4.710452467310164,Low,17,0.11351841703002752,9.989821686089916,Low
PRV55169,18.651133,3.07837509138489,12.533359430445042,13.228499922266565,Low,125,0.2363831170658528,22.070664269562364,Low
PRV55171,96.279076,8.581022776723163,22.96122752042655,56.025100385566724,Medium,53,0.19101071780734047,48.906706317782195,Medium
PRV55172,98.30811,1.4289531178609534,20.07128405271133,54.52911584171533,Medium,57,0.21754748130537793,48.66212517277059,Medium
PRV55173,0.09725194,0.0,6.664090761947154,1.7146486588834522,Low,2,0.09426700403725785,6.985714799214711,Low
PRV55175,16.789637,0.4571604048022611,10.809391764851105,11.21145634838258,Low,35,0.2179629408971413,17.760043951378492,Low
PRV55176,0.2514992,0.0,6.275601598660313,1.6946500025789348,Low,1,0.12489090456542651,7.747172768461936,Low
PRV55177,2.4034133,0.0,9.626328268308313,3.608288714950003,Low,31,0.14858677863875724,10.512887214987138,Low
PRV55178,0.42045513,0.0,7.99566588394727,2.209144034964059,Low,4,0.10534341223512877,7.675738988857239,Low
PRV55179,20.593376,7.108169875637636,14.546084753212579,15.710251737046537,Low,22,0.19681028096754682,20.006037810246482,Low
PRV55180,4.7149634,0.5034061133354938,9.587114436432186,4.880111855505275,Low,22,0.1813436017086114,12.019734880305998,Low
PRV55181,56.181465,1.1801381893516543,13.991932303205632,31.88375019760221,Medium,52,0.22913175257431462,32.97963247579582,Low
PRV55182,0.3095253,0.0,11.787277983166495,3.101582151288221,Low,6,0.05617948003906614,7.066111801572174,Low
PRV55183,58.113575,6.87136766056909,14.61346161339586,34.427994809335964,Medium,26,0.23036075070694673,34.094815131054155,Low
PRV55184,0.7204855,0.0,11.385461414239776,3.2066081077809065,Low,9,0.11789683727231082,8.837073920783794,Low
PRV55185,22.451,4.449211788455362,20.670427529770848,17.505409936368075,Low,26,0.21038368645153716,21.725635031089183,Low
PRV55187,0.31649166,0.0,11.390119715666732,3.0057757606446645,Low,11,0.1333540612714551,9.155139851450615,Low
PRV55188,3.4162228,0.5327437882296704,14.195733144867468,5.390230638646904,Low,15,0.19892931536212022,12.649619267506138,Low
PRV55189,10.980105,0.04148735083436313,16.21158263653271,9.553320196884492,Low,39,0.2067225636328478,16.412249287965924,Low
PRV55191,0.076142885,0.0,6.676457339452314,1.7071857772585273,Low,5,0.12878783522070358,7.9654244052993,Low
PRV55192,8.852302,0.5190054372961255,9.6913442472416,6.978738219932039,Low,33,0.216976016818478,14.717593978208969,Low
PRV55193,98.931274,4.540846911053222,24.686044192432796,56.772359982902756,Medium,33,0.20758621246947362,49.327129684638855,Medium
PRV55194,99.51822,0.0,17.648134366862447,54.171143088785925,Medium,190,0.20829464599495107,51.7396029108565,Medium
PRV55195,96.5255,10.408977496506196,13.363023146603869,54.205748879039234,Medium,19,0.2169524863567125,47.40004604875651,Medium
PRV55196,5.664497,0.5742149489381718,11.017551554080422,5.73019007508021,Low,16,0.23086928771471626,13.751218388025496,Low
PRV55197,0.1762759,0.0,15.307416641238975,3.9149921073326586,Low,9,0.10150446082523934,8.903485757028406,Low
PRV55198,0.7286094,0.0,10.047661368193133,2.876220033601399,Low,8,0.11069377211935505,8.390246562417017,Low
PRV55200,0.4101037,0.0,12.723568543160063,3.385943990042831,Low,9,0.09019015015372023,8.23673321704274,Low
PRV55202,0.18480925,0.0,9.23638748905815,2.401501498574409,Low,4,0.1070264671610206,7.854482860215542,Low
PRV55203,0.6922089,5.1744151296987955,11.059445602179691,4.404569626042894,Low,5,0.16660007531230825,10.844220045034815,Low
PRV55205,43.500633,7.102088669954052,11.417497875612028,26.380213256264568,Low,50,0.24941316764322707,29.60480958930077,Low
PRV55206,0.119701505,0.0,8.084186433960603,2.080897360843819,Low,10,0.10638678593864137,7.7743750504985885,Low
PRV55207,0.19231471,0.0,8.314922651207528,2.174888019898554,Low,15,0.09631913692004446,7.710638605224867,Low
PRV55208,0.81547064,3.4831755924026617,9.582912306989579,3.6742572927935404,Low,11,0.18198840046623654,10.897227483943444,Low
PRV55209,99.80048,0.04065795888410809,16.431807337298476,54.018358175852285,Medium,305,0.24207521419049616,55.60490466631831,Medium
PRV55210,3.415333,2.3657175177610212,18.32346531556166,6.879962224634687,Low,20,0.0964264792309617,11.141230952433567,Low
PRV55211,0.07381833,0.0,4.866225408999664,1.2534655189734059,Low,1,0.10720408404961157,6.9749740717666695,Low
PRV55213,1.529068,1.2518004992740646,10.56791567152631,3.719463039282125,Low,6,0.23741521461315607,12.246747067746988,Low
PRV55214,0.26717097,0.0,8.734635111201046,2.317244260636031,Low,12,0.13087837570154137,8.63515399593769,Low
PRV55215,99.15229,0.07671485476288725,12.76541331099717,52.78667721355915,Medium,407,0.2433168224693275,57.51351139840295,Medium
PRV55216,0.5304121,0.5412278629494207,15.48123521195366,4.270821807677644,Low,10,0.202990138177075,11.838192683768032,Low
PRV55218,0.17488036,0.0,9.534628054192908,2.471097191346498,Low,12,0.10464836163284341,8.055661961133481,Low
PRV55219,0.1526808,0.0,7.661575207238985,1.991734201492268,Low,8,0.08891502776619475,7.200534333328512,Low
PRV55220,0.27839974,0.0,9.664966327205876,2.5554414496460507,Low,9,0.11014831166617822,8.178256902654718,Low
PRV55224,0.041905925,0.0,6.446679621181599,1.6326228676343242,Low,2,0.10898584827781266,7.313909543663292,Low
PRV55225,96.689445,9.197209072186952,9.962406575740301,53.134626659784544,Medium,14,0.2157860579077221,46.4854735399102,Medium
PRV55226,0.35761237,0.0,8.633001524278596,2.337056566792,Low,24,0.11149658992734379,8.463395022468735,Low
PRV55227,0.13393468,0.0,9.431274865685817,2.4247860547450473,Low,4,0.06849297129156773,6.861259227733174,Low
PRV55229,29.492191,1.3448711601672891,10.247775377330502,17.64425729172308,Low,31,0.23606016554054732,22.629743624363456,Low
PRV55230,99.642136,0.04457318819440837,16.49059311510332,53.954859385883026,Medium,244,0.216024956696229,53.24039190117209,Medium
PRV55231,0.14646971,0.0,10.312274280479276,2.6513034262485116,Low,13,0.11356397589608058,8.44222838454622,Low
PRV55232,20.5452,0.0,15.27945751644355,14.092464553061083,Low,38,0.22776090390668913,20.1139793118205,Low
PRV55233,3.6133382,0.6376614764520033,13.209753648561753,5.268522897273642,Low,16,0.13267406440749996,10.855476083695224,Low
PRV55234,6.1824403,0.0,9.21845340071736,5.395833490636493,Low,25,0.14898578030602938,11.613548009021759,Low
PRV55235,1.2090887,0.0,12.679779975817299,3.774489335518503,Low,18,0.11078748275346939,9.289946535015146,Low
PRV55236,52.13605,2.42866800962372,21.509712808152223,32.05262079343324,Medium,24,0.2015467849202912,31.623477096168603,Low
PRV55237,2.0612116,1.5628027405993026,10.830680926025481,4.128976709655463,Low,20,0.1983483456862789,11.885749125391731,Low
PRV55238,0.1420002,0.0,7.016029363629114,1.8250074400894074,Low,14,0.13075568813531535,8.341065256870941,Low
PRV55239,0.17645058,0.0,7.247942670203265,1.900210957730069,Low,16,0.09800488372667904,7.589374469571209,Low
PRV55240,5.6037707,0.2201464745140014,10.277384889580249,5.426268207463382,Low,21,0.22138520738138612,13.424231844174358,Low
PRV55242,34.35263,0.47786647995265796,14.012417940985285,20.798886412851672,Low,10,0.16944869171348442,22.529099684521228,Low
PRV55243,0.16253136,0.0,8.993751317323593,2.3297035098228225,Low,30,0.11081196418663408,8.60138548678686,Low
PRV55244,0.52902293,0.0,8.35930583093918,2.354337923761101,Low,4,0.08559096127600008,7.2598885712338745,Low
PRV55246,0.4367088,0.0,7.965435040817301,2.209713164176951,Low,16,0.1165727021000933,8.292476463909225,Low
PRV55247,13.217081,0.9979641716155282,15.418767594806065,10.712723476578542,Low,41,0.15616356251834984,15.952948892272227,Low
PRV55248,0.52015156,0.0,11.768477189306314,3.202195075095667,Low,17,0.09588645673587703,8.472109213199843,Low
PRV55250,97.61575,7.045874898379929,20.352272593980416,55.65741346000415,Medium,45,0.2232614692372772,49.27948421674672,Medium
PRV55252,0.07520521,0.0,9.491064082331837,2.4103686240184756,Low,4,0.09092190951263213,7.438773328016081,Low
PRV55254,0.10635646,0.0,8.643832145410261,2.214136264790466,Low,1,0.06945225232037111,6.6583992614840515,Low
PRV55255,0.17007507,0.0,7.108117859695977,1.8620670018431111,Low,1,0.0073058331526995035,4.783802927675415,Low
PRV55256,0.6011885,2.4136157754776693,10.777449993651993,3.598360682709433,Low,5,0.15228679586844207,9.904886207597999,Low
PRV55257,0.545012,0.5408356600306016,18.08498233803586,4.928960498128066,Low,14,0.12561988098247567,10.379281549925546,Low
PRV55258,1.4286486,0.0,10.178767750855847,3.2590162332347443,Low,4,0.1346110180739165,9.177419200812524,Low
PRV55259,0.31897208,0.0,6.712896547441128,1.8377101773332662,Low,5,0.08771480123741615,6.980736374565766,Low
PRV55260,0.35169286,0.1697547808906976,13.044455224020538,3.4793989289068707,Low,6,0.0949188711843344,8.345500531282056,Low
PRV55261,0.15956448,0.7675776367118008,15.18317814830038,4.0674711863457995,Low,0,-0.016577074336631747,5.675041989237373,Low
PRV55262,34.11363,0.915037861867609,18.762336719700738,21.976157839117672,Low,51,0.2245470304499647,25.89735898415639,Low
PRV55263,0.8591044,0.0,11.40653709702047,3.2811864717114774,Low,33,0.1182891759113679,9.543852792237383,Low
PRV55264,5.3132825,0.23077717353075003,14.51291579003563,6.342564485779901,Low,52,0.14211082389615926,12.820977834238146,Low
PRV55265,1.6971931,3.0677439947284024,19.325815381892436,6.446986417031186,Low,19,0.09443586898347134,10.759151090417177,Low
PRV55266,94.46853,0.17546134075529432,14.383624494040065,50.87403583247814,Medium,9,0.1164234823593594,42.16567352352058,Medium
PRV55267,0.6090495,0.5274290085261001,12.805270477301644,3.637699620974377,Low,18,0.12205118569422813,9.489286742102939,Low
PRV55268,1.1292475,3.368717082855864,17.01359102496662,5.660200800053612,Low,4,0.10113367816849406,9.981189675422602,Low
PRV55269,0.8982308,0.0,12.295522351534348,3.5229959834295466,Low,16,0.121572728974918,9.342768034667191,Low
PRV55270,0.82362807,0.6376614764520033,14.513923050123037,4.199710165628898,Low,25,0.16438622419469084,11.179731421821186,Low
PRV55271,0.20365451,0.9397760316410273,9.405916589109646,2.68825041156918,Low,2,0.03479180640704482,6.109070383862639,Low
PRV55272,0.9638972,0.0,9.700081910935017,2.9069690918542377,Low,20,0.1132502311571374,8.800894147341454,Low
PRV55273,0.22617283,0.5174680745825638,13.633444420580746,3.650814541108218,Low,0,-0.002027907561339415,5.764549827476957,Low
PRV55274,0.47712854,0.0,15.400625209147043,4.088720570041316,Low,8,0.07665805753382593,8.347309592794588,Low
PRV55275,0.87660885,0.15192332993214056,16.492429385643483,4.599392603179795,Low,7,0.049546225975567126,7.967642927259893,Low
PRV55276,0.49939162,0.600837928625643,18.216896762492212,4.954129480474853,Low,4,0.09026430873373137,9.202177721815929,Low
PRV55277,0.08611398,0.0,5.853638743362032,1.5064666767918076,Low,1,0.09343983771215536,6.791471192150286,Low
PRV55278,0.39430764,0.08546064908660887,12.7537342837185,3.40695255478884,Low,3,0.0834756290057681,7.914454476538444,Low
PRV55279,0.63934296,0.029358224877221135,16.590846057104418,4.474722552343173,Low,9,0.150315571563289,10.574078791701973,Low
PRV55281,3.6294441,0.9242658930593528,22.700308488820077,7.720865656627084,Low,20,0.12396630101581096,12.451367541584368,Low
PRV55283,0.1398828,0.0,12.115899939912342,3.098916386459714,Low,4,0.08385437299294951,7.7355973504244675,Low
PRV55285,0.044093695,0.0,3.613916330907388,0.925525929995786,Low,0,-0.010075298423364631,3.6460175973543727,Low
PRV55286,0.18004161,0.774445986021232,11.479577213072742,3.153526605370799,Low,0,-0.06809691756857639,3.6855341181332086,Low
PRV55289,0.20431788,0.1483135370344614,10.33015205029934,2.721775338161976,Low,1,0.0037454613696652483,5.292322082953915,Low
PRV55291,0.1353392,1.946098731764405,18.03704865185665,5.063456446153601,Low,1,0.031178567439783422,7.650207245259695,Low
PRV55292,0.047127523,0.0,6.723317012638422,1.7043930144236912,Low,0,-0.07901467179660115,2.385110961757446,Low
PRV55293,1.1748646,0.0,14.010109389120434,4.08995967216643,Low,3,0.12216199351262713,9.406087221523217,Low
PRV55295,0.51384676,0.0,12.145223241558288,3.2932291879034574,Low,6,0.07168813462179102,7.606569433885669,Low
PRV55296,0.2534752,0.0,10.019421910905617,2.6315930723308965,Low,1,0.09057165157730585,7.503917269020243,Low
PRV55297,1.0782665,1.5105021997562034,19.25135668795021,5.729597972639952,Low,9,0.11941715747408399,10.642997054548939,Low
PRV55298,0.89859253,1.40848338966797,19.896614893361757,5.7755708365979626,Low,4,0.06727330992258329,9.174855180740963,Low
PRV55299,0.21038623,0.0,9.154701859702325,2.393868580696398,Low,2,0.04307443437598679,6.1199961824401266,Low
PRV55300,0.27511102,0.1731143296220202,15.305875032327643,4.007302850293095,Low,2,0.014696521989059352,6.505939201855875,Low
PRV55302,0.02204804,0.11113761416566882,7.5141625864929384,1.917349069845569,Low,0,-0.11349510780276112,1.6308417863111928,Low
PRV55304,0.8294673,0.07854794241471542,19.324894086589133,5.265594155551133,Low,20,0.1356532879750172,11.03885993774415,Low
PRV55305,0.030087814,8.084380000645329,8.347495919826272,4.123012886985404,Low,1,0.03767170782791607,7.162007802919636,Low
PRV55306,0.89444023,1.2628926519089172,19.08220055166512,5.5334934177472235,Low,6,0.08696850481327545,9.575078374882985,Low
PRV55307,0.76485014,0.0,13.209160031621895,3.6847150777144337,Low,11,0.0906795731464568,8.512386440343976,Low
PRV55309,1.4377126,0.3854658056810219,13.599549735728065,4.215110160433906,Low,6,0.08491625513009826,8.598444070050467,Low
PRV55312,0.19329984,0.0,11.648804903670763,3.008851148348206,Low,8,0.07598391626303513,7.573739454512271,Low
PRV55313,1.8707703,0.0,19.692201465557154,5.858435533988013,Low,18,0.1323700847344953,11.314142369194958,Low
PRV55314,0.20783837,0.09689842624945755,17.793150077753754,4.576431311698835,Low,12,0.07047781045899137,8.634175973287046,Low
PRV55316,1.4553,0.0,14.158330972902252,4.26723272996949,Low,5,0.07490954983964737,8.34592277566442,Low
PRV55318,1.0392752,0.0,13.916069172513149,3.9986548778145665,Low,4,0.1599123816459579,10.3580260152544,Low
PRV55319,0.06789086,0.6614705497478818,19.217701025959837,5.003738323997092,Low,1,0.07686839239396881,8.805413031850524,Low
PRV55320,0.3643658,0.0,12.233149629643734,3.2404703005679387,Low,2,0.02641111691551179,6.276062153462194,Low
PRV55322,0.17950559,0.0,10.518575870035628,2.7193967608209797,Low,2,0.10177605549578816,7.885764945717504,Low
PRV55323,1.8333327,0.0,14.244788739544791,4.477863513793211,Low,14,0.1248467401046296,10.043258468803261,Low
PRV55324,0.66340196,0.0,7.611617704581934,2.2346054068087833,Low,2,0.07959819019843839,6.965382449853719,Low
PRV55325,0.2577332,2.2598980240829136,21.075934656688048,5.962824768202804,Low,5,0.04915465659507867,8.858095606400553,Low
PRV55326,1.3293933,1.8902916711585973,21.427956736437753,6.494258735714853,Low,4,0.12153027000415118,11.099391945575595,Low
PRV55329,0.04801478,0.0,12.514162586492938,3.152548035945158,Low,0,-0.0914602493586707,3.0727630343450096,Low
PRV55330,0.13673948,0.0,6.910406466232348,1.7959713553156973,Low,0,-0.016445069059710493,4.08845045814459,Low
PRV55331,0.23967321,0.0,11.804729044580526,3.071018867230432,Low,2,0.023117304888376156,6.071152956708346,Low
PRV55333,0.89426273,0.9773469468847094,18.07983538434255,5.211426948344458,Low,5,0.07192159281344146,8.928578501403534,Low
PRV55335,0.61078763,0.5174680745825638,14.461105153832666,4.050037122144396,Low,3,0.0092566242533485,6.420181241114252,Low
PRV55337,0.13391478,0.0,7.823311617367377,2.0227852961403405,Low,2,0.047133352481785185,5.966575768438106,Low
PRV55338,0.91890264,0.0,10.204326898086476,3.0105330423087895,Low,5,0.038824898663477825,6.520866422773723,Low
PRV55339,0.20369561,0.0,9.582616051316736,2.497501817911982,Low,2,0.042766584839321165,6.184474228195479,Low
PRV55340,0.23533615,0.0,14.050700378136638,3.630343171883822,Low,13,0.08976777964233962,8.50412968760947,Low
PRV55341,0.036104165,0.0,7.968904451676677,2.0102781954279716,Low,1,0.01611808179900498,5.1184191523384195,Low
PRV55342,0.11897139,0.0,9.698002513297094,2.4839863245804343,Low,4,0.05436118999399775,6.5324668329732685,Low
PRV55343,0.18233652,0.0,11.384672922021686,2.9373364925698784,Low,10,0.07456746242541001,7.540261393380575,Low
PRV55344,0.26660544,5.743583394698209,28.14747588024811,8.606067537137534,Low,2,0.005414456916167931,9.481897570895205,Low
PRV55345,0.46571434,0.9032531731766053,9.104628757180047,2.7348276503099576,Low,3,0.048076029626004546,6.516547855235493,Low
PRV55348,0.39861003,1.0248989656159404,16.13870085727003,4.490204968543644,Low,0,-0.04464722153614248,5.23555767793905,Low
PRV55350,1.2337105,0.03537283163780284,14.140571914243113,4.160841450180251,Low,2,0.06700432823400415,7.983806397159877,Low
PRV55351,0.19938585,0.4613797615278467,17.09913810545057,4.489822392555419,Low,1,0.008532607668806369,6.655371449807545,Low
PRV55352,0.6374779,0.34146504938050815,15.02370921886966,4.160032504440472,Low,5,0.09301788620039775,8.745295291976962,Low
PRV55353,0.15164736,0.0,6.11956089237783,1.605713902660841,Low,1,0.00884868025595753,4.644776159411701,Low
PRV55354,0.8451555,0.13815092179348007,17.594237112246557,4.855674747271911,Low,17,0.08844003422235591,9.434459297917641,Low
PRV55355,0.20914245,0.0,7.5141625864929384,1.9831118698822068,Low,0,-0.08933277377642918,2.3098945544465277,Low
PRV55356,0.049866445,0.0,6.7611925647170255,1.7152313638605403,Low,2,0.06365272342755612,6.18407205464486,Low
PRV55357,1.1751387,0.0,19.34368844265367,5.423491466628078,Low,17,0.0951317511093499,10.007244472566068,Low
PRV55358,0.7928871,0.0,10.552392177620387,3.0345415902234256,Low,4,0.11155933841526133,8.416365708388117,Low
PRV55359,3.895583,1.3707073881592624,18.28885024864202,6.862680866376529,Low,14,0.11847035236426684,11.54557831995791,Low
PRV55360,0.049424008,0.0,5.207005838794062,1.326463463466006,Low,2,0.08154834228670282,6.380774302357717,Low
PRV55361,0.14056239,0.0,15.269817404098148,3.887735543684869,Low,8,0.11620005076173279,9.242564093500366,Low
PRV55362,0.52489454,0.0,14.151299763132515,3.800272208553896,Low,14,0.08223645854402806,8.452615742806803,Low
PRV55363,0.52772427,0.7630509087177187,20.10036183124201,5.479715318016056,Low,10,0.08111479778290998,9.491457451437428,Low
PRV55364,0.050349463,0.0,2.5035406466232346,0.6510598930444967,Low,0,-0.11426292015987699,0.7243237701319409,Low
PRV55365,0.49680594,1.0248989656159404,9.784483007786534,2.9507484613996677,Low,0,-0.08826957047990608,3.015094583682793,Low
PRV55366,0.9734992,0.9729345675775827,22.3982656463116,6.329549642915502,Low,6,0.05517092439530369,9.299266321365558,Low
PRV55368,0.15797159,0.0,9.349597204933218,2.4163850966119895,Low,7,0.10364297284608015,7.856795549706284,Low
PRV55371,0.08708282,0.0,3.389983679305089,0.8910373289015324,Low,0,-0.04116385851602217,2.8073994902031245,Low
PRV55372,0.17144302,2.2056058694195664,21.408559549340715,5.989262862358566,Low,0,-0.034722986732307226,6.544899049557497,Low
PRV55374,97.50955,0.14585023274198644,28.322133267493093,55.87177187603533,Medium,33,0.18959251126077514,48.22530861369472,Medium
PRV55375,90.49648,0.0,28.474959198262724,52.36698122412623,Medium,14,0.20068238578700348,45.55242699314516,Medium
PRV55376,0.19902515,0.0,9.393742576554837,2.447948221195594,Low,7,0.0929348369503259,7.598351796564349,Low
PRV55377,0.017030057,3.6821933568722964,10.660406466232347,3.594164984059161,Low,1,0.08107979836755197,7.929044544476964,Low
PRV55378,34.301834,0.18879528697341513,26.320716588338893,23.778295022050735,Low,14,0.1705387400525037,24.750625978427102,Low
PRV55379,0.69877195,0.0,30.286227559044494,7.9209428665525055,Low,4,0.12849629445786614,12.28057077661929,Low
PRV55381,8.505198,0.1313605912890116,17.25911613470793,8.600217944011444,Low,22,0.19979787619407374,15.10728490360794,Low
PRV55382,16.29623,1.5372403359484135,24.604577213072744,14.683569545336344,Low,8,0.19035524986430785,18.742408709894363,Low
PRV55383,2.3250244,0.0,27.237069052725282,7.971779446370713,Low,8,0.1372149389283086,12.651955025618848,Low
PRV55384,0.026253575,0.0,5.014162586492939,1.2666674343527962,Low,0,-0.11865716971255363,1.0401259565790972,Low
PRV55385,8.603828,0.4596162395966611,27.266830957487187,11.233526014358851,Low,8,0.17100862579692988,15.820524186166498,Low
PRV55386,0.99967706,0.0,13.610563509848369,3.9024794084793957,Low,7,0.10940420818856855,9.047997745195978,Low
PRV55387,1.9084805,1.2115580023014592,30.95371531852332,8.995558592714588,Low,6,0.14976722533467857,13.643761215418204,Low
PRV55388,5.642116,0.09245958948557999,16.747594135948816,7.031071466255449,Low,46,0.12045505238001508,12.574508461996686,Low
PRV55390,1.0938102,2.931424557259525,12.361982222581906,4.37025679530597,Low,6,0.06355052170314213,8.147294867078049,Low
PRV55392,34.078365,5.079598056311191,19.45805740677185,23.173596528734627,Low,32,0.18952461388046216,25.307961418142767,Low
PRV55395,0.063908786,0.27354002683181516,9.835570684794778,2.5592320706974427,Low,0,-0.01686230098217284,4.611802075580151,Low
PRV55396,4.626729,5.797428428688204,14.2031451613979,7.313507903289349,Low,18,0.16864229893879312,13.282973483976434,Low
PRV55397,0.068604626,0.27354002683181516,9.601744695774153,2.5031234935322466,Low,0,-0.04924947061393242,3.7240282610466995,Low
PRV55398,6.073985,1.8701777717480816,10.804080848136607,6.205557204867413,Low,0,-0.02661020525492419,6.908848432836326,Low
PRV55399,4.5994086,7.256012414548807,16.416314979790343,8.217786161862985,Low,3,0.15680108953149352,13.203060845372253,Low
PRV55400,4.616427,0.0,22.51416258649294,7.936754118989568,Low,0,-0.04234005244482508,7.708586634125365,Low
PRV55401,0.4537038,2.5147197953537166,22.463326932199152,6.471363577339763,Low,3,0.03372562850152916,8.756162891784282,Low
PRV55402,0.10004977,2.5306641681149724,19.684976495536723,5.603935051597176,Low,7,0.09966069517047205,9.983750503346023,Low
PRV55404,0.18848439,4.565537654229843,27.368460144683183,8.07774164253307,Low,0,-0.034852717577836256,8.003435431921051,Low
PRV55405,0.37541687,42.62045851061509,30.205357504147614,18.394162441133453,Low,1,0.021136781263562776,16.718620916923935,Low
PRV55408,0.1883582,0.3734655994172457,15.972528835577886,4.180677710037101,Low,2,0.10459887893574149,8.982615572046644,Low
PRV55409,1.8170904,0.4613797615278467,10.796028406102051,3.7228972379638403,Low,0,-0.05693971034690276,4.376396531745768,Low
PRV55410,3.6946907,1.1414788002989429,12.763379111682639,5.3235598301682465,Low,8,0.08546534016918561,9.442435361608752,Low
PRV55411,0.9336743,1.137304815511542,14.426126424102318,4.3576949478410105,Low,3,0.07435059511726616,8.340911233756312,Low
PRV55412,0.07730958,6.391759771544188,22.343540205191967,7.222479783512614,Low,1,0.009732866961056907,8.599676710933744,Low
PRV55413,0.03544771,1.2646536417594214,5.0212438797394086,1.589198235005893,Low,1,0.03961241807332916,5.439181396515476,Low
PRV55414,0.26611823,5.9731951805605314,9.757628688454572,4.065765081471534,Low,3,0.1273563025308212,9.525234521329308,Low
PRV55416,0.92631197,0.47286393690277745,19.075800347810212,5.350322056056787,Low,5,0.1413309986387402,10.844232853657228,Low
PRV55417,0.40285155,3.685522528219564,25.54690176560245,7.509531849341085,Low,4,0.04140450340567248,9.710901927810395,Low
PRV55418,0.5938713,1.705390844066854,16.84777542484013,4.935227214952805,Low,3,0.12910030055993882,10.17954828427967,Low
PRV55419,0.1329893,2.808383935955249,13.80870307800213,4.220766404628128,Low,1,0.04889040247786813,7.524349119292083,Low
PRV55423,0.20188957,2.9655101523929734,17.362774469086936,5.183015942633848,Low,2,0.05880374721103898,8.484484975055286,Low
PRV55424,0.13994311,2.0267108839947747,18.955357504147617,5.315488651016902,Low,1,0.0008119610967234347,7.031067864361857,Low
PRV55425,0.3175462,9.493622359887398,22.709083613213014,8.209449587690768,Low,0,-0.007163950255187568,8.82103734167265,Low
PRV55426,0.39938256,0.9921458864663563,20.388730154642833,5.5449102909999155,Low,7,0.09967950084863886,9.942925852966269,Low
PRV55427,0.042601615,0.0,2.514162586492939,0.6498414542184877,Low,0,-0.10263217651764378,1.0281798149039985,Low
PRV55428,0.06514439,0.0,22.51416258649294,5.661112841557126,Low,1,0.0474914620278577,8.495941373750403,Low
PRV55430,90.64848,0.975339014764111,31.97203419060336,53.56108493952546,Medium,7,0.1738200432977507,45.49662493868376,Medium
PRV55431,0.58448714,5.264493709907999,29.597495919826272,9.007740977522907,Low,2,0.19116018583107808,14.629343065147028,Low
PRV55432,0.85643816,0.0,13.404168332076058,3.779261162990328,Low,1,0.0761152004755844,7.928546461441142,Low
PRV55433,94.563385,0.0,15.051664950221062,51.04460874243808,Medium,34,0.21709607229690142,45.593694264439705,Medium
PRV55434,1.7974651,4.760058478265091,10.430527838372395,4.69637912215101,Low,11,0.16754524594053022,11.234322644845342,Low
PRV55435,99.81244,0.09736055932293487,26.599287737381395,56.580381556597956,Medium,127,0.23598852915281865,52.46033504629219,Medium
PRV55436,0.081177466,0.0,7.508497551895762,1.917713120782769,Low,1,0.05555439889394742,6.086799054762253,Low
PRV55437,79.28071,0.0,12.904733560914103,42.86653754672267,Medium,31,0.23641803935498207,40.294715588133755,Medium
PRV55438,10.345677,3.5037056425254973,19.888897834814905,11.020989557231829,Low,25,0.12995635251555226,15.052613295199508,Low
PRV55439,1.2638311,0.0,10.468505533186637,3.249041952602079,Low,27,0.11196159963101404,9.194504298577337,Low
PRV55441,1.8086609,6.6488370191149855,13.360242247669918,5.906600249111234,Low,10,0.13800545324859637,11.280731214290935,Low
PRV55442,2.3279083,6.098656489097031,13.598483880755508,6.0882392312189335,Low,20,0.155930344295239,12.145941545300357,Low
PRV55443,95.297356,0.17452989738690844,28.023791558463714,54.698258189890396,Medium,31,0.19959378790084248,47.61217699077856,Medium
PRV55444,99.74183,0.8501128829355766,29.84242494707501,57.544048916731164,Medium,116,0.2116790796897272,52.20272716151385,Medium
PRV55445,22.817888,5.391981372628118,24.267118982054335,18.82371921861446,Low,15,0.14208573174432615,20.56384017790527,Low
PRV55446,0.15280414,0.0,8.870769754780515,2.2940945068332512,Low,9,0.09321985782176201,7.551812613392795,Low
PRV55447,0.18365942,0.0,8.770960628009549,2.284569866711078,Low,8,0.07905752063731175,7.147266623273364,Low
PRV55448,0.38182375,0.0,6.840756965724089,1.901101115606094,Low,2,0.05183743529473206,6.004637125567198,Low
PRV55449,0.35755375,0.0,8.28266114036761,2.2494421602301853,Low,1,0.027167264122041734,5.575306799695405,Low
PRV55450,2.0976532,0.0,17.31193712373142,5.37681085621209,Low,22,0.14439380305629512,11.39939197508372,Low
PRV55451,0.02320127,0.0,6.601803388211351,1.6620514820673122,Low,0,-0.011835017829243788,4.115483336565554,Low
PRV55452,78.11253,2.084085685326559,21.49202449563162,44.950294329907514,Medium,32,0.19184853487808562,40.612533305972676,Medium
PRV55453,92.896805,1.9235083185282196,19.68302288964615,51.85003520682874,Medium,70,0.17500380258068082,46.02117810424572,Medium
PRV55454,15.61657,1.8502186236369436,19.434636896059516,13.129499116282757,Low,43,0.2006952201341936,18.86504924924177,Low
PRV55455,30.75314,2.400772784133077,21.832031602616844,21.434770844612284,Low,39,0.13469590299685041,22.842268608541858,Low
PRV55456,8.516077,0.3092973150128608,22.92233170126384,10.065945774882163,Low,6,0.19156287023959717,15.488018732777679,Low
PRV55458,0.28678268,0.0,9.24511136510239,2.4546691822465907,Low,4,0.04992734936014975,6.395784510817423,Low
PRV55459,0.9300694,0.0,12.218172283621314,3.5195777643848665,Low,39,0.1011710806374837,9.423330757415867,Low
PRV55460,0.08493549,0.0,8.383467782033167,2.138334688666632,Low,3,0.10055418708641495,7.473855917182917,Low
PRV55462,99.856445,11.757571723607636,22.42643704251314,58.47422484778019,Medium,487,0.2264257389637565,63.19992336953715,High
PRV55463,0.87030745,0.0,10.706556507968395,3.1117928497551604,Low,29,0.1278475142487716,9.568309585130564,Low
PRV55464,0.19541486,0.0,8.079452795431456,2.117570626895984,Low,1,0.09028388515148156,7.136562485878955,Low
PRV55465,89.11053,4.253676929316289,21.15898148404889,50.90842812262841,Medium,54,0.2037547601357853,45.68575716643982,Medium
PRV55467,99.47779,2.7221684211367516,22.700307656556358,56.094514435683045,Medium,186,0.1805825733311428,52.2525633883946,Medium
PRV55468,0.12820789,0.0,9.523107377962162,2.444880790580285,Low,4,0.062603627284749,6.721033100718435,Low
PRV55469,0.11690826,0.0,5.260621939869705,1.3736096148123302,Low,0,-0.004929209394828327,4.094496394827414,Low
PRV55470,11.259103,1.7082132678971023,21.066716291005726,11.323283800400755,Low,57,0.10523560033998047,15.475631098195887,Low
PRV55471,0.07630705,0.0,5.012645166511553,1.2913148170697732,Low,1,0.003910150174848304,4.295314330803055,Low
PRV55472,96.436325,1.2472409513221072,33.494170938977476,56.90351550919599,Medium,21,0.19386690696819964,48.737364597979,Medium
PRV55473,0.1008367,0.27354002683181516,11.264162586492938,2.934844004176764,Low,0,-0.010973143477494174,5.029017985024099,Low
PRV55474,0.1190313,0.0,7.120020215364771,1.8395207051566433,Low,9,0.08410501838686124,6.994815114494879,Low
PRV55475,0.03607331,0.0,7.36592354742245,1.8595175410746438,Low,1,0.1015040943558102,7.249878858998497,Low
PRV55477,0.17441216,0.0,10.239796084530695,2.6471551016885897,Low,9,0.09482373454803594,7.840974320333345,Low
PRV55479,30.867874,1.233473181638891,26.922493758560833,22.47292880780384,Low,52,0.11861340983801372,23.496634009620912,Low
PRV55480,0.10743621,0.0,7.160560375973316,1.8438581989518632,Low,7,0.14930011255080555,8.652178886366242,Low
PRV55481,0.44570482,1.8668246011316563,15.91762226658334,4.668964125814705,Low,4,0.12296758413885067,9.859341306033496,Low
PRV55482,96.67789,1.1956781673235213,19.53236648228677,53.52095464384789,Medium,44,0.21815132929009784,47.62323900458694,Medium
PRV55483,99.56438,1.3524120658236745,28.024909292005557,57.12651875498465,Medium,66,0.2127790077673022,50.59699072133512,Medium
PRV55486,0.14562024,0.0,6.85076420901695,1.7855011731348414,Low,2,0.00902470032388869,4.802084361919269,Low
PRV55487,0.34310105,0.5557745002784752,18.027255271468842,4.817307970151833,Low,8,0.10464896642627353,9.590642800689887,Low
PRV55489,1.5961871,0.05652809715599542,19.166987717905005,5.603972511123038,Low,31,0.15612873986362286,12.107454536556137,Low
PRV55490,81.0095,0.0,15.520206479545697,44.384800917982126,Medium,20,0.16574723333906483,39.21072326564733,Low
PRV55491,2.8052704,0.8526147889075156,19.22719411963583,6.422587443848788,Low,49,0.1219244105850541,12.267601655548434,Low
PRV55492,97.68985,1.548579267000271,18.951689019087755,53.969991998279816,Medium,26,0.1886405504488634,46.68120321598574,Medium
PRV55493,0.15852721,0.0,6.8254501066179145,1.7856261318318811,Low,2,0.00671661057395212,4.741703162185795,Low
PRV55494,0.017089397,2.823067672989209,6.672331701263842,2.3823945419208448,Low,1,0.10141603431779811,7.6135857117599555,Low
PRV55495,88.129684,0.6371211234283234,15.604706997973567,48.12529925447157,Medium,24,0.21077172850302928,43.11603242879541,Medium
PRV55496,92.19866,0.0,17.434056534912266,50.457845035827674,Medium,41,0.18352028112163699,44.491241127401395,Medium
PRV55497,0.045648318,0.0,7.152298867185769,1.8108988756884776,Low,0,-0.01164720963740834,4.224596819783368,Low
PRV55498,0.049456883,0.0,9.123849196179549,2.3056907406558196,Low,3,0.030366376969091724,5.752184290662131,Low
PRV55499,0.11969141,0.0,10.599303954845169,2.709671693296606,Low,3,0.11665476511003503,8.295604079921755,Low
PRV55500,0.15500084,0.0,7.141189910672385,1.8627978954966562,Low,3,0.061661069049906314,6.262035750537896,Low
PRV55501,0.20588239,4.824108174627456,9.831296618513873,3.76679239097189,Low,1,0.17772013950572696,10.581723306400315,Low
PRV55503,12.495016,0.9760272258245597,19.672355561690598,11.40960374589002,Low,59,0.1321547279996399,16.294989218112242,Low
PRV55505,3.8792946,0.2513685671116628,18.385363868514897,6.598830425839318,Low,50,0.10936024049600557,12.088653982404084,Low
PRV55506,65.635544,1.0463330450607502,32.02684874305074,41.08606735864897,Medium,12,0.17666689100478128,36.972924183517826,Low
PRV55507,7.297533,3.50092216977372,22.872756911069107,10.242186287849867,Low,5,0.1711538999058434,15.049855440025228,Low
PRV55508,0.24406488,0.0,9.99892245116798,2.6217630539908208,Low,3,0.037059439179386255,6.148783626654028,Low
PRV55509,96.09311,3.272287798701692,21.164069364254864,54.15564385616882,Medium,28,0.2078783124117719,47.36885281131462,Medium
PRV55510,4.495557,0.0,8.205784179297764,4.299224460504373,Low,83,0.1434617895321374,12.258247961099773,Low
PRV55511,0.02447804,2.4954011330896124,10.510621939869704,3.263744788557622,Low,1,0.041404763320409876,6.658320881906981,Low
PRV55512,0.6144687,1.7684461747028182,18.135197464621122,5.283145256697592,Low,11,0.09511329733094909,9.747444837346738,Low
PRV55513,0.5088537,0.0,7.130718913359281,2.0371065653072886,Low,4,0.07484184610002365,6.756215081070245,Low
PRV55514,88.191315,0.8610865597417102,16.340536654467822,48.3960631521852,Medium,39,0.18236622834719796,42.96406799131827,Medium
PRV55515,36.18969,2.3066175819997725,21.263850739707774,23.987461898542122,Low,46,0.1266533620992487,24.606368669210465,Low
PRV55516,62.31795,4.644460230652508,15.19469182283322,36.11876361456772,Medium,36,0.20032541904445778,34.75992667202347,Low
PRV55518,14.728252,0.6663588984865682,11.60184679609228,10.431177629089047,Low,30,0.22461766542402584,17.25396498379727,Low
PRV55519,94.43445,0.22838224011483232,15.774146990054522,51.21785642863609,Medium,8,0.20359724708318738,44.66333103369086,Medium
PRV55520,3.9376929,2.0391084966421786,22.91044805287156,8.20623557769368,Low,37,0.11883943959659793,13.113185843190614,Low
PRV55521,41.73677,1.914050913203338,23.322308427463103,27.177475150108016,Low,50,0.11811208892118397,26.722991278602713,Low
PRV55522,1.019143,0.0,11.788235879099293,3.45663046244679,Low,26,0.1012836125102553,9.0332225325869,Low
PRV55523,1.9810693,0.7120335086096069,16.74971772355971,5.3559724712427075,Low,32,0.10536827062184617,10.630848001000562,Low
PRV55525,39.21543,4.5101763217295945,27.24141666078534,27.545613852318183,Low,107,0.13742515927923837,29.016864704982964,Low
PRV55527,0.045879938,0.0,6.257081293246469,1.5872102921658062,Low,0,-0.11858780386867784,1.2663232435638994,Low
PRV55528,0.15625562,0.0,8.134913810545058,2.1118562615051495,Low,1,0.009121032440186805,5.006211050718967,Low
PRV55530,0.044132676,0.0,7.680945972538902,1.9423028311225061,Low,8,0.11423326217427598,7.829234129230386,Low
PRV55531,98.49974,0.0,26.502653967771554,55.875533792235856,Medium,104,0.186788557605728,50.06052262315738,Medium
PRV55534,1.2686994,0.99591699721119,19.02012645995175,5.638360568079492,Low,17,0.11118445560660695,10.57821088473473,Low
PRV55535,0.17469823,0.0,9.363649457678916,2.4282614812219445,Low,4,0.05042441002210307,6.3903214029411,Low
PRV55536,28.457657,1.9784958364103946,17.48903813879547,19.095711923977248,Low,23,0.20945344563294044,22.733938522423976,Low
PRV55537,0.050395004,0.10014950249701683,10.026983099313453,2.556980652678255,Low,2,0.04677074754669486,6.331012784107506,Low
PRV55538,0.087848134,0.0,2.5354064662323474,0.6777756837275147,Low,0,-0.09284490354366415,1.3041464162381968,Low
PRV55539,0.04238793,3.848690582431035,5.003540646623235,2.2342517716704156,Low,0,-0.007742220548918433,4.623249010693042,Low
PRV55540,29.434946,2.2999042749383576,23.967114487458193,21.28422772068947,Low,25,0.17573783796728548,23.436289856473408,Low
PRV55541,4.465446,1.0830006468726534,20.799151875470702,7.703261128251244,Low,13,0.11613522602206738,12.045961874576363,Low
PRV55543,5.2812867,0.05779513287922212,16.185122353429115,6.701372729807675,Low,16,0.23260706683862098,14.47657358937092,Low
PRV55547,19.071396,0.4477544149421128,14.645221197994957,13.308941840245986,Low,9,0.21062218949849087,18.337979965708993,Low
PRV55548,22.582588,0.7814595401477324,19.98455696135195,16.48279822327531,Low,47,0.13226755757724695,19.527033675837068,Low
PRV55549,1.6476402,3.8295250033848824,24.632988329398113,7.9394484473314915,Low,2,0.020361006744491705,9.40684256910183,Low
PRV55550,95.42145,2.3797193605171425,22.06807618897898,53.82267276432715,Medium,38,0.20275747638888342,47.270070797617265,Medium
PRV55551,0.27060142,0.0,11.213484730054956,2.938671893311049,Low,9,0.10191632648263327,8.230851902027544,Low
PRV55552,55.858463,1.4524144340834995,20.56227427176045,33.432903820137746,Medium,109,0.23779052181166527,35.821088800641085,Low
PRV55554,0.6705804,0.0,9.936285221003791,2.819361498808687,Low,5,0.09888594402636286,7.9605603624510834,Low
PRV55555,2.1091952,2.083421655164318,10.638293319013991,4.235026359740256,Low,14,0.15354621549548408,10.625157923914163,Low
PRV55556,0.447019,0.0,9.621588170406318,2.6289065479927003,Low,22,0.11066712685760494,8.592267980680088,Low
PRV55557,0.62729514,0.5764272913003269,9.34796482290835,2.79474559677803,Low,10,0.1993613159295966,10.709869351117927,Low
PRV55558,1.5608026,0.0,7.72379339054773,2.7113496370999757,Low,3,0.10356670554744396,7.9538900828913395,Low
PRV55560,0.119699396,0.0,9.313470394514997,2.388217296725263,Low,3,0.06308571980381361,6.6671531562083945,Low
PRV55561,0.7318894,0.0,8.30379330804593,2.4418930403655934,Low,3,0.09545888917606504,7.5528572003747385,Low
PRV55562,0.11923647,0.0,9.93468123299172,2.5432885428823293,Low,2,0.019920263203397126,5.61798378166607,Low
PRV55563,0.1817104,0.0,6.505994701526466,1.7173538789505518,Low,1,0.11060067816371588,7.388681861756474,Low
PRV55564,0.04792714,0.0,3.3474959198262724,0.8608375505513557,Low,0,-0.09647078709846474,1.3372967275657275,Low
PRV55565,0.06855623,0.0,8.217766840802772,2.0887198235956688,Low,4,0.09055886937589464,7.2041080321484,Low
PRV55566,0.3887799,0.0,11.15456872028584,2.9830321342807875,Low,4,0.07440438471335542,7.406902112811196,Low
PRV55567,26.526896,0.0,12.727035943925186,16.44520674751694,Low,21,0.2131114816769487,20.92072896870011,Low
PRV55569,0.16879724,0.595551000596441,12.485101986680103,3.3545618666497443,Low,1,0.014420665766864071,6.01494783479118,Low
PRV55570,0.07223874,1.0032089042112167,9.291940364270717,2.6099066887730866,Low,2,0.05928348266182992,6.695876884286594,Low
PRV55571,0.67144537,0.0,10.160103937869602,2.87574866932763,Low,5,0.11584431292886577,8.444316543109107,Low
PRV55572,0.024786541,0.0,2.514162586492939,0.6409339172424483,Low,0,-0.09716681771497099,1.1651291714072531,Low
PRV55573,0.78247947,0.0,11.314180734222818,3.2197849160595955,Low,4,0.15830577821517644,9.770726315701637,Low
PRV55574,0.1552878,0.4613797615278467,12.311576902844656,3.270883067202821,Low,2,0.040631767220953074,6.669911915442643,Low
PRV55575,0.17581801,1.4005784350080035,21.26841136244082,5.755156454944538,Low,0,-0.030648104657922615,6.487780682841306,Low
PRV55576,1.4372768,0.0,12.349470783834422,3.806006116063586,Low,7,0.170169280355967,10.572424962234908,Low
PRV55577,0.048050743,0.0,11.285406466232347,2.8453769878562807,Low,0,-0.04414014729255933,4.09746271590462,Low
PRV55578,0.22031057,0.0,2.514162586492939,0.7386959310279894,Low,0,-0.08224316897689371,1.6245409661142256,Low
PRV55579,3.7466388,1.2388317161649807,19.336572001894332,7.017170316950741,Low,19,0.08516402724184091,10.915370745357091,Low
PRV55580,0.65899056,2.3131949889257384,20.651198752455528,6.07059371632638,Low,5,0.1003862241597332,10.275728121769284,Low
PRV55581,0.016060079,0.0,10.00708129324647,2.509800362569919,Low,0,-0.06516288238168338,3.311793299748315,Low
PRV55582,0.06185298,0.0,9.909032116435608,2.508184519311448,Low,2,0.05725787772340207,6.571603395390902,Low
PRV55583,0.13088301,9.974099167170806,12.777249746279203,5.753278732483329,Low,3,0.15804331655017045,11.51045022704377,Low
PRV55584,0.1344441,0.0,12.514162586492938,3.195762697945695,Low,0,-0.040626573175334135,4.434783360784058,Low
PRV55585,0.46134418,0.0,12.865556808884257,3.4470612934667155,Low,10,0.08090698409218233,8.063155210933937,Low
PRV55586,2.323706,2.9485304484185475,27.930829253159605,8.881692881212714,Low,2,0.17567634454464975,14.1354547641414,Low
PRV55587,0.04164782,0.0,10.371305443635796,2.613650271741354,Low,1,0.005797299874840123,5.27038978889345,Low
PRV55588,0.016607314,6.9921582009800085,11.680829253159605,4.6765505207090134,Low,1,0.08897004889369842,8.89342776902874,Low
PRV55589,0.05225985,0.0,8.294300795352875,2.099705124461755,Low,2,0.004522133107916937,4.904066266559541,Low
PRV55590,0.17451048,0.8650603004184502,6.014162586492939,1.8070609612145416,Low,1,0.004467314435914638,4.670933543413218,Low
PRV55591,0.051795848,0.0,5.003540646623235,1.2767830855127824,Low,0,-0.08904475363272768,1.8230101237725376,Low
PRV55592,1.1347679,1.5691258304258893,19.0749779693099,5.728409894922198,Low,5,0.0777270258640248,9.442560658321685,Low
PRV55593,1.6294281,2.9196815483067478,19.863754791046194,6.510573158973062,Low,16,0.11554876035061823,11.276252641820317,Low
PRV55595,0.027845858,0.0,7.629973715905655,1.9214163578088852,Low,2,0.02993257370103597,5.444981556053028,Low
PRV55596,0.27214628,0.0,13.501491918895589,3.5114461220140125,Low,5,0.07273199799034091,7.759823386729314,Low
PRV55598,1.0148996,0.8935582769942798,22.34125968282983,6.316154295692569,Low,20,0.09083107021359582,10.599973639010845,Low
PRV55599,0.13327028,0.0,15.014162586492938,3.8201757859097527,Low,0,-0.1112776434331259,3.020914902224938,Low
PRV55600,0.14396282,0.0,22.298747959913136,5.646668397680253,Low,4,0.08539556298350581,9.559400745445288,Low
PRV55601,0.06208009,0.0,5.009913810545057,1.283518497137688,Low,1,0.005730186113451108,4.337539261515321,Low
PRV55602,0.10580447,0.4613797615278467,11.260621939869704,2.9834026619302363,Low,0,-0.018359021353631932,4.869509543089663,Low
PRV55603,0.1428277,0.0,25.423747959913136,6.427350842252702,Low,2,0.12753352548951613,11.156141905912378,Low
PRV55604,4.4859967,0.0,24.716809760362686,8.422200801678196,Low,17,0.15518738518680097,13.6797132592416,Low
PRV55606,3.036567,1.5910109863983624,32.3058292531596,9.992493546255762,Low,4,0.1508761891416326,14.316977683234402,Low
PRV55607,0.080610976,0.0,2.514162586492939,0.6688461344348001,Low,0,-0.10402239655116147,1.0050613021806951,Low
PRV55608,0.1296523,0.0,7.736419653173993,1.9989310665122444,Low,2,0.07669790865189419,6.724427157471475,Low
PRV55609,0.2069619,2.3435556633800436,6.9553575041476146,2.4282092418798165,Low,1,0.07084487148265761,6.844734988085035,Low
PRV55610,0.037584882,10.455300492601758,2.514162586492939,3.2611582108884574,Low,0,-0.05121201141104048,4.203236783789219,Low
PRV55612,0.034716405,3.262620348464277,7.5141625864929384,2.711553936226534,Low,0,-0.092675742149197,2.7322229810832743,Low
PRV55613,0.035121903,0.0,6.5701972935008195,1.660110274786929,Low,0,-0.016914935573678624,3.9810378669580544,Low
PRV55614,1.1115952,0.0,8.702446022318489,2.731409082483919,Low,4,0.16639936055617965,9.640903585637037,Low
PRV55615,0.016732568,0.0,7.5141625864929384,1.886906930583875,Low,0,-0.08918754825868497,2.2463557990848213,Low
PRV55617,0.07750298,0.0,2.5354064662323474,0.6726031069722295,Low,0,-0.04837847338676282,2.465482879805728,Low
PRV55618,0.13504249,0.2052346687605315,10.041816416093113,2.629284015500902,Low,0,-0.027080889979778255,4.393125929501133,Low
PRV55619,0.06379885,0.0,10.035406466232349,2.5407510426905278,Low,0,-0.06085892606801946,3.4462163137784785,Low
PRV55620,0.058975834,0.0,8.604628757180047,2.1806451064947425,Low,2,0.010853805138668737,5.12660506160163,Low
PRV55621,0.29663977,0.0,8.454923483869287,2.2620507561020187,Low,3,0.10540849585706336,7.687633154457334,Low
PRV55622,0.02697951,8.856927127237872,2.514162586492939,2.8562621833032367,Low,0,-0.06471697718196834,3.565998656702263,Low
PRV55623,0.14873622,0.0,7.657960610025312,1.9888582642955546,Low,1,0.007920930159936113,4.888671478707313,Low
PRV55624,0.040434774,0.0,2.5354064662323474,0.6540690035637736,Low,0,-0.1137649816134807,0.7394754296609799,Low
PRV55625,0.2572899,0.0,13.65353062683415,3.5420275999458424,Low,2,0.032610766828063076,6.649574278799857,Low
PRV55626,0.09380048,0.0,5.596272991722755,1.445968486772461,Low,0,-0.05785052582862199,2.758684334887644,Low
PRV55627,0.2458185,0.0,9.9726960905937,2.6160832705236388,Low,6,0.11708430477733756,8.32188242548509,Low
PRV55631,0.40964162,0.0,7.5141625864929384,2.0833614583717392,Low,0,-0.08459037743304787,2.5043133099323196,Low
PRV55632,0.027953135,0.0,2.514162586492939,0.6425172140480685,Low,0,-0.08983718896660792,1.3582633343356296,Low
PRV55633,4.1867385,0.18375687407385688,19.18912579160358,6.936589911948534,Low,34,0.13006417999303876,12.437969208404695,Low
PRV55634,0.039339967,10.854893833942729,12.514162586492938,5.861934088644922,Low,1,0.046775029659989475,8.617746736982177,Low
PRV55635,0.18904194,0.0,7.663783389358933,2.0104668185187418,Low,7,0.11625173328330685,7.902984356905945,Low
PRV55637,0.1326004,0.0,12.514162586492938,3.194840845059018,Low,0,-0.038302079932689304,4.495036482778472,Low
PRV55638,0.24445379,0.4613797615278467,10.796028406102051,2.9365789358092993,Low,0,-0.05166702210214286,3.9641106578610183,Low
PRV55639,0.072143346,0.0,7.577894225711164,1.9305452294634127,Low,0,-0.09106804303583904,2.2276363179995156,Low
PRV55640,1.5683763,0.0,14.349182699017375,4.371483826113902,Low,4,0.0424232554372459,7.540958166764988,Low
PRV55641,0.026302155,0.22571095427289628,11.285406466232347,2.8909304326799408,Low,0,-0.01865815296634732,4.796942159535085,Low
PRV55642,0.04144299,8.457333785896903,5.035406466232348,3.393906558183833,Low,1,0.006151291041535223,5.825843254821637,Low
PRV55644,0.023284929,0.0,9.893236423102737,2.484951570212275,Low,2,0.13500232965376036,8.59213446872621,Low
PRV55646,0.03196485,0.0,8.785406466232347,2.212334041398418,Low,0,-0.09303109060596731,2.373459430214368,Low
PRV55648,0.05807329,0.0,7.535406466232347,1.9128882614042877,Low,0,-0.06293669540254343,2.9522777635722437,Low
PRV55649,0.07339477,3.2789757819683163,33.785406466232345,9.302792946020187,Low,0,-0.1027686691831291,7.081669945334716,Low
PRV55650,0.037599105,0.0,5.077894225711164,1.288273109121754,Low,0,-0.10257206091526655,1.4766569166726429,Low
PRV55652,0.10381893,0.0,7.9822684524157435,2.047476578446696,Low,4,0.11918883561290061,7.925302182458803,Low
PRV55653,0.020399045,0.0,6.699138105450572,1.684984048962221,Low,4,0.06196297026036912,6.172321078151441,Low
PRV55654,11.864374,0.0,16.149588611007115,9.96958423313508,Low,64,0.11613046299649576,15.001390780273573,Low
PRV55655,0.03443604,0.0,5.858117859695977,1.4817474847372933,Low,0,-0.07207403214528663,2.411093984692364,Low
PRV55656,0.14604144,0.0,10.407730748998503,2.6749534062413822,Low,5,0.054510116141585296,6.696891081108919,Low
PRV55657,0.101491794,10.455300492601758,17.503540646623232,7.040456181801315,Low,0,-0.04977088629769255,6.886500793040039,Low
PRV55658,11.157046,0.965847814504379,26.810498812076926,12.522609815672425,Low,15,0.19767764452589154,17.60949269458994,Low
PRV55659,95.55935,0.7654546119503375,29.120655682794034,55.251202103715386,Medium,20,0.18339986216142523,47.279677880062216,Medium
PRV55660,0.07080916,0.0,25.660406466232345,6.450506198134672,Low,4,0.13347401608326614,11.381674340176824,Low
PRV55661,2.723136,2.6283849086392976,32.197035167182456,10.067922993046015,Low,14,0.1783654883840161,15.358415239780761,Low
PRV55662,10.925901,0.0,27.22795897966861,12.269940451399087,Low,28,0.1516019736711881,16.574500341921258,Low
PRV55663,2.048987,0.0,29.447249664240722,8.386305871947021,Low,7,0.14637079361036387,13.155148264840669,Low
PRV55664,36.736305,0.7665186739567259,30.635902811332933,26.21875798973062,Low,20,0.18697265339899427,27.050569052473882,Low
PRV55665,0.059144817,0.0,20.84749591982627,5.241446388602912,Low,1,0.08759297088291917,9.252777389995945,Low
PRV55666,6.829004,0.0,23.909616609199933,9.391906057741267,Low,19,0.13005992856500015,13.753894565329418,Low
PRV55667,94.199486,0.5625952112031593,31.001384571112418,54.99073783498319,Medium,38,0.2040411088876808,48.121345694040826,Medium
PRV55668,0.083155386,0.27069792732136977,25.286227559044494,6.430809064666407,Low,4,0.17055143176264642,12.339261937185398,Low
PRV55670,92.41505,0.6114797091491688,30.496465160786567,53.984509563431196,Medium,9,0.15129294211745237,45.256535418787045,Medium
PRV55671,0.15135984,0.0,30.035406466232345,7.584531537171852,Low,2,0.12988660795457385,12.027815808362504,Low
PRV55673,85.1769,5.336068525724527,10.261537048491281,46.487852779052,Medium,14,0.20252207311042303,41.48523427460843,Medium
PRV55674,0.056375705,1.5777637865072396,11.746411174015067,3.359231592483434,Low,2,0.008248890888656435,5.883370550964862,Low
PRV55675,2.229892,2.8176840267928753,14.547946725919184,5.456353695906591,Low,7,0.2383448024202569,13.513770044234928,Low
PRV55676,96.237015,1.154843350817021,22.52779079821459,54.03916592251181,Medium,117,0.200979837678271,49.49584976992094,Medium
PRV55677,0.12536776,0.0,7.456759869697098,1.9268738477534066,Low,8,0.09103011916615278,7.210544474083449,Low
PRV55678,4.850872,2.36277710196688,17.152614093122377,7.304283818669775,Low,10,0.17091419106568484,13.121271868619079,Low
PRV55679,30.923388,3.59168985941076,21.69168355982986,21.782537118543065,Low,28,0.20698099632128597,24.684169688815246,Low
PRV55680,13.825636,3.145450121766311,19.7944910241932,12.647803241506967,Low,17,0.15902710857749325,16.738230262327825,Low
PRV55682,5.303806,0.4632767583247152,15.446926675519478,6.62945377250829,Low,7,0.17472759511185842,12.668259689343326,Low
PRV55683,0.23327677,4.635938864310663,19.72075136856831,6.205810942979169,Low,0,-0.006711832439012855,7.430335134536033,Low
PRV55684,0.016301705,0.0,5.008851616558087,1.2603637564248473,Low,0,-0.06663452856271035,2.398632637243186,Low
PRV55687,3.944505,0.9210113708346771,16.6640398344697,6.368515289462386,Low,13,0.19900619066606118,13.282741271604944,Low
PRV55688,0.50027424,0.9641333501693778,15.346333483593414,4.327753828926004,Low,2,0.1577801046986348,10.478841380578368,Low
PRV55689,99.84691,7.607050007959925,19.23205166981931,56.63322970411277,Medium,135,0.22161426730072264,52.335508620702655,Medium
PRV55690,19.299763,5.002219055464851,14.204922517609479,14.45166675618362,Low,17,0.20845119877511586,19.295775636343883,Low
PRV55691,6.6350403,5.659491018691785,19.011948839342317,9.485380106110089,Low,5,0.159050881189302,14.203009225183244,Low
PRV55692,8.757832,0.7283590766442026,14.74839192740118,8.24810353775451,Low,12,0.14492591612839656,13.154781082489194,Low
PRV55695,6.95107,0.0,14.30591183020669,7.052012873475745,Low,4,0.06758682813120531,10.076578337999,Low
PRV55697,0.5606524,0.0,7.488484468363479,2.152447304701496,Low,3,0.08803961820667006,7.155870831468278,Low
PRV55699,0.1791454,14.920733217904655,26.15194833514139,10.357743086139395,Low,4,0.15158194756576127,14.591142228728176,Low
PRV55700,1.5607811,10.13091691060111,9.28287193117338,5.633837771070606,Low,5,0.21692736682543923,13.02321125098852,Low
PRV55701,20.704626,2.6193262998513904,20.355003629065667,16.095895523916276,Low,13,0.10170371727007999,17.542720934612152,Low
PRV55702,0.08630488,0.0,7.530095496297495,1.9256763144137006,Low,3,0.07274426268218559,6.596414563735096,Low
PRV55703,1.7429179,0.0,12.416671065828044,3.97562671411555,Low,9,0.13668203919854738,9.867532535146855,Low
PRV55704,1.1485536,0.4660769410852159,13.68481553628485,4.111999924266527,Low,7,0.14941194721180406,10.24280800324733,Low
PRV55705,5.299522,1.4401538429525824,21.741138067385123,8.44508393911702,Low,14,0.11069523264648806,12.449563385516257,Low
PRV55706,0.12992543,0.3430717792429151,30.836873979956568,7.859949154710378,Low,1,0.11997477791836886,11.93408664438785,Low
PRV55707,1.3677335,5.755196849221078,16.2274660578185,6.179532466032966,Low,9,0.16512534930115252,12.155440857988031,Low
PRV55709,19.37098,0.0,13.914229991222978,13.164047152346761,Low,17,0.22087928495227294,18.720040106712396,Low
PRV55710,2.476895,2.5143451512055366,11.697251481542644,4.791346705145968,Low,10,0.15516614192707756,10.949639385371363,Low
PRV55711,0.07907226,0.0,8.528325172985877,2.1716174229297254,Low,0,-0.02265122188666574,4.188810322586878,Low
PRV55712,0.34025815,0.0,7.573868004693886,2.063596076819872,Low,3,0.10785973956629447,7.612933980041408,Low
PRV55714,1.0115155,3.722337385076053,14.311588930404106,5.014239327950698,Low,4,0.131411777381216,10.322259808238366,Low
PRV55715,98.02212,2.8526439606129133,16.716231479862646,53.903277667491935,Medium,117,0.22011758857677344,49.902109863310116,Medium
PRV55716,0.052197773,0.0,8.411116228109439,2.128877943532129,Low,1,0.05850548604828887,6.311928719572688,Low
PRV55717,0.12564026,2.7394271982392326,22.790395434155386,6.445275787195163,Low,9,0.12860015977446593,11.384553132653501,Low
PRV55719,0.34217557,2.3895002517317003,20.466134624701056,5.884996505663479,Low,1,0.11306799538243872,10.370671904639538,Low
PRV55720,3.2475314,0.12138965741624322,14.888140090665077,5.376148144036321,Low,4,0.1541374088552917,11.170975222810721,Low
PRV55721,0.056699485,0.0,5.5194735564277915,1.4082181314003057,Low,1,0.003503226255122782,4.366485822523087,Low
PRV55723,0.19209409,1.7213287669646238,12.890875333940013,3.7490980690265134,Low,4,0.10141366668242802,8.650753064804167,Low
PRV55724,0.36091173,0.0,7.897819385905028,2.1549107099520564,Low,4,0.08138009884006592,7.009970910898392,Low
PRV55726,0.089410685,2.8935089148103144,19.590319085321717,5.66566234253441,Low,3,0.0804538789631356,9.416385771838652,Low
PRV55727,1.9437358,0.7768693359470016,14.85469874835379,4.879759940043399,Low,6,0.07851377790575753,8.895963112725767,Low
PRV55728,0.034880456,2.8554911782546304,18.601524067726068,5.381694039286842,Low,1,0.0701983475834036,8.895236339052843,Low
PRV55729,0.9212085,3.305287200258871,23.616555779648614,7.191064995407932,Low,11,0.10591708315504911,11.366032486964091,Low
PRV55731,2.590294,2.4620088206257082,16.762677388269186,6.1013184943623955,Low,8,0.09913354722123657,10.34495402386272,Low
PRV55732,31.596199,5.46940084679724,16.078853329313617,21.18516306184998,Low,21,0.20646091075328488,24.064462883390142,Low
PRV55733,0.5637194,0.0,7.633583283311833,2.1902555167393656,Low,4,0.08898543050828034,7.2339611554408965,Low
PRV55734,16.827616,1.8231615633278582,19.42455797738883,13.725737754136691,Low,25,0.10950005970934873,16.410011237271053,Low
PRV55735,0.18230398,0.0,9.926380179823404,2.5727470349522843,Low,10,0.11498535084048489,8.343940001144784,Low
PRV55736,23.306915,0.9695192219973556,18.67390560491807,16.56431384833042,Low,31,0.164912518720981,20.00981599375031,Low
PRV55737,36.92946,1.7835603800896513,15.707930347095006,22.837601990878195,Low,42,0.21650712717080867,26.048125113818465,Low
PRV55739,32.008873,8.541337159664952,13.980076158014942,21.634789822339894,Low,25,0.1946413922668302,24.176929581516834,Low
PRV55740,0.24283148,0.0,10.387238353440353,2.7182253301017454,Low,2,0.10142425880459771,7.875728370934669,Low
PRV55741,0.22566165,0.0,8.358117859695978,2.2023602900740076,Low,1,0.04172604255478063,5.923768792255444,Low
PRV55742,6.458053,3.5001429910428072,21.967836316468613,9.59602138289287,Low,9,0.18474496544971153,15.060989156340447,Low
PRV55743,0.7607759,0.8452474556722963,10.810597838685055,3.2943492854538095,Low,11,0.18794879552375232,10.787445757444164,Low
PRV55744,0.04473519,0.0,10.035406466232349,2.531219211321724,Low,0,-0.0575909456716151,3.5251604732288015,Low
PRV55745,0.33257738,0.0,9.12605742958189,2.4478030461743496,Low,4,0.06954739356851503,6.904995486675833,Low
PRV55748,0.02507496,0.0,3.7783251729858773,0.9571187735784267,Low,2,0.05655553727406293,5.467457051883871,Low
PRV55749,0.07211916,0.0,5.0212438797394086,1.291370550678165,Low,0,-0.010706837394935165,3.8855634084212562,Low
PRV55750,0.044925675,0.0,5.528325172985879,1.4045441306445219,Low,1,0.024955058773349248,4.925921543190361,Low
PRV55751,0.050738286,1.9839216561731692,7.535406466232347,2.405201173714873,Low,0,-0.04134553024862464,3.8625546403992503,Low
PRV55752,3.2168045,0.0,15.52458523387575,5.489548560666203,Low,56,0.13202382991127848,12.06698433184216,Low
PRV55753,7.191228,7.800808885170797,13.57380618387983,8.939267723714073,Low,8,0.17335833659001942,14.27610246570867,Low
PRV55754,0.079925716,0.0,7.694050864092946,1.9634755739848913,Low,2,0.06085944662829068,6.284663119843653,Low
PRV55755,32.74778,4.673438858554254,13.126272326341445,20.823817719319628,Low,18,0.2327382359210619,24.41941280071851,Low
PRV55759,0.027554119,0.0,5.847495919826272,1.4756510394594677,Low,0,-0.08161389295076543,2.1568956794729157,Low
PRV55760,0.029935166,0.0,4.175518283224753,1.0588471539260575,Low,0,-0.10178727516156794,1.3366190193193141,Low
PRV55761,0.11664174,10.79256516980957,30.07789422571116,10.275935717640529,Low,0,-0.0627444412334921,8.81144776890433,Low
PRV55762,0.14758328,0.0,5.612205901527312,1.4768431133985287,Low,1,0.0019049680404183977,4.372651216397223,Low
PRV55763,0.07087117,0.4613797615278467,13.296028406102053,3.4747876253499244,Low,1,0.11069830309160955,8.621443118586662,Low
PRV55764,0.13878934,0.0,9.395658962923923,2.4183094111578263,Low,3,0.14395257919032411,8.806814411301382,Low
PRV55765,0.6665439,8.478903878879285,23.50112963487503,8.3282803289219,Low,4,0.15476407356094124,13.253885476802367,Low
PRV55766,0.16641389,3.2789757819683163,21.370381985189983,6.245546385957189,Low,0,-0.037017275685679696,6.664190406509206,Low
PRV55767,0.03271271,0.0,5.014162586492939,1.2698970012025643,Low,0,-0.08581406332594099,1.9028293588185374,Low
PRV55768,0.4741794,0.6208023931221593,20.134696127722727,5.425964323757516,Low,7,0.07635667728412965,9.248638848639889,Low
PRV55769,0.117063664,13.4743266284531,25.2633589159102,9.742953218040775,Low,4,0.100489101596281,12.822229377997125,Low
PRV55770,0.2820442,0.06488886692013537,10.227379489471463,2.7140891901425546,Low,0,-0.03161385379473436,4.333732342772848,Low
PRV55771,0.28865108,2.258458866921152,20.0491823268582,5.721235837914557,Low,2,0.11716251137277656,10.39015557396392,Low
PRV55772,0.019684052,0.0,5.6462438797394086,1.4214029959822607,Low,0,-0.04562116104568631,3.061880466314901,Low
PRV55774,4.801446,0.385389855191345,17.2151272802246,6.800852264353254,Low,4,0.19630347882999766,13.272959207195722,Low
PRV55775,0.074991405,3.496667876963989,6.815809782011782,2.6156151172490545,Low,1,0.15369359980447617,9.146438024989116,Low
PRV55776,0.022326391,0.0,13.139162586492938,3.29595384221838,Low,0,-0.025012681818327,4.913978922364599,Low
PRV55777,0.050927173,0.6614705497478818,15.584511529254236,4.08695910642367,Low,1,0.03462839427787712,7.057039667160193,Low
PRV55778,0.023730403,0.0,20.01416258649294,5.015405848029416,Low,0,-0.06265777713351328,5.131347336415093,Low
PRV55779,0.028365586,0.18983141418058083,6.68436989978284,1.7327331214673538,Low,0,-0.0011371948127756326,4.445228241717061,Low
PRV55780,9.049733,9.203359814977686,15.845606763506012,10.78710822558406,Low,10,0.21434739591454866,16.69713718627007,Low
PRV55782,0.020938998,0.27354002683181516,14.639983679305091,3.738850425578347,Low,1,0.022049444722952116,6.483812991447836,Low
PRV55783,0.08901822,0.7319105259178037,15.617898233626798,4.13196129899579,Low,4,0.12583680699658106,9.558608887933582,Low
PRV55785,0.3735841,1.1814456506777065,8.156157690284466,2.5211928810722233,Low,0,-0.0009142266176531688,5.002991523234558,Low
PRV55786,0.051848188,0.0,12.071756491798574,3.043863216970964,Low,1,0.01384416336771932,5.782355236576013,Low
PRV55787,0.12783392,0.0,5.014162586492939,1.3174576054917384,Low,0,-0.11423584321919505,1.1915115462047907,Low
PRV55788,0.17272258,0.0,9.271458714463087,2.4042259676401248,Low,1,0.08798460572620792,7.276983371561975,Low
PRV55789,0.4040527,0.05157771375359339,13.211706968892917,3.5178475229479664,Low,1,0.010497244140019402,6.026459724171999,Low
PRV55790,2.8090744,0.0,27.01947355642779,8.159405590034682,Low,5,0.14781113557484382,12.980361704558863,Low
PRV55791,20.6853,0.6036176461604784,26.12936173943538,17.025895259912147,Low,10,0.164637944937719,19.761971149742564,Low
PRV55792,0.059072282,0.0,25.836873979956565,6.488754636071786,Low,1,0.0687722551401847,9.632817161781027,Low
PRV55793,0.35654622,0.3430717792429151,27.001094790416204,7.014314753996582,Low,6,0.16243207554378436,12.588691602479996,Low
PRV55794,0.13363162,0.0,7.343540205191967,1.9027008597134047,Low,1,0.012229302905960693,4.941234537696054,Low
PRV55795,0.06754903,0.28607222775772556,10.82380618387983,2.8112441166606574,Low,2,0.04427932970224613,6.443725602572828,Low
PRV55796,0.043612212,0.0,7.284483007786532,1.8429268579179694,Low,0,-0.05275936297048894,3.169936425196268,Low
PRV55797,0.05493454,0.0,6.680829253159605,1.6976745827403275,Low,0,-0.027284232283025733,3.7356720472463056,Low
PRV55798,0.12587748,0.9449789686866444,7.556650345971755,2.1883460710042106,Low,1,0.052781864330632144,6.203605655128715,Low
PRV55800,0.035666194,0.0,2.514162586492939,0.6463737435297775,Low,0,-0.11749178815828393,0.6364517132978778,Low
PRV55801,0.2268208,0.0,15.035406466232345,3.8722620149221534,Low,0,-0.07786875153308803,3.932640744244945,Low
PRV55802,0.05410861,0.0,0.014162586492938941,0.03059495088026999,Low,0,-0.0864687828372217,1.0181652029896402,Low
PRV55803,0.021100413,0.0,10.035406466232349,2.519401823085201,Low,0,-0.10508784332016441,2.2725370932717435,Low
PRV55804,0.33894676,0.0,4.5010947904162,1.2947470774544376,Low,0,-0.034812085623559585,3.256403735815414,Low
PRV55805,0.025506819,1.049444402120752,9.046798316097368,2.536814088888057,Low,1,0.09054617971641787,7.43690465405968,Low
PRV55806,0.10031673,0.0,8.444119744668797,2.161188302728135,Low,1,0.07050136038135701,6.648820828077795,Low
PRV55807,0.17065719,0.0,11.294815213950267,2.9090323973377026,Low,1,0.048258598681024445,6.589582952732259,Low
PRV55808,0.2022855,2.7351061921284647,22.155214590774822,6.3237229449161525,Low,1,0.025187573920205097,8.375438279540347,Low
PRV55809,5.5160155,0.32922096611139495,27.341509416996,9.675690360593133,Low,9,0.11726316600402731,13.348830211198454,Low
PRV55810,0.14324507,0.3430717792429151,30.836873979956568,7.866608975386228,Low,1,0.11359461616030198,11.771597349307658,Low
PRV55811,1.0194196,2.803782744575457,25.45207313289901,7.573673744816462,Low,2,0.1496131277978311,12.537022135116647,Low
PRV55812,96.97813,0.0,27.030109331597323,55.24659059583878,Medium,17,0.1448032044204295,46.18473533873645,Medium
PRV55813,0.16926289,0.0,27.760673483977012,7.024799814017935,Low,7,0.16700031569994434,12.742558181055431,Low
PRV55814,0.04641053,0.0,6.327894225711164,1.605178821830585,Low,0,-0.05330932323737958,2.989104622634205,Low
PRV55815,0.7638139,0.0,26.680829253159605,7.052114269724151,Low,4,0.06291037388227827,9.954132860976998,Low
PRV55816,0.13551675,0.0,25.836873979956565,6.52697686890529,Low,1,0.06510534528844425,9.563504898648645,Low
PRV55817,32.308136,0.05345501857885741,29.74270274930111,23.603107435134056,Low,25,0.21586329829539408,26.110735684448276,Low
PRV55818,0.02857426,1.3605560436812543,11.269473556427789,3.1717945300031163,Low,2,0.12282102643762216,8.753791710336696,Low
PRV55819,3.7755342,1.5039152749618576,15.384813332921663,6.10994922846319,Low,12,0.11322821057182286,10.827638234260522,Low
PRV55820,9.002846,0.0,14.443522006200936,8.112303383630312,Low,44,0.14124649198589234,13.822385694540289,Low
PRV55821,91.59498,1.974856603552679,15.053373468155161,50.054546684186725,Medium,28,0.22443725015843374,44.93190542367442,Medium
PRV55822,1.7130878,0.8189826379791019,17.48975929684685,5.433729382288946,Low,42,0.12392182131804563,11.439810871533531,Low
PRV55826,6.2411265,15.496485562702528,12.624553381592616,10.150823004735285,Low,6,0.22465147440500888,16.41430719198323,Low
PRV55828,0.81849825,0.0,11.087516635419055,3.181128285765927,Low,7,0.1484554995369458,9.566140286672294,Low
PRV55830,20.592821,1.182342628029673,30.425926819373583,18.198477922458725,Low,8,0.1791853691630909,20.910209575932143,Low
PRV55831,18.287764,0.20136558110705766,18.19419954683605,13.742773079776303,Low,82,0.12180530774050935,18.274517315727124,Low
PRV55832,29.22019,3.971008953439036,11.184314230055485,18.398925819982516,Low,64,0.2185603174395716,23.58544648775576,Low
PRV55833,10.0348625,0.5136690179337746,16.515761791932228,9.274788961621773,Low,20,0.24274712401628074,16.651002587357226,Low
PRV55834,83.726006,1.4102472951326843,17.3727673630573,46.558756441647105,Medium,45,0.167739770567498,41.45583471508195,Medium
PRV55835,20.939095,0.827207390165064,15.770393128775709,14.618947401463709,Low,24,0.2090035530880272,19.61526244903103,Low
PRV55836,20.895649,3.255382751660866,13.491097926143345,14.634444647600468,Low,18,0.16029405414552944,18.188917057273695,Low
PRV55837,13.06725,12.461007526495393,11.215887380572173,12.4528488526519,Low,10,0.198665614339814,17.45231523741989,Low
PRV55839,2.1122243,0.0,14.710362801962004,4.733702870709923,Low,21,0.1909676952799867,12.142540525631713,Low
PRV55842,93.81972,3.406586209414233,17.233485630439656,52.06987666357675,Medium,13,0.0878407829219714,42.36131855667734,Medium
PRV55843,3.4294348,0.9486002303184677,17.523339616985293,6.332702349979016,Low,22,0.11510130196154311,11.301094127233624,Low
PRV55846,43.43758,0.0,15.18057409915245,25.513933579109402,Low,50,0.21129459263970185,27.999761330425635,Low
PRV55847,2.1654959,0.31011357175788967,13.701348885462512,4.585613550553879,Low,17,0.09505140749074148,9.418625042703813,Low
PRV55848,2.047748,1.166772362147215,9.43311044119829,3.673844745254711,Low,4,0.1534433829935613,9.961180352547004,Low
PRV55849,98.887566,1.7480233322356122,22.666269652193165,55.54735605250368,Medium,130,0.1960846136440958,50.77232823768713,Medium
PRV55850,57.522552,5.604147164078737,16.252894010776004,34.22553653883087,Medium,34,0.2348216876639072,34.2847296500458,Low
PRV55851,0.5658193,1.784981932984649,12.208751774605272,3.7813430884289287,Low,7,0.14766900285860174,9.965685553458865,Low
PRV55852,92.30626,2.14371648058078,14.549300715807211,50.32638387673372,Medium,7,0.1597879815083325,42.8647141204611,Medium
PRV55854,0.07783871,6.699123083996629,3.7570812932464692,2.6529704500310562,Low,0,-0.013850276827928665,4.756329692783589,Low
PRV55855,1.9398981,0.0,12.332534237175837,4.053082625932905,Low,5,0.11189433117986736,9.164966405255935,Low
PRV55856,0.8780014,0.042259906537014016,10.832261772556356,3.157631115717175,Low,3,0.030721594130333707,6.357848737938079,Low
PRV55858,0.113346756,1.7762579044000666,16.892197426455713,4.723787210466249,Low,1,0.06407143242233393,8.274185090211834,Low
PRV55859,0.048065014,6.767640259166356,20.046028406102053,6.727449673408863,Low,3,0.10617650263802147,10.833533082618946,Low
PRV55862,0.09663987,0.12608717510898157,4.401908914336584,1.1803189581600364,Low,1,0.03357262890526502,4.994732011236106,Low
PRV55863,0.047784887,0.0,12.010621939869704,3.026547928594545,Low,0,-0.01718345752186151,4.930509331247407,Low
PRV55864,4.382576,3.8011039084900693,17.16570204005114,7.432989481520068,Low,8,0.22357044318288244,14.537193519415416,Low
PRV55865,7.046888,0.9084411093202969,19.782478596620493,8.696173863786832,Low,30,0.09264295990624294,12.581912647115189,Low
PRV55866,0.53835076,0.0,11.369251132318977,3.111488163548113,Low,11,0.09454995070534467,8.212525991269747,Low
PRV55867,0.73887706,1.0442398348949877,17.02595315005552,4.886986775252215,Low,7,0.16377435485542113,11.161573465045308,Low
PRV55868,1.9334545,1.3872422583481476,20.456628764887576,6.4276950125838335,Low,7,0.0744851427019767,9.900818784890692,Low
PRV55869,10.868718,0.8653072702144123,18.09034790561474,10.173272867596204,Low,36,0.1401826543988809,15.022428199961988,Low
PRV55870,0.115946166,0.43409822053948455,13.26511063170612,3.4827752961700646,Low,8,0.10719020852154548,8.723046859778371,Low
PRV55871,0.04047783,6.727896640343115,20.953715318523315,6.940641905174929,Low,2,0.08305273541467639,10.350112173222335,Low
PRV55872,2.334421,4.302103660217399,22.143950510060357,7.778724002278606,Low,12,0.09487201887484875,11.514874444231111,Low
PRV55873,8.062606,2.5959546181378994,15.155290639177235,8.469114243253344,Low,9,0.18059240410093425,14.16336295354029,Low
PRV55874,0.05024179,0.0,7.51947355642779,1.9049892844628873,Low,0,-0.058506390988771806,3.062816158295661,Low
PRV55875,0.029994072,0.0,7.615242989519685,1.9188077835762127,Low,2,0.0997009944016396,7.270989010388752,Low
PRV55876,0.31786966,0.0,9.016352167325339,2.4130228734505974,Low,1,0.006053772612098496,5.1366698312659445,Low
PRV55877,0.19886741,0.0,8.202894225711164,2.1501572616384768,Low,1,0.004803646594802036,4.919912378223673,Low
PRV55879,0.038020283,0.0,5.035406466232348,1.277861758049977,Low,0,-0.06476660095131381,2.4598182868013807,Low
PRV55880,0.079023905,1.0896723136571715,14.44529195160442,3.923253018864617,Low,3,0.1039687152466765,8.81275453284589,Low
PRV55881,0.3939959,0.0,0.014162586492938941,0.20053860206470964,Low,0,-0.032704856579000685,2.545664208878527,Low
PRV55882,0.11493827,0.0,8.221413047076886,2.11282239505689,Low,3,0.07604618358516568,6.813922454624413,Low
PRV55883,0.06642517,2.3435556633800436,6.4128697446687974,2.222318935524278,Low,2,0.02814631589329808,5.608815944806847,Low
PRV55884,0.6752613,1.1114782846395013,14.019672694383372,4.1204184040975305,Low,2,0.04446513593781387,7.365015463052923,Low
PRV55885,0.23094323,0.0,7.037869744668798,1.8749390525545668,Low,0,-0.014858734926055994,4.185287545761326,Low
PRV55886,0.14825748,0.0,3.827894225711164,1.0311022959635996,Low,0,-0.07362215430297103,2.0550837524586845,Low
PRV55887,2.066241,0.053925715508024566,28.389983679305086,8.14409786166562,Low,6,0.17684002446686364,13.757007560747667,Low
PRV55891,41.23317,1.481851937248623,19.850355357533648,25.949636601527597,Low,27,0.19834501812588012,27.34804333543669,Low
PRV55892,6.1647754,0.6937627665113143,18.959373749966296,7.995671814895159,Low,42,0.10988277783117761,12.865367589539762,Low
PRV55893,97.10537,1.6105731485058703,16.161990099301654,52.995825595887425,Medium,77,0.2267732903752795,48.367437836802395,Medium
PRV55895,90.06318,0.0,22.503540646623236,50.65747466971245,Medium,0,-0.055100738645579406,37.27877917870326,Low
PRV55896,88.77385,4.979866563804251,12.00125292390351,48.63220461557928,Medium,26,0.21272715091724836,43.575786744631515,Medium
PRV55897,97.608315,3.3992388716931465,19.06986630212395,54.42143355053435,Medium,44,0.22742627499675827,48.49656463374317,Medium
PRV55898,0.21123004,0.0,6.268083993130022,1.6726360180807842,Low,2,0.10163099271550646,7.149231987142452,Low
PRV55900,1.4328117,0.941456043181593,13.21591697245785,4.255749122440134,Low,8,0.19207801184055562,11.488068328979383,Low
PRV55901,1.1006063,0.9758546880486758,17.930229129415594,5.276824115510324,Low,12,0.08751769993975655,9.570871820530217,Low
PRV55902,0.13674788,0.0,11.910749438643345,3.046061300545903,Low,8,0.10066676343683634,8.246442073787364,Low
PRV55903,12.024833,0.17546134075529432,17.851531030778794,10.519164455645974,Low,25,0.18529889911141062,16.151231783207148,Low
PRV55904,0.04196177,0.0,8.987604953543933,2.2678821236383397,Low,4,0.05934535536416008,6.5117719407177095,Low
PRV55905,97.66468,0.08062555978851324,26.746972851161942,55.53923984321612,Medium,82,0.1965448737239558,49.49011444705596,Medium
PRV55906,0.07493293,0.0,8.769161146431623,2.229756753034755,Low,4,0.06833948414669122,6.720717571500726,Low
PRV55907,33.712208,7.587630251492575,15.26951886963667,22.570391177377036,Low,74,0.19301505769119898,26.10467911737929,Low
PRV55908,77.20196,0.9930967374266636,17.227059522101605,43.156017916200426,Medium,23,0.16934854602488014,38.525461350757624,Low
PRV55909,0.39406443,0.0,9.406333269982234,2.548615530706618,Low,9,0.11846914965235777,8.391472887726978,Low
PRV55910,6.653419,2.205329929706968,27.11259910339216,10.656191767170656,Low,34,0.11304223668531121,14.595739786710663,Low
PRV55911,95.787575,7.532620452280983,21.265135757013777,55.09322643635689,Medium,63,0.2151207381953405,49.15449919431616,Medium
PRV55912,98.349495,1.5944353128689632,19.498200782454767,54.44790649087195,Medium,64,0.19194719231719415,48.122506906009235,Medium
PRV55913,82.510445,1.3329335194654033,17.682586416562053,46.009102304563505,Medium,123,0.1159727995815184,41.80881549034722,Medium
PRV55914,87.88723,0.0,12.998584841252686,47.19326117002997,Medium,23,0.17145454509243807,41.40670581062504,Medium
PRV55915,0.17504,0.0,13.421105775787524,3.4427964472656676,Low,3,0.10001492512572951,8.372851251317776,Low
PRV55916,99.664116,1.0050587143611078,28.884366574980124,57.30441427521617,Medium,115,0.22129155320569938,52.259970418200545,Medium
PRV55917,0.03678307,0.0,7.610621939869704,1.9210470196535145,Low,6,0.08108496593286962,6.892225540178827,Low
PRV55918,0.053825002,11.062682371440037,9.764162586492938,5.2336237405650685,Low,2,0.1330795853321337,10.46583181965882,Low
PRV55919,0.3488143,0.0,8.864542897323428,2.3905428786525276,Low,2,0.07125267796462964,6.855898121597586,Low
PRV55920,0.117818765,0.0,7.046584775396236,1.8205555765201769,Low,14,0.14551519956588255,8.724627173271049,Low
PRV55921,0.46341392,0.0,7.730598637090759,2.1643566212620926,Low,8,0.10626288904415371,7.775859335090133,Low
PRV55925,7.00386,7.934237554715012,12.01281987052634,8.488694354708166,Low,5,0.14500019154168753,13.137221101525611,Low
PRV55926,0.27622867,0.0,7.439252620078501,1.9979274881723963,Low,3,0.08705620891578925,7.02194303425567,Low
PRV55927,1.1378068,0.0,12.158323803241409,3.608484337403217,Low,20,0.12693942350641763,9.650592201503546,Low
PRV55928,0.11022793,1.332616383068188,8.358297957522048,2.4778425489303464,Low,2,0.10894746821945811,7.904557817593506,Low
PRV55929,9.12912,0.0,13.420614985288381,7.919713682845533,Low,24,0.14912328544014686,13.357020945053748,Low
PRV55930,11.9829,6.5461918594869495,14.457793111984405,11.242446075784098,Low,9,0.17711620873566625,16.013623858667575,Low
PRV55931,5.171116,2.8110783023910697,19.715256322815215,8.217141593923643,Low,19,0.10199726787876273,12.196357617826997,Low
PRV55933,41.494648,1.5636667616807765,15.524369884496055,25.019333151412372,Low,77,0.20501935074588185,28.213970827563877,Low
PRV55934,95.339264,3.838695887140043,23.058035844386392,54.393814890889416,Medium,79,0.14720307347914363,47.31509503373315,Medium
PRV55935,6.3787713,0.0,13.181018254803542,6.484640216242999,Low,42,0.1230766737819099,12.153306791113692,Low
PRV55936,0.12311818,0.0,6.473419566771464,1.6799139802210223,Low,2,0.08112070979026864,6.61698630049947,Low
PRV55937,27.995667,0.6676052214706818,14.487276605062224,17.78655370858635,Low,42,0.2034269328156646,22.169708815777216,Low
PRV55938,0.06802671,0.0,5.569718142048495,1.4264428888002973,Low,0,-0.016149190778934397,3.8375321219905283,Low
PRV55939,53.820854,2.1628285006085126,21.13181027598541,32.73408678765434,Medium,29,0.1860772291566224,31.829451106845767,Low
PRV55940,0.11986695,0.0,8.458466776176715,2.1745501701942147,Low,0,-0.007131516437900276,4.5974574693378525,Low
PRV55941,0.14862381,0.0,6.426275943341062,1.6808808904444688,Low,7,0.08097357552897733,6.748036617060297,Low
PRV55942,0.4994693,0.0,8.701712697988727,2.425162829519803,Low,6,0.13803734580717464,8.7371780099453,Low
PRV55943,25.663626,0.07224572901518689,14.636811103207602,16.50907706663724,Low,87,0.19827619133515972,22.348586751957782,Low
PRV55944,4.2176104,0.0,15.538451422328329,5.9934180351780295,Low,11,0.20230289933547307,13.052850999766168,Low
PRV55945,0.082364544,0.0,8.226195939916558,2.097731257115351,Low,1,0.024822124578048887,5.407669844750447,Low
PRV55946,0.735141,0.0,6.5170594791846765,1.9968353594411734,Low,3,0.1598873660486113,8.929251341714828,Low
PRV55948,7.2182856,8.990420481085115,10.72923511113937,8.539056678360076,Low,4,0.200828226847525,14.608244263762913,Low
PRV55950,0.1103968,2.2963309957670197,5.470832429012334,1.9969892574075305,Low,2,0.09077846351044705,7.091958414851826,Low
PRV55951,92.548805,1.0746799726713,11.765123529450893,49.484353493938755,Medium,60,0.224042093899537,45.3814780608617,Medium
PRV55953,0.036463317,0.33021998200822733,5.405151135030146,1.452074437524588,Low,2,0.035453781437398746,5.261090006921727,Low
PRV55955,0.8771888,0.0,7.4287126859415835,2.295772572368117,Low,24,0.12467646596001758,8.779790245076681,Low
PRV55956,20.524263,0.5086670033894274,17.44831882128042,14.751378147146465,Low,7,0.1682021592968751,18.182649608232317,Low
PRV55957,94.97073,6.304085919285297,11.435305447765689,51.92021466305181,Medium,27,0.22036394425850614,46.10431254635292,Medium
PRV55958,0.061416313,0.0,7.98070612536683,2.025884687867796,Low,4,0.12384990366097526,8.03230121685646,Low
PRV55959,86.704445,0.9887518867960063,20.490095743580753,48.72193435022114,Medium,22,0.13100708868590993,41.390265531729135,Medium
PRV55963,0.08191043,0.0,8.463320229588328,2.156785273089602,Low,4,0.08727204284709045,7.165643663503936,Low
PRV55964,0.17281832,0.0,8.589963062609039,2.233899924656948,Low,3,0.10410872529381487,7.633875431130836,Low
PRV55965,0.3867947,0.0,8.903291605816593,2.41922024461287,Low,4,0.06268048595424935,6.705084306438298,Low
PRV55966,0.25851116,0.0,6.823245139920575,1.835066862902011,Low,3,0.03458237187799873,5.533200650400412,Low
PRV55968,3.027851,0.8554808330735892,17.1567669366854,6.016987494807911,Low,18,0.10190672375157539,10.627031983425603,Low
PRV55969,11.917605,0.0,27.123212972394217,12.739605943141278,Low,73,0.13864277618165566,17.771807322877898,Low
PRV55970,3.9278631,0.731953380734051,14.716084421083867,5.825941010970837,Low,18,0.21760575120057213,13.524449513909211,Low
PRV55971,99.672005,8.747451457622708,19.559745283438417,56.912801535118795,Medium,144,0.22287911272759442,52.80595679304498,Medium
PRV55972,3.1640205,2.5196038774521146,9.583910784593089,4.60788893467634,Low,28,0.1778071599865364,11.897602914668287,Low
PRV55974,34.230907,5.286350912552076,22.295170234969724,24.010834006973226,Low,21,0.10512455366606233,23.387564024757154,Low
PRV55977,98.27692,0.17277557234874394,18.925603193184674,53.91305294333648,Medium,114,0.13746399203770376,47.66300889485947,Medium
PRV55978,92.969635,7.1896947977327805,13.470544726320588,51.649877385896154,Medium,103,0.22683826066055623,48.124962796117785,Medium
PRV55980,0.4408405,0.0,7.36592354742245,2.06190114311267,Low,2,0.03391204981068063,5.647577523569362,Low
PRV55981,2.6114275,0.0,11.95293563367384,4.293947681192202,Low,18,0.16359238146281208,11.0369806683895,Low
PRV55982,0.04391569,0.0,3.759913810545057,0.9619362971320375,Low,1,0.04634908602801302,5.176589165184703,Low
PRV55983,6.6536145,0.6559927504340556,15.025268519686158,7.247122578043359,Low,10,0.18989385091292788,13.578499111245016,Low
PRV55984,2.2289708,0.0,13.831238701125509,4.572295058315129,Low,39,0.1111760878306044,10.42234983090767,Low
PRV55985,0.09775851,0.0,7.840206431907261,2.008930862586162,Low,10,0.10085608639959098,7.579102034911377,Low
PRV55986,0.34419996,0.0,9.001679331623174,2.4225198106374983,Low,21,0.13968812384673057,9.18126049877222,Low
PRV55989,0.014924395,0.0,5.007081293246469,1.2592325207606756,Low,0,-0.03615077067994227,3.19647190040623,Low
PRV55990,12.842859,2.979687345063992,17.86220888667974,11.631903692030171,Low,35,0.17737563202085393,16.991027288559017,Low
PRV55991,0.09377957,0.0,7.150155458045459,1.8344286501885594,Low,3,0.027736346879323026,5.353397777203234,Low
PRV55993,0.13908917,0.0,10.211478614834434,2.6224142372676447,Low,2,0.0032973926959514177,5.2378761875274575,Low
PRV55995,0.88021344,0.0,9.574929088628972,2.8338389918895275,Low,3,0.12471455387891939,8.5936761988185,Low
PRV55996,54.18567,0.0,14.519494453927459,30.722708086138116,Medium,33,0.1921834371325083,30.688842535967126,Low
PRV55997,6.817714,0.0,19.883153739877876,8.379645542131945,Low,32,0.12872285532449046,13.359276074554849,Low
PRV55999,14.601059,2.342957755265732,22.452621949655242,13.499424406210712,Low,21,0.09156640559401996,15.674373095748095,Low
PRV56001,5.151237,0.0,21.662392905954817,7.99121673196661,Low,58,0.1737739589245637,14.965637365096088,Low
PRV56002,30.428532,0.7082067783890945,14.12726211213133,18.923133045994366,Low,13,0.22835559453197718,22.839886366389436,Low
PRV56003,7.467789,0.9097625142489253,19.11563358466304,8.740243611291103,Low,8,0.17947391557902082,14.29700506408378,Low
PRV56004,0.0100580985,2.415482464821418,6.5141625864929384,2.2374403120649164,Low,1,0.08139271574076623,6.987535264490903,Low
PRV56005,1.3828919,0.0,10.16058740085568,3.2315927969073406,Low,10,0.13399244381748332,9.303090854584983,Low
PRV56006,13.770435,1.0602815483984342,21.248096037078827,12.462312062995291,Low,99,0.15153075018854512,18.61333478448395,Low
PRV56007,99.09287,1.0685889125404788,29.530089542745447,57.19610592363594,Medium,70,0.1957385725557309,50.30664910778003,Medium
PRV56008,97.49924,0.9167456605536204,25.06468145236787,55.24497530850381,Medium,142,0.1452156570789872,49.55011500899896,Medium
PRV56010,0.03491607,0.0,7.737836034205555,1.9519170432306825,Low,9,0.07447619539638084,6.821231074822005,Low
PRV56011,99.50629,2.0433527259462965,20.527004722637354,55.39573267269279,Medium,252,0.1626633142514866,53.06576911667322,Medium
PRV56012,85.099396,2.0899311901324307,20.508414194110745,48.199284222037356,Medium,30,0.18515453378023372,42.65776164111888,Medium
PRV56013,0.10076205,0.0,7.9750512947393535,2.044143847121623,Low,9,0.12126537148555194,8.11159974680871,Low
PRV56014,14.153581,0.0,18.243830348875683,11.63774792001311,Low,19,0.1401672987929905,15.590782602679168,Low
PRV56015,5.3452706,0.0,11.866188536550165,5.639182450986296,Low,19,0.1850480077683746,12.567597557861447,Low
PRV56016,0.061401997,1.0981564162006832,4.805829253159606,1.5066974157208526,Low,1,0.09599576950105748,6.858594489370104,Low
PRV56017,12.451364,1.9636710170989373,27.477112744502975,13.585877722169277,Low,11,0.1847210408746286,17.90695307913998,Low
PRV56018,19.751171,0.0,13.018323589671898,13.130166453448247,Low,28,0.2079640310779094,18.653264336625917,Low
PRV56019,35.6079,2.1081132407620986,19.95785230966798,23.32044074368662,Low,65,0.11548522748249701,24.356931721888863,Low
PRV56020,14.108202,2.057859911322175,9.942821266135821,10.05427128465991,Low,31,0.20749176094536959,16.56830182501919,Low
PRV56021,0.23807113,0.0,6.2648369855336545,1.6852448107464164,Low,10,0.14630876713539775,8.543317429269775,Low
PRV56023,33.984016,6.458816874264118,12.213888053906464,21.66018444127116,Low,11,0.18077196854430588,23.455507700511127,Low
PRV56025,0.08869961,0.0,7.170574839487485,1.8369935143924783,Low,14,0.10400255871458308,7.648561543893605,Low
PRV56026,0.62207144,0.11002019834772979,7.017566911009529,2.0929324998334398,Low,7,0.07977349564448921,7.0050323564047865,Low
PRV56027,0.8269017,0.0,6.378843456210633,2.008161701187973,Low,2,0.09341658599243297,7.168894184803837,Low
PRV56028,1.0970359,0.0,10.510087437279134,3.1760398017483724,Low,20,0.1905465920967343,11.014298434912835,Low
PRV56029,0.046756618,0.0,2.514162586492939,0.6519189554856825,Low,0,-0.11162984396374692,0.7939079676296391,Low
PRV56030,3.0676866,0.9242658930593528,19.904892479388874,6.741132871996944,Low,18,0.13190226953996176,11.919774412638336,Low
PRV56031,0.52795583,0.0,14.407714598680574,3.8659065647187427,Low,8,0.18162325534284618,10.941278778309332,Low
PRV56032,0.06553758,0.0,6.167761457082867,1.5747091539495288,Low,1,0.07134469310566893,6.260379542630163,Low
PRV56033,23.852652,0.8081969128386379,13.070402386058621,15.395975622758982,Low,3,0.1866919566306281,19.01089170030758,Low
PRV56034,0.09095901,0.0,4.64775624165419,1.2074185666677437,Low,1,0.07376341648968965,6.066643246317076,Low
PRV56036,0.2701563,0.0,7.779080459319242,2.0798482618835292,Low,5,0.07300140958785972,6.764763085562043,Low
PRV56037,0.05373609,0.0,6.528325172985879,1.6589493385765173,Low,0,-0.003714491145713872,4.326058093036956,Low
PRV56038,0.038224053,0.0,6.795156010042913,1.717901028829636,Low,1,0.11012972092972928,7.376726456541259,Low
PRV56039,0.27468094,3.1243762676040054,21.794821101736105,6.367139813483519,Low,17,0.08598699861561765,10.428218798016434,Low
PRV56040,0.07498118,12.401625366101703,13.41214414202315,6.4909329684380355,Low,3,0.12852907607490993,11.253577042127331,Low
PRV56041,2.1677806,6.835618793035994,25.63023161395209,9.200352920617565,Low,9,0.09636148591331406,12.46849969365531,Low
PRV56044,81.71652,12.477793021714016,26.95672149610866,50.7168897378541,Medium,33,0.23451612103543418,45.793825840432426,Medium
PRV56045,0.671434,2.082381698942112,17.362209626410944,5.196864823954917,Low,6,0.07247185281661728,8.95964668188028,Low
PRV56046,8.844662,1.7044021974621844,23.65632559826018,10.762512805253834,Low,14,0.18980826753711355,16.14441265782639,Low
PRV56047,0.03195693,0.0,4.180829253159606,1.0611857781466454,Low,0,-0.10332117570127275,1.2980700423586553,Low
PRV56048,0.45257416,0.0,7.829697426455712,2.1837114384515823,Low,4,0.07025251895819384,6.738604644242308,Low
PRV56049,2.7692552,0.0,17.597588304969708,5.784024656885127,Low,13,0.10244160768101729,10.343743007648833,Low
PRV56050,0.06399903,0.0,10.014162586492938,2.535540160130124,Low,0,-0.10788960803883962,2.210431675890793,Low
PRV56051,0.3485431,0.0,5.035406466232348,1.4331231703128935,Low,0,-0.030161217158668208,3.4751131440371017,Low
PRV56052,0.15906806,0.27354002683181516,9.869560892377832,2.6153092612531603,Low,0,-0.03334972065920477,4.219109147993241,Low
PRV56054,0.3507986,1.2485575638834103,17.342055688189305,4.823052616454458,Low,6,0.07711317810431628,8.819574262172578,Low
PRV56055,0.049561482,1.087084189765913,10.100602134728911,2.8217023220851383,Low,1,0.061226741980888955,6.868198822109008,Low
PRV56056,0.021978566,0.0,2.514162586492939,0.639529929834764,Low,0,-0.12217479841882406,0.5089728311296724,Low
PRV56057,10.787304,0.022866969340434223,29.747006748584866,12.836120391761598,Low,9,0.17371318859968654,17.04004158920658,Low
PRV56058,2.202264,0.0,26.238423158465242,7.660737824871743,Low,11,0.13600996468607496,12.48319419087717,Low
PRV56060,0.038366392,0.0,2.514162586492939,0.6477238427506494,Low,0,-0.11314219144099802,0.7513500344016677,Low
PRV56062,0.5605468,0.0,7.5673596217915,2.1721133131455526,Low,4,0.0597784270966103,6.456079637212026,Low
PRV56063,0.09718446,0.0,5.226601383887023,1.3552425744141863,Low,1,0.007566060109094885,4.435843404856485,Low
PRV56065,0.03003044,0.0,7.5141625864929384,1.8935558668927954,Low,0,-0.11415720076496377,1.5968406497071348,Low
PRV56066,0.07427665,0.8750501339519745,4.112069052725286,1.2839181209002246,Low,1,0.0661230713474209,5.92002675123496,Low
PRV56067,0.06859017,0.3589087347198868,3.389983679305089,0.9715181893238194,Low,1,0.02891194965687216,4.726468301246905,Low
PRV56068,0.3953375,0.0,8.194785378766987,2.246365090805524,Low,5,0.0932678909533331,7.412277871612596,Low
PRV56071,0.056713134,0.0,5.056650345971756,1.2925191535181237,Low,0,-0.08259567966125653,2.002981942971675,Low
PRV56072,0.04033283,0.0,2.514162586492939,0.6487070623444128,Low,0,-0.11950334174079413,0.5853851917485811,Low
PRV56073,0.4001384,0.0,5.872845263626432,1.6682805198794244,Low,1,0.010979561837961671,4.744398860162922,Low
PRV56075,0.089157976,0.0,5.039511930293098,1.304456970678333,Low,1,0.0557095443011304,5.661584338839831,Low
PRV56076,0.024541344,0.0,7.556650345971755,1.9014332587397524,Low,0,-0.03031761788832904,3.798832729120563,Low
PRV56077,0.016404493,0.0,7.998768722072247,2.007894426908345,Low,1,0.054912557251708516,6.133110630311668,Low
PRV56078,0.12209848,0.0,6.285406466232348,1.6324008581307055,Low,0,-0.06482741583532625,2.706402393336621,Low
PRV56080,0.058671366,0.0,5.546028406102052,1.4158427847371973,Low,0,-0.05857334614761789,2.7186594784933087,Low
PRV56083,0.11067769,6.379448410923852,4.19145119302931,2.6980637456452348,Low,1,0.027452251378767834,5.8968081705426165,Low
PRV56084,0.18650717,0.0,5.014162586492939,1.346794229339223,Low,0,-0.11271386390849947,1.2519208775574189,Low
PRV56086,0.27658474,0.0,7.810499354012636,2.090917210729874,Low,1,0.06777659618976417,6.528246114730688,Low
PRV56087,0.16767052,0.0,2.514162586492939,0.7123759057031679,Low,0,-0.10199850004147643,1.088555353936329,Low
PRV56088,0.31079534,0.0,10.365193438158132,2.746696028020406,Low,9,0.08715805693425871,7.70982311097381,Low
PRV56089,0.020984545,0.0,5.014162586492939,1.2640329192982722,Low,0,-0.12101500540931681,0.9765098521195805,Low
PRV56090,0.06967082,0.0,7.941631290855383,2.020243232086891,Low,0,-0.0014113682987440535,4.639302363517649,Low
PRV56091,0.1594845,0.0,5.014162586492939,1.3332828994499255,Low,0,-0.09468232950842037,1.7148635186114298,Low
PRV56092,0.03097163,5.1186145034413535,18.796028406102053,5.994146542158398,Low,1,0.0644593261687526,9.173598887215771,Low
PRV56093,0.067421876,0.0,6.458666924868925,1.648377669164266,Low,2,0.021794732978563713,5.040654613876034,Low
PRV56094,0.74540216,0.0,10.165682366905408,2.9141216703796875,Low,2,0.0721483320726628,7.245868140389954,Low
PRV56095,0.24894053,0.615188422051825,13.408419565705204,3.630372260658816,Low,1,0.05408149303362375,7.2470724126647905,Low
PRV56098,0.18429594,0.0,9.645389387630313,2.503495315617047,Low,2,0.027189199623370408,5.780564325006663,Low
PRV56099,0.10523845,0.0,2.556650345971756,0.6917818127698135,Low,0,-0.04073118190971725,2.6792561410067974,Low
PRV56101,0.052984122,5.851985200353771,6.599138105450572,3.1392728875445353,Low,2,0.06870112587682753,7.313162089796192,Low
PRV56102,5.8886666,7.785832358895327,10.742075106883101,7.5763101813402365,Low,10,0.19607818842463398,13.970951286188255,Low
PRV56103,98.83484,1.9209569139512022,25.906919331380006,56.374388494926556,Medium,72,0.203428253414071,49.986596891533345,Medium
PRV56104,90.89352,1.1355131139208043,20.51538592975249,50.859483031181995,Medium,42,0.1368718955363113,43.577111963556995,Medium
PRV56105,32.302223,0.11851537012226411,23.83556566306486,22.139631861079984,Low,29,0.18846458103966102,24.475877884292352,Low
PRV56106,0.45542243,0.0,27.952073132899013,7.215729498840026,Low,2,0.11123877295362095,11.281107609795965,Low
PRV56108,0.1580736,2.393403487402697,9.690364781632535,3.0999788693122596,Low,2,0.08083553402283217,7.6035605230939876,Low
PRV56109,0.14329001,0.0,7.728905869687037,2.0038714739591965,Low,0,-0.027999650028211864,3.931266943041955,Low
PRV56111,0.59104973,0.5631443281340929,20.968599522518513,5.678460828052022,Low,6,0.10536556637192529,10.158532426081658,Low
PRV56113,0.366861,0.5174680745825638,15.69312822311244,4.2360795673017115,Low,6,0.08939821992615848,8.730543762028276,Low
PRV56114,0.088492334,0.7611645710161791,16.094459517208772,4.258152189000741,Low,4,0.11210760199921166,9.287256854151693,Low
PRV56115,0.049019553,0.0,10.014162586492938,2.528050423006873,Low,0,-0.09577829973013002,2.5224879230609663,Low
PRV56116,0.06698406,0.0,6.61915276294705,1.6882802194499889,Low,3,0.06962283480529019,6.348460323559226,Low
PRV56117,0.15199468,0.1483135370344614,9.129721103024629,2.395505997713709,Low,1,5.150274775644892e-05,4.967157079191926,Low
PRV56118,8.953978,0.0,25.26067348397701,10.792157163413686,Low,14,0.1992156318539896,16.4116232823871,Low
PRV56119,16.448486,0.04121986480310138,26.473396408956646,14.852897232502437,Low,11,0.15955164144075018,18.13446424598849,Low
PRV56120,0.32309714,0.0,27.786227559044498,7.108105459559594,Low,4,0.15508596524295015,12.408196172793357,Low
PRV56121,10.560946,1.3422570679881431,29.741636065363714,13.051446515607251,Low,16,0.19503414241564476,17.93726802420846,Low
PRV56122,0.094084114,0.0,24.77887256819398,6.241760198966639,Low,3,0.11596852441160288,10.750087502987082,Low
PRV56123,74.30005,0.8642547545753687,29.421085775225908,44.72135954651282,Medium,40,0.2236755955441947,41.50086781000191,Medium
PRV56124,2.919833,0.922062594615278,26.72331701263842,8.371261374248423,Low,6,0.1966025550762327,14.433772231846408,Low
PRV56125,0.22923955,0.0,25.900605619174787,6.589771181400256,Low,7,0.11426729264401891,11.056507886778629,Low
PRV56126,1.3272414,0.0,27.813184244010124,7.616916771375456,Low,6,0.13095192937886269,12.185777929751477,Low
PRV56129,32.720905,0.6022732426222525,27.505337464569447,23.387355328775463,Low,23,0.17164735045541957,24.74762294821113,Low
PRV56130,11.575339,0.0,26.883050508067914,12.508432285677866,Low,17,0.15315578824841647,16.48685034588675,Low
PRV56131,7.005082,0.5047530650338686,33.61195861827109,12.031718986042303,Low,15,0.16386500814983918,16.38002610073228,Low
PRV56133,25.49403,0.1662268742548114,26.10462875718005,19.314728907248362,Low,15,0.17808927121194595,21.85078852000216,Low
PRV56134,99.02202,1.1602339095316585,29.190133038741926,57.09860095337699,Medium,62,0.21153644147770245,50.43751223922095,Medium
PRV56135,5.1387353,10.6655760386587,15.450669136229367,9.098428940893037,Low,6,0.20774705283152273,15.234759529340547,Low
PRV56136,0.051761545,3.981888362878025,8.86596882207745,3.2378450688593086,Low,1,0.13278949351657687,9.034341118638274,Low
PRV56137,0.19960457,0.8342735199462641,11.567067012638422,3.200137418578987,Low,7,0.05545563367672002,7.142982380412553,Low
PRV56138,0.23439172,0.9494755000785187,16.274844558971335,4.423275874313893,Low,4,0.10855759009696975,9.309838167877828,Low
PRV56139,0.7262069,9.217311398171464,15.702192920762096,6.5929795290780255,Low,4,0.14751078664099293,11.849149109142441,Low
PRV56140,20.583084,0.0,15.54241023445038,14.177144611835251,Low,17,0.16211580532309033,17.889688686141607,Low
PRV56141,0.671608,0.17803366883574212,13.220251824276023,3.685375358873644,Low,3,0.05523168437012915,7.369399234763195,Low
PRV56142,14.056714,8.167435136725889,9.885828550209405,11.541672950695004,Low,8,0.21687672493469046,17.237906043920027,Low
PRV56143,0.11288503,0.0,11.144147456478533,2.842479378181561,Low,2,0.02112631768651585,5.859014279595387,Low
PRV56145,0.15634938,0.0,11.707299801723789,3.004999638352948,Low,7,0.11033269798517331,8.444087019060056,Low
PRV56146,1.4190832,0.6128661776363276,14.84404776356381,4.573770104124039,Low,3,0.08036717959274564,8.64978980467821,Low
PRV56147,0.08280097,15.32034942342808,13.347495919826272,7.208361820554322,Low,2,0.1783596395338043,13.03442153646764,Low
PRV56148,1.0618131,1.0348133108936157,17.208317392759792,5.091689233950156,Low,13,0.10056721708131333,9.810001842066331,Low
PRV56149,0.14031976,1.1114782846395013,18.444916666905094,4.959258620193202,Low,2,0.07179618415173328,8.668238230260105,Low
PRV56151,1.4584607,1.1085115894497926,18.030840020446217,5.514068246769504,Low,9,0.04585484493309311,8.564898216409796,Low
PRV56152,0.15303129,0.0,11.00762868845457,2.8284228169023846,Low,1,0.059819839036367894,6.836044311050495,Low
PRV56153,0.07480372,0.0,5.298010044196262,1.3619043697662687,Low,0,-0.024393636287905807,3.5763624046584708,Low
PRV56154,0.03808422,0.0,6.375980466279202,1.6130372266403867,Low,2,0.06019105454416385,6.021845354124291,Low
PRV56156,10.105643,0.16787495904417785,16.080702845477678,9.114966087330416,Low,7,0.16004676580514476,14.02350144862957,Low
PRV56157,0.6847872,0.0,11.355030087509876,3.181151128778638,Low,3,0.0556458069160366,7.027291695782156,Low
PRV56158,0.24306493,0.7814726123856469,11.490741342187256,3.1895859511805145,Low,3,0.03522135375947999,6.498104429266751,Low
PRV56159,0.27329755,0.0,6.7569792016952315,1.8258935745708416,Low,3,0.03158812819356027,5.448334419935143,Low
PRV56161,95.51794,0.6951350371687824,16.063564888326074,51.948643334645205,Medium,13,0.15707899783766255,44.090398044772556,Medium
PRV56163,0.105329774,0.9512910879734647,10.61294132835427,2.943722991241996,Low,1,0.061249611179171604,6.954212431008445,Low
PRV56164,0.057556026,0.0,6.680070543168911,1.6987956486341678,Low,3,0.05421282245362802,5.952100703553022,Low
PRV56165,0.6309391,0.9316939574216097,14.543996660611185,4.184392217515553,Low,4,0.03419487730104598,7.194422229066996,Low
PRV56166,0.039243307,5.5802617282419105,9.074302155410782,3.683262624395491,Low,2,0.10695825584324747,8.696237333549712,Low
PRV56168,0.023651121,0.0,15.014162586492938,3.7653662072153495,Low,0,-0.09184478119626327,3.4916615666474726,Low
PRV56169,0.0794163,0.0,13.395591880724217,3.388606118869132,Low,2,0.03878182081227732,6.7038520851419765,Low
PRV56170,0.7554473,0.1313605912890116,17.39967148573687,4.760481683301805,Low,9,0.17187643427528276,11.33897414067486,Low
PRV56171,0.5206594,0.4613797615278467,11.973317012638422,3.369003887097399,Low,1,0.0238014912443949,6.270821543083757,Low
PRV56172,0.24039803,0.0,10.097886617152792,2.644670671514894,Low,6,0.14674610992068493,9.11899074082503,Low
PRV56173,17.890362,8.671450520328374,14.258549367044896,14.677680864787654,Low,8,0.21704755481082794,19.437587083728893,Low
PRV56174,0.01328153,0.0,8.436140223094457,2.115675820658265,Low,3,0.11863260191358815,7.931623482109471,Low
PRV56176,0.2683903,0.2006626292188635,17.701190620706665,4.609658461426237,Low,2,0.07597058392244627,8.532881459790167,Low
PRV56177,0.23486978,1.4678844106736642,19.76293965838942,5.425140906343912,Low,1,0.023059928423108222,7.690689564666494,Low
PRV56179,0.11936584,6.809011252865395,12.653735719391953,4.925369663639479,Low,3,0.1253992659724319,10.075686152670967,Low
PRV56181,0.09445398,1.1800499740548038,11.845067485848652,3.3035063564802947,Low,2,0.058431724343741,7.159081794403094,Low
PRV56182,0.29021212,0.0,10.004151221080392,2.6461438675631506,Low,7,0.08386096251634778,7.4993661360955,Low
PRV56183,0.23964676,0.0,11.53800897460744,3.004325624956601,Low,3,0.08870702965909893,7.769670887068404,Low
PRV56184,0.28043613,2.101495301401064,16.874952229370955,4.884329946881962,Low,1,0.01826031758052782,7.186378910943407,Low
PRV56185,0.022484323,0.0,5.06727228584146,1.2780602329652893,Low,0,-0.008791709354006527,3.9264198186077763,Low
PRV56186,0.04424449,0.27354002683181516,6.995381985189981,1.839352748287384,Low,1,0.056363077461047406,6.053133023049963,Low
PRV56187,0.0565619,0.0,13.18014537043995,3.323317291830049,Low,1,0.0752313583407177,7.586230343953483,Low
PRV56189,0.024748852,0.27354002683181516,12.13998367930509,3.115755352772465,Low,0,-0.0204976121990611,4.906128386236915,Low
PRV56190,0.5462618,1.4005784350080035,18.389983679305093,5.22077142228555,Low,0,-0.06854955255520662,5.120747096681183,Low
PRV56191,0.17857882,0.08769083917844098,16.152626044109304,4.149368632724364,Low,4,0.09640226052300016,8.799650741028973,Low
PRV56193,0.11627699,0.1483135370344614,6.793462762031936,1.7935825682150952,Low,1,0.03987641108864781,5.589166671534098,Low
PRV56194,0.12843302,1.8671746941967298,17.86206905272529,4.996527446191908,Low,3,0.035345534513615884,7.766216835027503,Low
PRV56196,0.03375631,0.0,5.452073132899014,1.3798964373535434,Low,0,-0.03589064150265897,3.2877516567287977,Low
PRV56198,0.36867246,1.3094816879918139,15.930265158303033,4.494272941732517,Low,2,0.017842615895937164,6.929241454490969,Low
PRV56199,0.24199788,0.0,11.570801551814833,3.0136993293156125,Low,1,0.02481396631813093,6.048633760476607,Low
PRV56200,0.557323,0.2470244017111123,12.40636710445162,3.4420093660273774,Low,6,0.09379028767008502,8.289760553316778,Low
PRV56201,0.40628746,1.4005784350080035,18.389983679305093,5.150784259337895,Low,0,-0.08789151704850079,4.565024104792265,Low
PRV56202,0.04649699,0.0,23.336873979956568,5.857466990523204,Low,1,0.08913505088747409,9.724392115608328,Low
PRV56206,0.059942164,0.0,6.988212311747463,1.7770241597003718,Low,3,0.1025374320686232,7.272896746534883,Low
PRV56207,10.380538,0.7166369190449603,7.663746248878095,7.285364785358449,Low,9,0.2191716131924647,14.345458776259157,Low
PRV56208,0.20590395,0.0,7.245978986191483,1.9144467202245523,Low,8,0.0842384144872621,7.0239124756851155,Low
PRV56209,0.18447311,0.0,6.78516839729959,1.7885286554376638,Low,23,0.1116458282452788,8.056489678745297,Low
PRV56210,31.625725,3.828971713440655,11.430162767387575,19.62764601644729,Low,37,0.1782287103512855,22.664087630544497,Low
PRV56211,0.07820056,0.0,6.459204653450755,1.6539014415316053,Low,9,0.08769225829734928,6.95886221685206,Low
PRV56212,0.08380429,0.0,6.484750821787057,1.6630898489549601,Low,2,0.04820111179742448,5.742762731807482,Low
PRV56213,14.536927,0.4374420530192636,17.95948631417227,11.867695703400667,Low,58,0.11578168244146525,16.15985742915713,Low
PRV56214,0.052554604,0.0,7.524784526362644,1.9074734334236945,Low,0,-0.052622421304762745,3.2187067050488665,Low
PRV56216,4.8771915,0.0,12.279095216327045,5.508369575871312,Low,44,0.1470177016524835,12.150829519405884,Low
PRV56217,0.06804071,0.0,11.409275021058294,2.8863391120985082,Low,3,0.0571721587694799,6.860911533170486,Low
PRV56218,2.643755,0.0,9.453851751610364,3.6853404174558135,Low,12,0.17833000117537967,10.835986447273669,Low
PRV56219,38.467754,3.44997288782902,22.16378377266935,25.637316347131428,Low,27,0.18921688165408246,26.890274956168255,Low
PRV56220,0.019265799,7.139317062875223,12.35543242776278,4.883320272085425,Low,3,0.13758064828394478,10.365386481012624,Low
PRV56221,16.97244,0.4371471664401119,13.792618050808167,12.043661664114316,Low,38,0.21895850123087413,18.44920685083634,Low
PRV56222,1.3605745,0.0,12.773498926087324,3.873661973457561,Low,12,0.1032263916054178,9.000203715024295,Low
PRV56224,1.0544051,0.0,8.893765577606844,2.750643940998238,Low,12,0.17702622514092003,10.147541834785905,Low
PRV56225,98.317276,4.6667290088493,19.80610847908135,55.27684737247095,Medium,90,0.24438112418794034,50.77444658781879,Medium
PRV56227,0.13998255,0.0,9.801050371996006,2.5202538686671456,Low,3,0.11613094501995858,8.149288260858164,Low
PRV56228,4.3088646,0.3010455509064586,17.189976211617715,6.527187737383973,Low,22,0.11759135639816654,11.502469785392325,Low
PRV56229,0.02474102,0.0,8.46843429234276,2.1294790831125026,Low,1,0.055845595021011385,6.242664153027553,Low
PRV56231,74.449875,3.90686623020762,15.584240685766199,42.097714167958294,Medium,42,0.23282290364811786,39.95765379088452,Low
PRV56232,0.16187394,0.0,7.391165529173388,1.9287283506199155,Low,1,0.07151984175401793,6.512781625936858,Low
PRV56233,0.37025306,1.7840791428814018,22.251511295247674,6.194024137676152,Low,12,0.10536230288955284,10.68041506972233,Low
PRV56234,0.20138927,0.0,11.887238353440353,3.0725042223804166,Low,6,0.07413517614706999,7.516170967854389,Low
PRV56235,19.40152,1.2929366421475472,11.854305455412943,12.987570412085434,Low,21,0.20671475841222642,18.33279847641026,Low
PRV56236,1.9828436,3.9230368174546415,11.834941177163806,4.930916317387827,Low,10,0.12950572064323673,10.375071549005865,Low
PRV56237,3.3749628,0.0,12.637248406960497,4.846793505090954,Low,17,0.09130096128507448,9.503194651026302,Low
PRV56238,3.8799393,7.65687596155054,12.09274573768643,6.877375083660866,Low,6,0.2293930245188277,14.247115520762513,Low
PRV56239,5.813076,1.6851606705042659,18.453681352839688,7.941248515479543,Low,21,0.13334702445824986,12.878242801169824,Low
PRV56241,2.3227773,0.0,14.314903031047294,4.740114393397199,Low,12,0.09587919469221673,9.414234292869534,Low
PRV56242,0.9721441,0.4427704731590056,17.973878755564865,5.090234370627012,Low,17,0.15973770374383678,11.466548636058361,Low
PRV56243,59.937984,1.8340799910965297,14.105544569962875,33.95389837354122,Medium,132,0.2300550027164181,36.600575047116635,Low
PRV56245,5.6094756,0.2207823250231316,13.028590467369225,6.11708100441828,Low,6,0.08862146211393829,10.026894817382352,Low
PRV56247,1.7032219,0.7697077412339267,13.23910220938101,4.353813446229936,Low,6,0.156743444580713,10.577306641404586,Low
PRV56248,4.6610665,0.8161132830188436,17.571892873587707,6.9275348052191426,Low,97,0.12383181867842308,13.959626793466823,Low
PRV56249,96.34975,1.0074385936329489,16.708391849370283,52.60383096280159,Medium,132,0.22806220687963852,49.603319441155975,Medium
PRV56251,0.093038745,1.7054884946964393,19.251231639218226,5.285699406090904,Low,2,0.08265680768254013,9.181279680037473,Low
PRV56252,0.19826934,0.0,5.851744695774154,1.562070842651386,Low,1,0.06514999264001309,6.089240377422046,Low
PRV56253,98.41822,6.388219694531459,17.17978494855844,55.101111420782246,Medium,76,0.2072236900356318,49.30212053477019,Medium
PRV56255,0.3517303,0.0,14.007640671164395,3.6777753113286202,Low,12,0.09121280699355971,8.548344210334522,Low
PRV56256,1.3516887,4.364173835384247,10.9439700870626,4.502880351930529,Low,11,0.19595398433551203,11.843142072589108,Low
PRV56257,94.54519,0.0,13.351140537818601,50.610379586358945,Medium,20,0.2053303203611686,44.60564895166527,Medium
PRV56258,0.15926015,0.0,6.626150539014959,1.736167711638963,Low,8,0.0849861270704314,6.918706176585324,Low
PRV56259,88.20654,0.40833400188080815,9.556250064235252,46.594417500904015,Medium,30,0.18653653651801172,41.57056144373162,Medium
PRV56260,31.30419,0.15962958872111502,29.070827255296088,22.959709052007717,Low,54,0.21269153856429646,26.35578470945105,Low
PRV56261,0.18010536,0.0,12.111991373410335,3.1180505225336828,Low,8,0.054799203071428826,7.095169641930447,Low
PRV56262,0.16858147,0.0,5.855220967004239,1.5480959771746248,Low,1,0.03996528145873912,5.419654335185353,Low
PRV56263,0.099855326,2.7211448284052993,10.278922730109413,3.2999445526867204,Low,2,0.1730331818367551,10.158983828112671,Low
PRV56264,38.56321,0.16370114089761853,15.64478910705355,23.233727328833496,Low,18,0.19168555560356082,25.030827653706076,Low
PRV56265,11.446584,9.25362618557192,17.077813350170004,12.306151757867365,Low,26,0.21550384716232784,18.220295239168692,Low
PRV56266,0.20548198,0.0,8.354638723813752,2.1914006690887757,Low,2,0.12461545772725469,8.114527556951792,Low
PRV56267,0.13161309,0.0,8.771243879739409,2.258617515252025,Low,0,-0.06528750080048878,3.13270048118075,Low
PRV56268,94.75181,0.6701776784879869,12.180080712094187,50.5884686808975,Medium,125,0.23258101513063745,48.12303273405779,Medium
PRV56269,0.8348026,0.3024759189539284,19.319524427841316,5.322901400480549,Low,8,0.14887374908418138,11.103184648210728,Low
PRV56270,17.158676,1.3125114635975557,19.925733157096445,13.88889922890397,Low,97,0.1571174453171138,19.70461799711457,Low
PRV56271,0.5392288,0.0,14.201159598934115,3.8199042982129905,Low,12,0.12094001116725484,9.426644997439173,Low
PRV56272,0.048249636,0.7437576784137779,19.605139731389073,5.111349170373424,Low,1,0.06710046244743217,8.624834743461673,Low
PRV56274,0.25959477,0.0,16.15574714387839,4.168734170112473,Low,4,0.10954066582528932,9.157414161714083,Low
PRV56275,0.23658459,1.8346563928709334,20.619512419239534,5.73183449747027,Low,7,0.13898272625405772,11.103461439076707,Low
PRV56276,0.05871019,12.156426431453323,7.641707757436322,4.978888642921841,Low,1,0.15904667936427852,10.940972568772592,Low
PRV56277,0.10072835,0.0,9.199032446667307,2.3501222856155914,Low,2,0.07419705190314463,6.904742118644858,Low
PRV56278,0.13428676,1.6613535703504383,16.295224735519316,4.556287957109376,Low,8,0.07811006164156531,8.712647207544135,Low
PRV56279,0.37882835,1.5552790162912369,17.894853543270102,5.051947313254974,Low,5,0.07980924474243933,9.023588026186022,Low
PRV56280,0.94765824,0.0,11.62539495070071,3.380177858072745,Low,2,0.02114478673878628,6.235887078437526,Low
PRV56281,0.310922,3.3608772842348054,24.339651607865704,7.080593221441075,Low,11,0.08015863047115601,10.61386739690905,Low
PRV56282,0.11429932,0.0,7.535406466232347,1.9410012764003395,Low,1,0.0064292537143043615,4.816091784514659,Low
PRV56283,0.050459903,3.0495038997490926,5.8899836793050895,2.2601018461303277,Low,1,0.026578740072077722,5.567350086221116,Low
PRV56284,0.06168043,0.43626377829548746,17.808026911346452,4.591912886752364,Low,6,0.09241008263779216,9.058533607746714,Low
PRV56285,12.817946,0.3362688599953211,31.545357369265837,14.379379774325788,Low,13,0.1882052682555787,18.60737759585605,Low
PRV56286,0.24778682,3.5275212637909106,33.34749591982627,9.342647705871718,Low,1,0.13934306890085002,13.47939732462362,Low
PRV56287,1.5360386,0.0,12.953022178678337,4.006274863250212,Low,13,0.08723988000714888,8.701054494179907,Low
PRV56288,0.08517262,0.3430717792429151,32.086873979956565,8.150072751497829,Low,2,0.1381718461805327,12.640756123602849,Low
PRV56289,0.55843616,0.0,24.352806889761126,6.3674198000998885,Low,5,0.13000179221916264,11.259392169177703,Low
PRV56290,0.46118373,0.3194646712302513,13.797092799248414,3.75973123101345,Low,3,0.07712168114983098,7.99493514731879,Low
PRV56291,0.5540677,0.15192332993214056,11.89774443949878,3.2894507780072204,Low,7,0.09283697706162364,8.184839796342642,Low
PRV56293,0.036496636,0.0,4.19145119302931,1.0661111160205368,Low,0,-0.02779588670453309,3.2801730019441973,Low
PRV56295,0.10612302,0.0,5.077894225711164,1.3225350677953505,Low,0,-0.03773807118476169,3.199198666230015,Low
PRV56297,0.14538358,0.0,13.64616386175405,3.484232756198076,Low,3,0.09015243014225072,8.143473317161277,Low
PRV56299,0.03606667,0.0,7.599138105450573,1.9178178613480186,Low,0,-0.07073687402799184,2.75137489040965,Low
PRV56300,0.2506647,1.7762579044000666,10.162869744668798,3.110114267766484,Low,0,-0.011079479550541949,5.148921315564915,Low
PRV56301,0.27153987,0.0,4.223317012638423,1.1915991866217488,Low,0,-0.04090049233359361,3.0246926102486915,Low
PRV56302,0.16851664,0.011473874543583618,6.952894225711165,1.825350343011075,Low,0,-0.05534780330936856,3.0898194069889033,Low
PRV56303,0.047464903,0.0,2.5354064662323474,0.6575840682801127,Low,0,-0.10197702053668489,1.050763800235615,Low
PRV56304,0.42149216,4.234487030140425,8.99840165095294,3.5189682499566453,Low,2,0.07866211338087647,7.839912557939443,Low
PRV56305,0.13676916,3.4215179904164805,21.744048690460744,6.359776250533465,Low,0,-0.008724454697977946,7.485383007300355,Low
PRV56306,0.10612261,1.0248989656159404,14.427340150643674,3.916121085541497,Low,2,0.04989229637550363,7.364191229581261,Low
PRV56307,0.03315298,0.0,5.911227559044498,1.4943833791947707,Low,1,0.011185474823756092,4.628065489234952,Low
PRV56308,0.23307543,2.6178472937843367,15.210249216561683,4.573561840100906,Low,3,0.036306589213308205,7.4953191778908295,Low
PRV56309,0.04403921,0.38554829080928477,8.38998367930509,2.21590259674958,Low,1,0.03129050960577617,5.65985227631575,Low
PRV56310,0.036029525,0.0,2.514162586492939,0.6465554091738271,Low,0,-0.11774996054209402,0.6298151297488421,Low
PRV56311,0.09508414,1.7846898560373636,20.32631451164633,5.575293161028218,Low,3,0.06010841181637083,8.820105023776572,Low
PRV56313,0.022347348,0.0,7.556650345971755,1.900336260398371,Low,0,-0.08149117032514047,2.4573904924884644,Low
PRV56314,0.102816686,0.6053246285468189,5.3620690527252854,1.5432567633351273,Low,2,0.04498664345449299,5.5746650702061995,Low
PRV56316,0.022404715,3.6640902012854677,13.785406466232347,4.373576524588861,Low,1,0.03719073393509331,7.324801516887254,Low
PRV56317,0.07283738,0.0,8.764162586492938,2.2274593379007386,Low,0,-0.07593468864562103,2.831948568981555,Low
PRV56318,0.29409176,0.0,15.014162586492938,3.900586527179341,Low,0,-0.08040004212111346,3.8861516872944364,Low
PRV56319,0.092572525,1.0191398368883777,7.983568027623787,2.2969632286998527,Low,1,0.05167382474018489,6.250608603169333,Low
PRV56321,0.13614382,1.8543448567373306,10.305367523936699,3.1080000044173364,Low,1,0.04873463634770814,6.741331787934117,Low
PRV56322,1.1278487,0.10679434911110106,14.128800430746773,4.122823067160666,Low,0,-0.001083942780655267,6.1196863312536145,Low
PRV56324,0.03225404,0.0,10.014162586492938,2.5196676667438553,Low,0,-0.09182186380642304,2.6202729913573743,Low
PRV56328,0.06297496,0.10014950249701683,12.111958618271085,3.084514509997972,Low,1,0.0031502729034759147,5.530646411402156,Low
PRV56329,35.190887,0.8635888164210098,31.241324211471504,25.621671982559068,Low,14,0.16383165363057106,25.86527371971408,Low
PRV56330,0.11427918,0.0,7.554136065363709,1.9456736067235032,Low,0,-0.015506961735214764,4.217819112643417,Low
PRV56331,0.010281171,0.0,5.014162586492939,1.2586812319824208,Low,0,-0.12000745351977232,0.999160098410383,Low
PRV56333,0.38754794,0.0,12.527784770025699,3.325720162514321,Low,3,0.10511858656650575,8.424606527598867,Low
PRV56334,0.029873041,0.0,3.9128697446687974,0.9931539568852374,Low,0,-0.021843943136779065,3.3850354521688724,Low
PRV56335,10.2535715,0.0,26.153330980395683,11.66511850025639,Low,18,0.1555325337646144,15.985643687988485,Low
PRV56336,6.2602305,0.3962863060717254,27.54221478445571,10.114740543246484,Low,21,0.18393582595553237,15.725041914925875,Low
PRV56337,0.216809,0.0,5.035406466232348,1.3672561188306929,Low,0,-0.08295423862810103,2.0459040834005964,Low
PRV56338,3.1807926,0.0,25.813731639218222,8.043829194861623,Low,10,0.17460310270200174,13.735597873552653,Low
PRV56339,0.17383926,0.0,15.836873979956568,4.046138123072848,Low,1,0.10617383114919154,8.902853733005754,Low
PRV56340,8.159257,2.369539633046185,34.73638480871516,13.35610957800015,Low,3,0.19280477689627218,17.74313267141677,Low
PRV56341,0.05735822,2.080044225360003,30.847495919826272,8.260564146406375,Low,1,0.11967865935701594,12.20675925315874,Low
PRV56342,0.23646197,0.0,28.343955273203036,7.204219801915681,Low,5,0.15430306869264987,12.481811073186648,Low
PRV56344,0.049279496,0.0,7.986411274154567,2.021242566575503,Low,0,-0.030469793923735056,3.8787124487749125,Low
PRV56345,7.964799,1.8371540348457251,20.368496737987943,9.53381215686198,Low,52,0.12497709058172124,14.60597174436414,Low
PRV56346,0.34462777,1.0877178762372237,18.426355967062097,5.050832344725473,Low,4,0.07792672792617505,8.946642645779855,Low
PRV56347,1.8803794,6.979569158921708,15.041164691838379,6.445373181890156,Low,12,0.21685938282477424,13.777424417461786,Low
PRV56348,9.357037,0.8694741249866751,14.047400169268878,8.407736868851973,Low,3,0.043113980700198784,10.357585679217705,Low
PRV56349,20.962328,0.8068127565102072,21.142112117945423,15.968395197190567,Low,33,0.18596194851090686,20.197829354794273,Low
PRV56350,99.03552,1.4357776422731097,19.868832464180354,54.84391375708211,Medium,75,0.21110282135703162,49.196864259573964,Medium
PRV56351,0.46401936,1.1697145797431223,13.427732835109643,3.881371532792247,Low,3,0.07258041281174832,7.961108582884308,Low
PRV56352,0.91301316,4.193944926875229,13.510915116890686,4.8827215910558435,Low,5,0.17471436171147892,11.391509190878317,Low
PRV56353,0.90736216,1.1485650017085827,17.21224689735515,5.043884056299365,Low,8,0.1572504874463988,11.127331146011384,Low
PRV56354,4.122231,1.9580034972723968,16.6324485906285,6.708728525286381,Low,4,0.2012361829263094,13.33770242602294,Low
PRV56355,10.731937,6.363477258507999,23.893653845944403,12.930251480336732,Low,10,0.2092066912980063,18.062658310436532,Low
PRV56357,0.1320294,0.0,9.051972898879132,2.329007924357673,Low,1,0.006521341007970416,5.090108994289627,Low
PRV56358,0.040687725,0.0,4.3891625864929384,1.1176345090971993,Low,0,-0.07133884820519082,2.1754756760136074,Low
PRV56360,0.36114568,1.6829246429023361,20.74985837413507,5.7887685918505225,Low,9,0.08369267223222587,9.748485752021566,Low
PRV56361,30.472076,4.084959912778259,16.308710983356722,20.334455932041557,Low,18,0.1668053408150343,22.349511412239686,Low
PRV56362,0.10548151,0.0,11.014091854705928,2.8062637200987632,Low,6,0.07985527830566985,7.4796611624869325,Low
PRV56363,0.86088675,4.381759082341754,21.214472406383173,6.82950124848395,Low,3,0.07099101721163759,9.983159478249267,Low
PRV56364,1.8517444,3.3061129111845617,20.15219786439464,6.790449900582727,Low,10,0.06398594594765528,9.960220087418897,Low
PRV56366,0.066525966,0.0,8.737205901527311,2.2175644583463434,Low,1,0.022755577121128745,5.437412479549165,Low
PRV56367,0.3205168,5.948418566531707,16.104928226837746,5.673595095802347,Low,7,0.13260986606712355,10.895733979141388,Low
PRV56368,0.5364537,4.741540679431899,17.23448224836813,5.762232593903743,Low,2,0.11639306742366506,10.398694965346643,Low
PRV56369,0.052566275,0.0,12.503540646623234,3.1521682991560946,Low,0,-0.05591885179339018,4.003631317674645,Low
PRV56370,0.05205726,7.551250893330824,23.374050769500535,7.757354045100225,Low,0,-0.04222896612474564,7.58591688609523,Low
PRV56373,0.044907242,0.0,10.014162586492938,2.5259942676530884,Low,0,-0.1080623803538654,2.199223162074887,Low
PRV56374,0.37485605,2.9655101523929734,21.877880614913757,6.398275719218116,Low,3,0.058370553096777966,9.350663386179408,Low
PRV56375,0.2781381,1.664522273313202,19.44744203257569,5.417060127022684,Low,4,0.07706393314122462,9.180398096364382,Low
PRV56376,2.480344,2.7215329885005692,15.188731639218226,5.717738185471264,Low,2,0.08908764378526657,9.652185590960594,Low
PRV56377,0.021912424,0.0,10.014162586492938,2.5144968585701393,Low,0,-0.11338338335273485,2.0517722602083923,Low
PRV56378,0.13285485,0.9343173447979586,16.716844004142082,4.479217761785066,Low,2,0.03682156895036992,7.4159244226251575,Low
PRV56379,0.15171495,2.2233435496178715,20.378294449786118,5.726266975250969,Low,3,0.09448906491984799,9.826510937751227,Low
PRV56380,0.13442169,2.4183007467647646,20.498768722072246,5.796478212858495,Low,2,0.010168281696978587,7.639728496259719,Low
PRV56381,0.14472744,43.94603246952002,28.487069052725282,18.180639099905463,Low,1,0.042294132189123035,17.12344710009723,Low
PRV56384,2.1749475,3.5916451644405627,17.640789221462683,6.395582346590253,Low,5,0.1631396080363503,12.147269625358367,Low
PRV56385,0.17705348,2.101495301401064,20.45387411115975,5.727369093810408,Low,1,0.026612340931783773,7.995317454362546,Low
PRV56387,0.99183375,0.0,17.503540646623232,4.871802034872437,Low,0,-0.09644253582580625,4.145712009778902,Low
PRV56388,0.030572442,3.573858197260308,9.89511496744532,3.382529512345342,Low,1,0.028704625797870476,6.40874463693801,Low
PRV56389,0.36509722,0.7109172565624732,10.111958618271085,2.8882675810645755,Low,4,0.044415705643571,6.55490615864673,Low
PRV56390,0.5211241,1.9226961514067786,17.672862798257327,5.159451799679515,Low,2,0.17047486677220813,11.393614682603738,Low
PRV56391,0.014608542,0.0,7.5141625864929384,1.8858449178406702,Low,0,-0.07490837873954032,2.619706335722756,Low
PRV56392,96.303276,3.527118300192749,19.962695072768717,54.024091374246225,Medium,6,0.1423779129105014,44.97014467985158,Medium
PRV56393,0.23897158,0.4613797615278467,14.955357504147615,3.973670104466179,Low,1,0.050351057385891185,7.389648791652153,Low
PRV56394,0.47861534,3.751090480454829,20.66459382280003,6.343228747599069,Low,5,0.08833948421883897,10.15096517996557,Low
PRV56395,4.1958203,1.2942709759260826,26.947249664240726,9.158290325828446,Low,7,0.18841032870345775,14.796913448674225,Low
PRV56396,94.229515,0.08767630535984708,17.524413201370173,51.517779914524304,Medium,38,0.1893578863860812,45.30559559032594,Medium
PRV56397,1.1328729,0.0,9.06601241384739,2.832939573016749,Low,4,0.08264127873392457,7.517632235671853,Low
PRV56398,0.1148739,0.0,6.21076537599005,1.6101282945022923,Low,1,0.14174565686318252,8.1295781263352,Low
PRV56400,94.08443,0.34539283218557676,10.475001161481961,49.747311938358294,Medium,3,0.19171522287767728,43.18842955702901,Medium
PRV56401,1.2808704,5.2233321421695935,27.273217751913176,8.764572692331727,Low,14,0.10215130266793815,12.449366691330667,Low
PRV56403,92.30442,0.02182002003405199,11.882155020725852,49.12820399578568,Medium,13,0.15892598858243745,42.164479039844835,Medium
PRV56404,7.1189275,2.3131949889257384,17.94959980528085,8.625162437946788,Low,37,0.15123251185471054,14.255087096306294,Low
PRV56405,0.67649204,0.0,10.304124143914272,2.9142770536730414,Low,7,0.09971681195256754,8.10246008472787,Low
PRV56406,2.452257,2.9663223613867173,18.876138786368674,6.686743745915594,Low,15,0.10742898339596207,11.159999800012098,Low
PRV56407,1.1818087,1.3346254236079629,9.86393210725799,3.390543737765621,Low,6,0.2062597477865199,11.200274608968495,Low
PRV56408,7.0963955,7.804904414541282,23.667655667454536,11.416337766775811,Low,8,0.2356353276826434,17.641620144441386,Low
PRV56410,19.100332,1.014246349436079,16.901529081040408,14.02910998768504,Low,32,0.11226571787643647,16.88274757682337,Low
PRV56411,7.164234,6.986825293502006,17.651519057831525,9.741703168521859,Low,5,0.2200605214624125,15.980801227351762,Low
PRV56412,12.939175,1.646257812967575,15.162547949814517,10.671788766745328,Low,17,0.1948571310603059,16.29371579167603,Low
PRV56413,0.19374895,2.629930891341073,5.6816503459717556,2.1747697848073333,Low,2,0.07230838912933513,6.732515087875389,Low
PRV56414,0.170237,0.0,6.991478420777093,1.832988107572737,Low,2,0.03341331778557177,5.474272328511413,Low
PRV56415,1.2931776,0.0,6.309698139519735,2.2240133372175803,Low,2,0.13907411553258164,8.5161527081806,Low
PRV56416,99.774506,9.292221030224184,22.303212132648774,57.78611109833543,Medium,329,0.2374522218331645,58.76551118524525,Medium
PRV56417,0.5644865,2.7415984438195915,21.38772568747207,6.314574284623452,Low,8,0.10813393631348034,10.730030478467299,Low
PRV56418,0.8775483,0.0,8.8637687388505,2.654716323401666,Low,3,0.060435569783836685,6.784272311176275,Low
PRV56421,97.477,0.6829024943404584,19.317532078207222,53.73860733088106,Medium,49,0.22140344367599052,47.995024847914024,Medium
PRV56423,0.05856831,8.492874410753108,12.03230025132971,5.1605778205169806,Low,3,0.14591525874449862,10.777821712497534,Low
PRV56425,46.99802,2.9179805801573084,18.583449266388776,28.87436754769609,Low,41,0.17089046131851582,29.051923558390857,Low
PRV56426,4.6590886,0.05788918331499915,15.663810903732397,6.25996932756324,Low,43,0.16239550558101656,13.052980313535258,Low
PRV56427,1.4815209,0.0,9.808101351339463,3.1927857834296534,Low,3,0.05816838595641394,7.1015239394022736,Low
PRV56428,97.62814,1.3890633836295498,18.44413842232552,53.772372106762205,Medium,34,0.19116171424270778,46.82368530051137,Medium
PRV56430,0.20470677,0.0,8.34015654686562,2.187392523297349,Low,7,0.06303293287950595,6.632575422756799,Low
PRV56432,0.5993264,8.469409154924096,14.65575742861382,6.080954831957782,Low,7,0.1942719547837335,12.796344874785898,Low
PRV56433,0.14238179,0.0,8.333748058818484,2.154627908354676,Low,15,0.1087519923659247,8.022179668260167,Low
PRV56435,90.74271,1.5971632190070424,19.68791762036879,50.692623359258015,Medium,25,0.1899649867692379,44.394897880179315,Medium
PRV56437,96.63581,2.223446527598034,20.04488431825392,53.88498813748838,Medium,96,0.1850324978870974,48.4063692955283,Medium
PRV56438,98.45984,1.033202930821883,18.24278834639033,54.04891725289681,Medium,72,0.19953732791517165,48.256830304448044,Medium
PRV56439,1.2690376,0.586870820344372,13.81278170079589,4.23443193245105,Low,49,0.1048855601666191,10.289499134951061,Low
PRV56440,0.39930028,0.0,10.994430048660167,2.9482576507816036,Low,11,0.09753682653031237,8.17651653352089,Low
PRV56441,0.031900704,0.0,7.393601354860134,1.8643506906685399,Low,3,0.04807568782922633,5.907205028896727,Low
PRV56442,99.4031,3.8537056111015593,19.74292525367164,55.6007072462226,Medium,168,0.2327788064281231,52.79114399675417,Medium
PRV56444,98.93078,0.065541014439611,14.907533240498688,53.20865781544356,Medium,119,0.14677003282384982,47.54796553461482,Medium
PRV56445,17.29956,0.03433894246319087,18.42226456692527,13.263931150784616,Low,33,0.17445825089706424,18.003323995725506,Low
PRV56447,75.62083,0.10701765560473256,15.565780271594528,41.72861284239551,Medium,18,0.10521641535615378,35.71187894251292,Low
PRV56448,10.584894,0.5475858026611223,30.79491959959522,13.128073440713012,Low,66,0.12335253762000298,17.45523259071228,Low
PRV56449,37.384502,3.830065901069709,11.88253167860378,22.620400600362707,Low,22,0.21028086493997633,25.196052168093367,Low
PRV56451,15.368883,3.533699127984406,22.292176240415987,14.140910408567382,Low,23,0.14607169285000787,17.605065627025795,Low
PRV56452,0.94153684,0.0,12.332756469497722,3.553957539262782,Low,12,0.14815667878341066,9.953520273028865,Low
PRV56453,0.7826086,0.9695192219973556,19.17375027481776,5.427121688340284,Low,13,0.12150739658085952,10.593407499489564,Low
PRV56454,1.3128608,0.5343505820935401,14.761070501674567,4.480285694201762,Low,11,0.10679261754251657,9.491424732621677,Low
PRV56455,0.054695435,0.0068740096379490065,9.814588138496608,2.482713254467807,Low,2,0.05383440657781924,6.464083431971756,Low
PRV56456,45.548416,0.5902467681678948,17.72159371755273,27.352168190277816,Low,16,0.15950222696064187,27.016887515207653,Low
PRV56458,4.586248,1.5484483249354997,10.072469293164541,5.198353365020005,Low,8,0.14743084757162672,10.978199054642214,Low
PRV56461,7.8315153,1.8372934976289144,10.875720395117144,7.094011129283926,Low,16,0.21116765393871428,14.1897383241552,Low
PRV56463,0.09654904,0.0,7.007636887150764,1.8001837425723075,Low,0,-0.011229717746548684,4.228033920736209,Low
PRV56464,0.21989222,0.0,7.225037941057849,1.9162055946189582,Low,5,0.10491860008723675,7.4863982437358745,Low
PRV56466,0.4783782,0.0,11.223612831609397,3.0450923111480845,Low,3,0.028066272727232167,6.209505928146648,Low
PRV56467,4.1460056,0.5538144396785769,15.226338838068054,6.01804113468324,Low,39,0.1183301503543922,11.621798353988765,Low
PRV56468,2.3472443,3.263856627591407,10.584911598880641,4.635814187965668,Low,7,0.1624291433586419,10.950510024759208,Low
PRV56469,36.732235,0.0,13.953746807160064,21.854554179207007,Low,41,0.20717344774141733,25.088616873535255,Low
PRV56470,0.7118742,2.299589302460428,17.97844570990284,5.42544584658714,Low,6,0.14311143630795864,10.970310080902628,Low
PRV56471,0.6470775,2.2523550372885395,16.352262959954135,4.974693249720748,Low,5,0.052695791654320034,8.259176248786762,Low
PRV56473,4.3929143,2.934921412699329,12.061283318593713,5.945508330421527,Low,9,0.17295967040943971,12.19687204070484,Low
PRV56474,0.97732514,0.0,9.88053469118189,2.958796243510423,Low,2,0.13917026018242817,9.033019595755391,Low
PRV56475,0.20927976,1.7494892509969526,17.855397281047868,5.005861513370378,Low,3,0.06026396066620354,8.425578029190756,Low
PRV56476,0.07058713,10.255503821931272,10.218247143878392,5.153731305652817,Low,1,0.08517926133274512,9.128141072467036,Low
PRV56477,0.04925555,1.0776480436747335,10.914815976296776,3.0227437799467194,Low,1,0.04359670296944862,6.54704587914836,Low
PRV56478,68.86633,0.19059773290177223,19.760614855851433,39.42096965109455,Medium,73,0.20036683626502072,38.06584456050624,Low
PRV56479,0.25255004,0.0,10.358736513166939,2.7159591461492862,Low,13,0.14851366510561415,9.403119569668888,Low
PRV56480,0.11955947,0.0,8.521562626673509,2.1901703900877956,Low,1,0.026635367944355504,5.519881636756417,Low
PRV56481,98.61509,2.4564795229381016,26.02086148939694,56.426879961335715,Medium,80,0.19590950396806006,50.041125470056706,Medium
PRV56482,0.5043559,0.0,13.104150945899217,3.528215690194897,Low,4,0.07769006958812363,7.874610875528251,Low
PRV56483,0.3685795,0.6542785387453762,9.88868185291037,2.820029851350979,Low,7,0.1067210573752908,8.219988317622018,Low
PRV56484,0.10217515,3.0672636038086907,8.899188951792844,3.0427007120710456,Low,2,0.021430350879030446,6.007134450821226,Low
PRV56485,1.1163299,3.5914404880761452,17.586380154272057,5.852620114772536,Low,7,0.17343848929942518,12.090703388926261,Low
PRV56486,0.21401818,1.133409656529581,16.669837521691807,4.557820885038535,Low,12,0.1283632804734527,10.137665712899805,Low
PRV56487,0.13229954,0.0,8.660966049621145,2.2313912836188177,Low,3,0.14103245449922608,8.599468605666356,Low
PRV56489,2.1773572,0.0,5.811340378015812,2.5415136929078836,Low,4,0.09457615203424063,7.6263108363098855,Low
PRV56490,0.9079162,0.0,20.452073132899013,5.566976377344779,Low,11,0.13799219852993205,11.069492886849034,Low
PRV56494,12.802797,1.3859554980221642,18.47213429008823,11.36592110578004,Low,69,0.12328163542601778,16.300405332306024,Low
PRV56495,0.6781984,0.7240803215588901,13.11318342787764,3.798415135938921,Low,1,0.08856162559015335,8.268032889653426,Low
PRV56496,0.12640685,0.4043232726669563,13.333429971191228,3.4976417351798625,Low,4,0.08804746162738442,8.124558056861417,Low
PRV56497,0.35500267,0.0,12.971831260552303,3.420459150878165,Low,4,0.06387924907830567,7.437357430800072,Low
PRV56498,0.03509911,0.1764803567074606,13.482476448678446,3.4322887570951774,Low,2,0.049404411149755245,7.012726700214878,Low
PRV56500,3.2718074,1.0288377747944664,16.482632460633756,6.013771274944396,Low,21,0.1397818953470069,11.697593203811207,Low
PRV56501,94.63732,1.5114330669550597,17.282516265656945,52.01714806923698,Medium,29,0.21849339575662363,46.17685149382422,Medium
PRV56502,0.21324332,0.1483135370344614,12.768190734392732,3.335747728148947,Low,0,-0.03392422526622779,4.708364870694278,Low
PRV56504,0.29419762,0.24546595898931492,12.93245259405729,3.4415784477423186,Low,5,0.09432410355352427,8.276598490334797,Low
PRV56507,21.260506,33.46573643750475,23.495618713823706,24.870591625966878,Low,12,0.2204530882078094,26.769227301401166,Low
PRV56508,1.1921587,1.2006344376450115,20.790824937432653,6.093944193287238,Low,15,0.11895400473368567,11.046979291013837,Low
PRV56509,0.7938178,1.25255822480959,16.773791408194356,4.903496317333399,Low,14,0.1392219534909359,10.717811589646276,Low
PRV56510,0.02776138,0.595551000596441,10.269252928379704,2.7300816718724583,Low,0,-0.006022853466608635,5.015374914551028,Low
PRV56511,0.18347934,0.0,13.136337650506997,3.375824082068926,Low,2,0.021237212604570455,6.23526086154795,Low
PRV56512,0.3451443,0.7970022910799459,14.390032871482264,3.969330941467007,Low,4,0.09782702711674807,8.71095121679847,Low
PRV56514,0.115312494,0.0,9.703715318523315,2.483585076799608,Low,0,-0.034386442912847204,4.099741569386085,Low
PRV56515,0.048509896,0.28327871107964636,9.591081809650984,2.4928450780834295,Low,1,0.021802960690362694,5.605151716890147,Low
PRV56517,0.25514802,0.0,13.226722654118056,3.434254675212978,Low,11,0.13163236679989432,9.409969143641561,Low
PRV56518,0.08500981,0.46546695907747904,6.2641625864929384,1.7249122930469623,Low,0,-0.04326862562338046,3.33597005852436,Low
PRV56519,0.719439,0.0,26.332102055405578,6.942745028698196,Low,7,0.13745799473790932,11.911153012405876,Low
PRV56521,0.09436992,0.3734655994172457,19.41713110830516,4.994834135984594,Low,3,0.07195267856947263,8.724086660207803,Low
PRV56522,0.04208682,1.3978514222064113,5.024784526362644,1.6267023976669897,Low,1,0.05174939991569194,5.783405983625067,Low
PRV56523,87.401375,0.0,7.299312777350651,45.52551560278493,Medium,3,0.0525337046755977,36.58681417230536,Low
PRV56524,0.018773887,0.0,11.723317012638422,2.9402161968128313,Low,0,-0.034268794562963945,4.422465572941599,Low
PRV56525,0.45882198,0.0,16.382388506928226,4.325008117804711,Low,8,0.09371114503476086,8.959477530173398,Low
PRV56526,0.3513244,0.0,10.558540166106907,2.815297246149949,Low,4,0.0792190330228365,7.415624633478474,Low
PRV56527,0.6694144,1.7846898560373636,22.82662686944367,6.487536381897449,Low,5,0.07427507688226787,9.883513042345264,Low
PRV56528,0.48971406,0.883012819232987,16.617078345116223,4.619879819214019,Low,1,0.005642614184415362,6.670697926899272,Low
PRV56529,0.13347225,0.0,8.836623853604081,2.275892087856949,Low,3,0.0431156266929299,6.0653374551911945,Low
PRV56530,0.011553113,0.0,4.180829253159606,1.0509838699642926,Low,1,0.020862866120031298,4.571219729677087,Low
PRV56531,0.06915814,0.0,6.099138105450573,1.5593635947849607,Low,0,-0.07039497693809021,2.509414121612012,Low
PRV56533,0.9370176,0.0,23.821360327672796,6.423848891723115,Low,15,0.16170973023346258,12.398051816726056,Low
PRV56535,0.272628,0.0,10.712051364590877,2.814326845807372,Low,5,0.07264811068350063,7.26964216517953,Low
PRV56536,0.30218917,0.6966682681064581,19.67693831062956,5.244496230341124,Low,6,0.07077215331064679,8.948458955179447,Low
PRV56537,2.0290744,0.0,13.717143072745388,4.443822983419196,Low,10,0.10297303435687288,9.338987547029689,Low
PRV56538,0.42316014,2.3895002517317003,19.661369837993124,5.724297590304207,Low,1,0.053022308004989194,8.685071001149796,Low
PRV56539,0.035705745,4.06180703114622,12.514162586492938,4.161845277019882,Low,0,-0.05994332488427334,4.604969727424082,Low
PRV56540,0.036695566,0.0,25.014162586492937,6.271888429637412,Low,1,0.033214194378161865,8.549440166124743,Low
PRV56541,99.09424,0.2815291055457195,28.046284613140358,56.62907257029652,Medium,54,0.18821205575486788,49.283011516809054,Medium
PRV56543,0.4265489,0.0,20.660406466232345,5.378376065668117,Low,4,0.10475305516051758,9.878734894105323,Low
PRV56544,2.651676,0.0,23.455357504147617,7.189677345816873,Low,19,0.1269099977355963,12.129810756438312,Low
PRV56545,0.091768585,0.0,22.51416258649294,5.674424939195972,Low,1,0.0481154116676461,8.521606435802859,Low
PRV56546,1.0984715,0.0,27.498928439223018,7.4239678709713735,Low,8,0.18394958865664524,13.492868318950096,Low
PRV56547,3.8487747,0.0,23.355993471722037,7.763385703707792,Low,7,0.1519899134771313,12.866317100789114,Low
PRV56548,11.912331,2.1474692705906953,30.169335037660915,14.035366390783604,Low,8,0.20154846419150063,18.58191280749041,Low
PRV56549,0.2957571,0.0,26.702073132899013,6.823396840668372,Low,2,0.09040879230430277,10.460758862969378,Low
PRV56550,96.51451,2.2187058220215925,25.377834203320788,55.15639056053482,Medium,57,0.18330579372459688,48.204133931100074,Medium
PRV56551,0.43306857,0.0,10.76853013333813,2.9086668200719745,Low,4,0.12923254973278953,8.791266385801958,Low
PRV56552,0.2648263,0.5174680745825638,16.071003452973468,4.279531030769013,Low,3,0.08996150554868942,8.695180156382248,Low
PRV56553,0.79653066,0.1775859655823109,12.956736398874558,3.6818459230977836,Low,5,0.08894387088696198,8.303831274468333,Low
PRV56554,0.23224266,0.0,7.513684856262703,1.9945425434328365,Low,5,0.09579261479652323,7.30214626460128,Low
PRV56555,4.4927197,0.0,23.080429167202887,8.016467116934999,Low,58,0.18433641018207403,15.260033844472773,Low
PRV56556,67.390144,4.587199201013422,20.68522731428831,40.0131788028977,Medium,138,0.21136675585899412,40.51353966823552,Medium
PRV56557,0.16497892,0.0,8.82041822579351,2.2875940171550884,Low,9,0.11256365347564057,8.054042222248214,Low
PRV56559,19.711077,0.0,15.146972753762514,13.642281556665726,Low,109,0.16019786658859658,19.93483593647913,Low
PRV56560,99.79685,8.321363539315058,23.714131809232807,57.90729989304517,Medium,396,0.235787032651687,60.605375469941805,High
PRV56562,2.129683,5.2893193810051535,13.129110315328488,5.669448932948766,Low,4,0.20903278686740012,12.814466652860556,Low
PRV56563,4.650061,0.07745967527466677,15.937294781775948,6.328719179524494,Low,8,0.2126166979406955,13.477231751890876,Low
PRV56566,9.466557,3.1728443566996187,17.212882069783042,9.829709881156798,Low,15,0.1618525714521768,14.78589674623112,Low
PRV56568,21.794847,2.1950840166354073,17.11414403767464,15.724730757779172,Low,19,0.12243465270438336,17.987100466071507,Low
PRV56570,7.0090747,0.5587385073511468,16.207279288453673,7.696041792930087,Low,13,0.2016439080882998,14.281114271348393,Low
PRV56571,1.1364505,1.2103904732385378,18.614771822951727,5.524515838596821,Low,4,0.1599283171224939,11.426546174637169,Low
PRV56572,0.12822334,0.0,6.960263030112001,1.8041774298698239,Low,0,-0.002118293945824856,4.469535854808173,Low
PRV56574,5.7487926,5.542671641544511,14.75970552164041,7.949990614953945,Low,15,0.20622987106789858,14.632715433693056,Low
PRV56575,94.25199,3.963601534286599,19.16379219597368,52.9078440685514,Medium,159,0.2298194151314653,50.586997188517905,Medium
PRV56576,3.7889786,1.4064041639876042,22.63584275625405,7.905051018390491,Low,25,0.11183034748751286,12.396580749858286,Low
PRV56577,3.950515,0.0,10.218127968427284,4.529789508014108,Low,28,0.16565118494484676,11.524464047931716,Low
PRV56578,26.805508,4.087676858716181,11.434390479347591,17.283270664472,Low,12,0.20108338251536906,20.950643870541803,Low
PRV56579,0.36502698,3.033276023059005,18.891757771372216,5.6637719389270575,Low,1,0.028705937107113,8.005648689983524,Low
PRV56580,0.32225412,0.0,8.755119377084764,2.34990690492297,Low,21,0.10917687615609517,8.33108014275088,Low
PRV56581,0.082588926,0.0,6.927340150643676,1.773129500639759,Low,0,-0.027203303026455294,3.790610721268428,Low
PRV56582,0.032930396,0.0,2.514162586492939,0.6450058448718595,Low,0,-0.11070080169306573,0.8134083771880916,Low
PRV56583,2.762963,0.048787664912308966,16.258368801109466,5.458270644787609,Low,14,0.154537638689224,11.507402801953813,Low
PRV56584,1.5302539,1.0040181446335223,15.197047273747796,4.8153932981835865,Low,7,0.16399295271507408,11.117184984313877,Low
PRV56585,0.20139682,0.0,18.577866110743543,4.745164939150577,Low,4,0.12943471402667717,10.082111486308554,Low
PRV56586,0.04851947,0.0,5.014162586492939,1.2778003815220405,Low,0,-0.06365936324059474,2.488783377469038,Low
PRV56587,97.074005,0.6330818372107168,14.042430306949313,52.20588059951657,Medium,63,0.2272722467187388,47.45170936017024,Medium
PRV56588,98.366974,0.0,15.51727303982747,53.06280519843343,Medium,117,0.17926777759194767,48.24357214946272,Medium
PRV56589,1.2242544,4.8092975963985545,10.435078029107487,4.423221091244369,Low,6,0.16271947142733267,10.78245540220934,Low
PRV56590,0.3732974,0.0,8.750402321485453,2.3742492770323587,Low,2,0.06959961706247708,6.8011847544220645,Low
PRV56591,7.6832547,1.7319148362544845,18.314324787665576,8.853187265370273,Low,26,0.17809672174402702,14.823206577460951,Low
PRV56592,98.36787,1.467366233165263,22.40753651937078,55.15265894619065,Medium,64,0.20879770484002624,49.05729310218247,Medium
PRV56593,0.16607842,0.0,6.735184754744053,1.7668353979326488,Low,5,0.09571759933529089,7.140785964290853,Low
PRV56594,0.62307775,0.0,7.9798407881571345,2.3064990721422802,Low,7,0.08634938713692353,7.32680796741223,Low
PRV56595,0.45198718,0.0,9.131797222940614,2.5089428943019336,Low,4,0.09593008227829636,7.638982325257404,Low
PRV56596,0.12610398,0.0,6.675518283224753,1.7319315619708726,Low,1,0.11543045033272714,7.5254194058528014,Low
PRV56597,2.144706,0.24423177729100554,16.504093263872495,5.259434265700116,Low,19,0.08520186427563037,9.685946785986882,Low
PRV56598,1.8271171,0.0,14.081268307062691,4.433875619494097,Low,24,0.0915231357134545,9.407892248429414,Low
PRV56601,1.0009123,0.0,8.85671840117587,2.7146357546404336,Low,5,0.08196499327346463,7.443947482573519,Low
PRV56602,9.25076,3.698786631297387,19.456662198300812,10.414242246614638,Low,18,0.09547721463418302,13.536666309463072,Low
PRV56603,0.014179684,9.096683132042456,14.796724733271288,5.980441808439308,Low,1,0.1447012541557523,11.266230034188045,Low
PRV56604,0.15094437,0.0,8.768108044153871,2.26749919456403,Low,4,0.09778728219448207,7.51862773349487,Low
PRV56605,94.20818,5.215098327627838,22.146511537183112,53.94449411048984,Medium,9,0.16505035384849753,45.58894923484383,Medium
PRV56606,2.0082595,8.625982702451466,19.075322198842713,7.9294559927414525,Low,13,0.1853550775481626,14.01776000336038,Low
PRV56607,13.680408,0.25523084866762896,13.848960726955434,10.366251655960209,Low,9,0.1973367970145793,15.93003843695874,Low
PRV56608,81.39154,1.0100429868658283,17.369085514297996,45.29055238896284,Medium,87,0.13642114761808855,40.87510525049647,Medium
PRV56610,5.04198,0.0,14.49963228658652,6.145897966513573,Low,14,0.14552725242404618,11.752682614018859,Low
PRV56611,1.8025992,1.1428624819971624,17.607032808572967,5.588773418475357,Low,8,0.08119994386004681,9.516337552788894,Low
PRV56613,9.841077,1.8915557991091574,19.491486247871173,10.266298937190639,Low,33,0.11175988103345125,14.262373272751327,Low
PRV56614,6.162313,0.2329037598851342,18.906604663643897,7.866033598115534,Low,16,0.19591622085984217,14.330588183451026,Low
PRV56615,2.3307703,0.0,12.2103696919627,4.217977550058241,Low,11,0.1894099642245859,11.472266085782055,Low
PRV56616,91.12052,0.0,13.874555381617595,49.02889961810948,Medium,12,0.08042583480413523,40.01152788589127,Medium
PRV56618,0.85590714,0.0,11.966030055268801,3.4194610848983618,Low,8,0.06690725100644379,7.623370681585538,Low
PRV56621,0.11626502,0.0,9.608354095898958,2.460221034607016,Low,13,0.1012078502903897,7.98475778203338,Low
PRV56622,0.04643332,0.0,11.380425860304872,2.8683231242793896,Low,2,0.036410526659320985,6.27752945258486,Low
PRV56624,96.725555,2.80115558891991,17.755898756687813,53.50204129636286,Medium,8,0.2040145264826685,46.27319256826167,Medium
PRV56625,0.052262742,0.0,8.544537821974039,2.1622658265296817,Low,4,0.07929132262485317,6.9603965245675585,Low
PRV56626,2.1578546,0.164093234565101,13.638978292614853,4.529695160313665,Low,11,0.20078100631283813,11.988373553326266,Low
PRV56628,31.025618,1.6239344645193388,11.335576661714855,18.7526865813022,Low,14,0.19832703424180198,21.960713880487035,Low
PRV56630,97.41198,0.8394208970617533,19.273239900579288,53.734155037056745,Medium,69,0.2003560925564758,47.97741031045101,Medium
PRV56632,2.8309894,8.30058481431251,28.01449248833646,10.494264006066906,Low,14,0.1511403540803793,14.943594126862761,Low
PRV56633,0.07827634,2.0267108839947747,18.352806889761126,5.134017615260808,Low,2,0.009069516806594402,7.14721999955397,Low
PRV56634,1.7831385,0.08542369811101311,15.263807781625749,4.728877126716722,Low,15,0.1263780483402901,10.285931734667319,Low
PRV56635,0.035510298,0.0,7.5141625864929384,1.8962957955555724,Low,1,0.06740687619223795,6.382324985678784,Low
PRV56637,0.2798488,0.0,8.29688160805547,2.2141448090191775,Low,14,0.13715331283252175,8.781070088859394,Low
PRV56638,0.106878825,0.0,8.633759815556148,2.211879366155053,Low,3,0.07604895440418336,6.883334925913058,Low
PRV56639,6.3790827,2.5019516854642636,20.628652345594084,8.972192347638854,Low,17,0.11058958121659979,12.896308266938885,Low
PRV56640,0.22274844,0.0,5.344721938749291,1.4475547064294758,Low,3,0.057400089756967976,5.859733917102315,Low
PRV56641,0.039203357,0.0,5.014162586492939,1.2731423250989724,Low,0,-0.10333113758092843,1.4461786381377246,Low
PRV56642,0.57011425,0.0,14.438419362900012,3.8946619682007415,Low,14,0.11649904697136093,9.416319691875774,Low
PRV56643,5.505167,0.0,17.809654454348035,7.204997117310153,Low,9,0.14021661739191016,12.220692742140372,Low
PRV56645,0.15424554,0.0,10.220387135663572,2.6322195541657365,Low,5,0.08478772497545728,7.460207700714909,Low
PRV56647,99.632576,1.9080934698935264,22.095144950760893,55.81709759954837,Medium,123,0.2058769868560365,51.02977411719435,Medium
PRV56648,0.25270864,0.0,6.4136286697133436,1.7297614892657611,Low,5,0.12555293877582352,7.896477714801602,Low
PRV56649,97.25605,2.5626890477850637,17.615774704587327,53.672640993024736,Medium,35,0.23491012378366427,47.926865306203446,Medium
PRV56651,0.42336997,0.5848659260243338,15.649360414914343,4.270241572183636,Low,4,0.12101593109567599,9.529104982762552,Low
PRV56653,0.73736566,0.5274290085261001,15.912167516421857,4.478581962762791,Low,7,0.09226222872900147,9.002174036281252,Low
PRV56654,0.14434844,0.33111193025097546,15.223544684332682,3.960838374923151,Low,6,0.06706601131779533,7.952802803936926,Low
PRV56655,7.793185,1.99076502024247,18.379457892487327,8.989148345217362,Low,26,0.09267542213898716,12.680462698138363,Low
PRV56656,0.11530432,0.3536031890496155,11.149939980931837,2.933537953020685,Low,4,0.10427683881127159,8.154872023776845,Low
PRV56657,0.078797646,0.0,8.031800395335843,2.047348921767396,Low,2,0.07942236365045663,6.829696504680484,Low
PRV56658,1.3489002,0.0,7.662844152546369,2.5901611376048237,Low,5,0.2231488413163385,11.055631396267735,Low
PRV56659,7.9712696,1.2760076770774633,13.847422721895283,7.766492403515159,Low,16,0.1129651499475226,12.087709192679707,Low
PRV56660,0.03284919,0.0,3.771243879739408,0.9592355643818687,Low,0,-0.0737162524943637,2.00231180148441,Low
PRV56662,5.3722067,0.8568187797897411,16.18098897031038,6.945555281488653,Low,3,0.10152764881687326,10.864413645856567,Low
PRV56663,17.88354,1.03858044887973,19.410229159932275,14.05397200211755,Low,29,0.19134980270354496,18.89150468967313,Low
PRV56664,5.0172014,35.29884254339339,13.806208812521279,14.784863550801177,Low,1,0.23616895630510337,19.825649041601856,Low
PRV56667,0.16504367,0.0,8.891922574729321,2.3055024771617347,Low,2,0.04951561002262761,6.226889556677071,Low
PRV56668,99.17925,2.7717469659716194,23.543959434781968,56.168552912444255,Medium,52,0.21635567177806025,49.64427921873629,Medium
PRV56669,98.32365,2.9133754619318513,26.022064972551558,56.39568338132593,Medium,29,0.18373442395094486,48.33119055599723,Medium
PRV56671,2.275629,1.5966307843091425,15.648207854313013,5.44902418144509,Low,6,0.16111096750113751,11.458377048747012,Low
PRV56672,1.2906749,1.6980978178991957,18.464607231389017,5.686013724747285,Low,15,0.11145848519817136,10.56505600503863,Low
PRV56673,0.29860443,3.566174171753033,19.805829253159605,5.992303070612238,Low,2,0.17071346473477678,11.982861499742292,Low
PRV56674,0.083920516,2.70493424495097,18.56260561058379,5.358845221920542,Low,5,0.10995642176853804,10.028229750337784,Low
PRV56675,2.5350049,0.609334295740812,15.603848072444492,5.320798019147461,Low,33,0.10418236745885778,10.602002544843055,Low
PRV56677,0.013899166,0.0,5.014162586492939,1.2604902296917249,Low,0,-0.05821397189146621,2.6193277846723833,Low
PRV56679,0.043377515,0.0,12.915087378544285,3.250460602100361,Low,3,0.035925150113958804,6.559155149049852,Low
PRV56680,0.61603826,5.716948356903727,12.245428465756584,4.7986133370871205,Low,8,0.16956184270381058,11.278181651436485,Low
PRV56681,0.060700066,0.0,6.519473556427791,1.6602184223007743,Low,0,-0.026350244985740123,3.7339218745951195,Low
PRV56682,0.25054976,0.7281468563875072,11.38926180365589,3.154627046731392,Low,3,0.14339385770110702,9.307599047329884,Low
PRV56683,0.2388051,0.0,10.084505163877434,2.6405288411302434,Low,15,0.0923857097285905,7.933536978487862,Low
PRV56684,16.672735,4.546823548081893,9.651964107223394,11.88606452094302,Low,18,0.21106408775286745,17.59515368662002,Low
PRV56685,96.8982,9.910598011119914,23.848761105395727,56.888940273513676,Medium,58,0.22497842261601853,50.53552801290779,Medium
PRV56686,33.045177,2.0797957329275722,23.840962021787902,23.00277816853727,Low,15,0.21414760411117584,25.377100072984533,Low
PRV56687,0.38634172,1.647046988542083,7.485101986680104,2.4762081042152833,Low,1,0.04360218013968242,6.164614400211448,Low
PRV56688,0.179488,1.9347555933149063,11.489413599703543,3.445786299881581,Low,2,0.07599746261808704,7.718875130330387,Low
PRV56689,98.70363,1.5788473370193543,22.00011911081949,55.24655588197924,Medium,155,0.12354780653358022,49.332547812553344,Medium
PRV56691,0.04858208,0.0,11.884913810545058,2.995519493012093,Low,0,-0.03928511360338399,4.32975745141837,Low
PRV56693,1.0665696,0.0,11.495003422615138,3.407035639017127,Low,27,0.10276158133326097,9.064072476206697,Low
PRV56694,0.06393209,0.8151111327508287,5.949302155410782,1.7230693675392508,Low,0,-0.00017380511079956307,4.4637030548353716,Low
PRV56696,1.6742427,6.095399074629708,12.341009548980587,5.446223523357102,Low,7,0.16480799546314873,11.58011910346556,Low
PRV56697,0.1766121,1.3541725179703765,17.19483917800593,4.72555897101642,Low,10,0.11473318031028534,9.844301846923608,Low
PRV56699,0.025995757,0.0,10.008851616558086,2.5152107828549175,Low,0,-0.023088510429459086,4.417869336257863,Low
PRV56700,0.03431096,0.0,4.514162586492939,1.1456961262630034,Low,0,-0.05416164378873406,2.6451371487459303,Low
PRV56701,0.42178184,4.147234554417948,12.459346444678145,4.362536168744131,Low,4,0.15206345481113703,10.407112191985096,Low
PRV56702,4.8400455,2.8116608316931178,19.859197348628456,8.087737271139353,Low,16,0.09776370925965572,11.914324460717488,Low
PRV56703,7.3288093,0.0,16.25165786665547,7.727319097324878,Low,22,0.1980550260556505,14.450595514518497,Low
PRV56705,15.096931,13.937235928904594,11.312891623025314,13.860997616742242,Low,5,0.19718543662379873,18.265012632069777,Low
PRV56706,97.58775,5.276394270928702,24.005792109005363,56.11442324293274,Medium,60,0.17717557678445606,48.794690750945065,Medium
PRV56707,0.31354782,5.269549755038064,26.01744695774154,7.978523088121316,Low,0,-0.01580346867161142,8.433045689331454,Low
PRV56708,0.029782156,2.732139830379853,17.172952639154637,4.991164195147955,Low,1,0.055317563046128115,8.232010044234068,Low
PRV56710,1.7337328,1.1936962226426628,13.943748160384803,4.651227505535461,Low,13,0.14419221304440233,10.644591519575474,Low
PRV56711,94.16497,5.573040789760914,18.567632443847177,53.11765350737663,Medium,10,0.21090942404910074,46.23844890724655,Medium
PRV56712,0.3961288,3.6853923273801175,27.312910546406073,7.947640120192344,Low,2,0.08581587934471269,11.127401367278635,Low
PRV56713,33.680164,0.3018887422149286,16.67907780060638,21.085323804284428,Low,57,0.2097208072707043,25.046423011383574,Low
PRV56715,0.27901107,8.346677168294788,10.08770687492413,4.748101546168881,Low,3,0.1502455180826502,10.602534960255106,Low
PRV56716,1.1814835,0.6861637623394012,15.71509357950362,4.691056089038941,Low,15,0.0965254693192169,9.477361869208794,Low
PRV56717,0.098937236,9.131771312371171,11.496464039204703,5.206527455780273,Low,1,0.16582776813628464,11.277974625230282,Low
PRV56718,2.4365947,0.5222752827529406,17.206064045829624,5.650382194473217,Low,16,0.09835231028639402,10.223596417337657,Low
PRV56719,92.55191,4.852005300799927,15.294739434844509,51.31264138410642,Medium,13,0.21814278633115736,45.244981144285624,Medium
PRV56720,0.029358355,9.356418803914087,8.2851327686283,4.425067070799817,Low,3,0.14830722095607507,10.325630197798908,Low
PRV56721,0.8740756,0.0,9.784032360522847,2.883045885912801,Low,19,0.12842325289759582,9.154813868869173,Low
PRV56722,0.17150074,1.2961118186083234,8.984875706443301,2.655997252480634,Low,5,0.1438735266051795,9.024816110026542,Low
PRV56723,0.11282085,0.9494755000785187,15.757708084772787,4.233206320624124,Low,1,0.07884493718634433,8.31782329366756,Low
PRV56724,38.745335,11.624139395437838,13.922901576767963,25.75942755567352,Low,6,0.17708940466447953,26.094271753271638,Low
PRV56725,2.8971105,1.451878569086519,17.146843435238853,6.098235732175704,Low,28,0.1056816640776227,11.051260196414443,Low
PRV56726,0.23026294,17.09841057475311,9.492079613174935,6.762754014562807,Low,5,0.20369338524346203,13.466741114240126,Low
PRV56728,0.11761698,3.5923444560537705,21.446580721730026,6.318539785079913,Low,3,0.055856588497050774,9.228985933019068,Low
PRV56729,0.19558,0.0,10.889032607007445,2.8200481545747373,Low,28,0.13296552227992886,9.471327196803715,Low
PRV56730,96.477875,0.8092920267372095,18.217394659463334,52.995609049479825,Medium,23,0.19271344721118955,46.02530234519361,Medium
PRV56731,95.151726,21.376608063657635,11.555829253159605,55.808972213725795,Medium,5,0.19835403568536691,47.65921048437114,Medium
PRV56732,92.80805,1.2305116311115887,16.064986762317112,50.72790062985132,Medium,13,0.1979371295797857,44.30630312893767,Medium
PRV56733,31.332579,2.225668530857555,20.534397211161064,21.356305765033465,Low,23,0.1740079609351155,23.387732892881953,Low
PRV56734,9.585385,0.25912922751687417,13.305064872003328,8.18374118616545,Low,9,0.22810923849072495,15.208475336053493,Low
PRV56735,3.2634604,0.0,18.156217179212934,6.170784493663402,Low,44,0.10839947234064484,11.602777244304765,Low
PRV56738,37.717907,0.16763023321595066,16.159353343733823,22.94069937018959,Low,58,0.18624377517397994,25.75696667348621,Low
PRV56739,0.03930831,14.690989910816052,12.852806889761123,6.905603354921821,Low,1,0.1578818226239247,12.259155276256333,Low
PRV56740,0.22119221,0.0,9.762243301640847,2.551156930866564,Low,3,0.05942801674574405,6.685384278899476,Low
PRV56741,0.04983375,0.0,5.916009880383322,1.5039193443406396,Low,1,0.06574096549838071,6.064016977508448,Low
PRV56742,30.918371,0.010083530256735255,14.604423483977008,19.112812353839196,Low,12,0.2030973774575502,22.284086857971708,Low
PRV56743,1.1035823,0.0,10.931270408572766,3.284608733639621,Low,39,0.1517441522762495,10.583795030278043,Low
PRV56745,4.398075,2.1896514305333104,19.372725113577747,7.589631687907647,Low,7,0.10725486692640096,11.572694654715114,Low
PRV56746,10.5440645,0.0,14.093764495558176,8.79547338478432,Low,15,0.19717018410571252,14.987202451243622,Low
PRV56747,0.3267373,2.0437352074657125,6.788030759789045,2.37131014904502,Low,3,0.1656505120260997,9.342369927541327,Low
PRV56748,99.6714,0.5074561552309347,17.041670085823824,54.22298254903322,Medium,138,0.21647537048295595,50.59424073249662,Medium
PRV56749,30.300034,0.0,16.098315681568263,19.174595705060035,Low,11,0.18492239220474915,21.824330785819903,Low
PRV56750,0.27297255,16.01328060398072,8.795402661953162,6.338657093467686,Low,1,0.19951447851544557,12.953009302595689,Low
PRV56751,3.4361448,2.164093930966301,16.671717436620582,6.427025256294915,Low,10,0.21204852761741821,13.58485202590278,Low
PRV56752,0.13036744,0.04129268090045882,8.530757428613821,2.2081962488613236,Low,3,0.1901938436680356,9.871190601516401,Low
PRV56753,13.619137,0.2006617690217407,16.332895489424946,10.94295771976304,Low,10,0.17168720235813384,15.688595396519034,Low
PRV56754,4.586132,0.25235336273964537,13.645797309248223,5.767603692777241,Low,12,0.16247803711737785,11.878271813030011,Low
PRV56755,0.9141303,10.685399411247525,11.35011070884605,5.965942665263949,Low,4,0.2034100479139982,12.874704496839485,Low
PRV56758,7.655699,0.0,16.808117347089166,8.02987872489485,Low,55,0.11977632679424943,13.497502635665782,Low
PRV56759,0.41971767,17.400959298455724,12.892950465280817,7.783336275677636,Low,2,0.17568591685820245,13.366855921276219,Low
PRV56760,4.5947866,0.0,16.67791884879115,6.466873034188755,Low,77,0.1516885948503932,13.830058743260038,Low
PRV56761,35.048244,0.0,22.48296479066614,23.144863435825716,Low,95,0.21575729647755437,27.66638241884429,Low
PRV56762,0.6397502,0.0,9.24799736691504,2.631874433043076,Low,1,0.10609590618891274,7.910827626785046,Low
PRV56763,12.70966,0.027142168519349617,18.863300256841008,11.077440394548098,Low,13,0.19450708098902858,16.46111856648217,Low
PRV56764,31.258158,0.0,14.402003441923533,19.229579725532155,Low,15,0.21887370540704154,22.859678299340295,Low
PRV56765,0.09814449,0.0,8.024944983124888,2.05530848905448,Low,2,0.05163144334997294,6.107185590817133,Low
PRV56766,1.6685752,0.8201665216770947,8.447232918450426,3.1511374438598527,Low,3,0.15117501714530035,9.509011642927234,Low
PRV56767,2.810449,0.0,12.512038198518999,4.533233992111745,Low,7,0.16055509012659297,10.82960635668648,Low
PRV56768,0.35483542,0.0,25.45207313289901,6.540435993648222,Low,4,0.0739462187974973,9.885081518591722,Low
PRV56769,0.5230213,3.9975889548917043,13.477114583911924,4.630186525083674,Low,4,0.15620685025975778,10.703018512919206,Low
PRV56771,0.079790115,0.0,6.2641625864929384,1.6059357043014573,Low,0,-0.049588119366647365,3.087124692605878,Low
PRV56772,1.5413903,0.10412068469561923,14.75141096755523,4.4845780629612415,Low,6,0.1732652151951911,11.101688779828446,Low
PRV56773,4.584167,4.554647768256722,13.46021145869451,6.795798308553604,Low,12,0.16516359813624037,12.668365925618083,Low
PRV56774,0.17579056,0.0,22.51416258649294,5.716435928236108,Low,1,0.04587275301362659,8.492259659021423,Low
PRV56775,3.878827,5.395734589002959,10.058334494815297,5.802930818470433,Low,4,0.17116387190364613,11.915792226044362,Low
PRV56777,2.019456,0.0,12.890401199712088,4.232328254792524,Low,14,0.19091995262880168,11.602408041800743,Low
PRV56778,5.4004087,0.0,14.466491131369724,6.316827155248436,Low,18,0.20382026192200342,13.50690958995099,Low
PRV56780,0.063746005,0.0,7.542487759478816,1.9174949425180576,Low,0,-0.049744262129322925,3.301125440910509,Low
PRV56782,6.5936913,2.580786833083483,23.318084869370384,9.771563600128237,Low,35,0.12641851199761756,14.353785108041778,Low
PRV56783,0.17068855,0.0,11.57827337803888,2.979912621832012,Low,9,0.08776331310358998,7.888931577991377,Low
PRV56784,0.21344747,0.0,9.439172132427547,2.4665167663532133,Low,2,0.09549083844446093,7.544085196402733,Low
PRV56788,1.9726905,0.0,15.55273295468211,4.874528470203578,Low,17,0.10508287117734982,9.88367557672439,Low
PRV56789,1.5064073,1.2820941940704547,14.880735575855638,4.7939110729289105,Low,7,0.18673182349677342,11.697873520989937,Low
PRV56790,0.29690713,0.0,14.068070195848339,3.6654711124138517,Low,8,0.10226176747695259,8.721815780870694,Low
PRV56791,1.4013671,0.0,13.608026668702136,4.10269020132089,Low,25,0.12466491056814932,10.071175488084942,Low
PRV56792,0.22413938,0.0,6.597906466232348,1.7615463052954794,Low,0,-0.03410754753706735,3.601621091767836,Low
PRV56793,5.869507,5.2516688668307365,9.739666445054752,6.682587245940122,Low,7,0.175024799928016,12.713239464493839,Low
PRV56796,0.5479519,0.3171218195625447,8.778174951862338,2.547800131414799,Low,9,0.1936232850006696,10.35983363325074,Low
PRV56797,0.04713797,0.0,3.019473556427791,0.778437373228032,Low,0,-0.046624671243372384,2.5855139895570325,Low
PRV56798,0.1450496,0.0,10.003970672446243,2.5735174690082054,Low,4,0.043157191928665295,6.3016098096780615,Low
PRV56800,36.611523,5.470584824931926,13.009752396103764,22.925845642539198,Low,8,0.21174334584956933,25.07233969256157,Low
PRV56801,0.22264281,0.0,6.6788434562106325,1.7810322686289597,Low,3,0.09284415699925241,7.021752393602885,Low
PRV56802,4.145221,1.9959320329892654,29.016175390452087,9.825637472544297,Low,13,0.19630687582182127,15.632008587541916,Low
PRV56803,26.52472,0.6948445691885659,16.600965766353358,17.586312203026107,Low,74,0.21916846751106478,23.301005999198004,Low
PRV56805,0.038694736,0.0,2.514162586492939,0.6478880144314575,Low,0,-0.11798934490427576,0.6244764233914295,Low
PRV56807,0.12962458,0.0,9.235210128238567,2.373614819747897,Low,12,0.1033435790327345,7.9532408514576804,Low
PRV56808,93.97944,0.0,20.24996992353944,52.052211871754,Medium,47,0.2224334593091737,46.787841696923444,Medium
PRV56809,0.41416213,1.6245307083909633,10.586237695365112,3.25977316552089,Low,8,0.14418836381507916,9.536244449308686,Low
PRV56810,0.06227808,1.3731146915519703,7.8872383534403525,2.346227301613896,Low,4,0.07321699587205577,6.930030830009577,Low
PRV56811,7.561741,3.8552150747638345,9.117710313572685,7.0241017847062,Low,11,0.21570724656913898,14.125504469552112,Low
PRV56813,0.665096,0.0,10.154333535760248,2.8711313764079422,Low,15,0.07653080142838342,7.679582691252645,Low
PRV56816,0.25496095,0.6199763843959876,9.517430875683617,2.6618322921145516,Low,3,0.049576337242288604,6.5047570315678,Low
PRV56818,0.25154218,7.888152903368539,15.888009545662637,6.069811702646092,Low,4,0.19312142924395181,12.677865637684981,Low
PRV56819,12.254697,0.05345501857885741,25.343864081393523,12.476678197997245,Low,23,0.20323991245628192,17.937829176678356,Low
PRV56820,0.08826845,0.4613797615278467,11.778325172985879,3.1040604593247565,Low,0,-0.06508203596590445,3.7298934286582304,Low
PRV56821,0.025087398,0.0,7.492188352590773,1.8855907869204813,Low,1,0.020205816504019425,5.138230805511089,Low
PRV56823,0.028249802,0.0,12.944348085721046,3.2502119224641994,Low,1,0.03801453797298182,6.560028790270388,Low
PRV56824,0.39567038,0.0,9.871326058445067,2.6656667066955793,Low,17,0.0967686038928558,8.119650356983755,Low
PRV56826,0.3198803,0.7545046761052322,11.233689140218598,3.156988607441324,Low,5,0.11946831697640026,8.736128254818935,Low
PRV56828,0.23177257,0.0,8.274186331268751,2.1844328687182575,Low,11,0.05739410324123739,6.590156893172457,Low
PRV56829,2.1492112,1.0057218851477578,20.189257982980862,6.373350551176747,Low,16,0.107379020670475,10.966161248886067,Low
PRV56830,0.02430196,4.381481704218996,11.138700857270033,3.892196619973104,Low,2,0.030655659776324673,6.8434715669747685,Low
PRV56831,0.0643727,0.0,7.014162586492938,1.7857269983397528,Low,0,-0.03242493181284534,3.662629717270402,Low
PRV56832,0.15171675,2.3326576631616533,3.4487461512711377,1.5212093305284209,Low,2,0.1227604752331739,7.596795715212938,Low
PRV56833,0.027595052,0.058866044322065034,11.410837485765155,2.8812234087696043,Low,0,-0.01437444655448944,4.902374262098673,Low
PRV56834,2.325688,4.967483594833055,14.781059479491226,6.099979711223282,Low,2,0.10292988554313875,10.282401718231581,Low
PRV56835,0.9706799,0.8746612824926965,12.287216959432143,3.7758095000754786,Low,8,0.0883067224589178,8.433450307907064,Low
PRV56836,0.10922061,0.0,4.19145119302931,1.1024731027917627,Low,0,-0.014820004383992724,3.6455760660793697,Low
PRV56837,0.34101573,0.6934710997846195,12.06281979559202,3.359580587008108,Low,4,0.09212449374947052,8.134727699808604,Low
PRV56839,0.05254281,8.77034856994733,10.153051475381828,4.757121416030781,Low,4,0.1401527392716283,10.371278047367785,Low
PRV56840,1.5699288,2.7220572335963626,21.4009201182865,6.815708720619184,Low,8,0.053087455785399196,9.638685034705807,Low
PRV56843,0.05557808,0.3056296225410905,13.76416258649294,3.5452370917958183,Low,0,-0.03820773409982847,4.742785582215773,Low
PRV56845,0.059373472,0.0,6.691451193029311,1.7025495342002874,Low,0,-0.017005251909248176,4.008379188927529,Low
PRV56846,0.09548108,3.157513452613398,20.99484141435746,6.085829258141239,Low,2,0.06629358900247484,9.312677505082966,Low
PRV56850,0.34283087,4.741540679431899,19.200852254469545,6.157013666762982,Low,1,0.09363607131398022,10.051995126579286,Low
PRV56851,0.2593567,5.38712841147881,18.77801735350394,6.170964794912947,Low,2,0.027070576053852324,8.344685191599241,Low
PRV56852,0.20677792,2.8055074022092863,17.689005336822277,5.2270171424371625,Low,1,0.0024551011606932516,7.012185742538138,Low
PRV56853,0.15217295,10.24623630895951,28.702632142926728,9.813303589416758,Low,2,0.11643166801255866,13.235455942769427,Low
PRV56854,0.17979695,0.0,8.358117859695978,2.179427939438479,Low,0,-0.016488226955843732,4.355739391494763,Low
PRV56855,0.075754195,0.774445986021232,15.86873979956568,4.198673544122596,Low,0,-0.05645488058616277,4.722141796670552,Low
PRV56856,0.73264784,3.254082440964258,23.513092398563888,7.058117627986208,Low,8,0.07922635503465913,10.493173277401961,Low
PRV56857,0.32531777,3.13769435298037,18.796919065656343,5.646312239780524,Low,6,0.12948389774353897,10.767894415391302,Low
PRV56858,3.7844868,1.2750463134957595,15.455196745595964,6.074804150087872,Low,2,0.0371912603648491,8.54252028403181,Low
PRV56860,0.045214664,3.715492801984044,8.33899836793051,3.036230124574142,Low,1,0.06991996790207622,7.24611844678098,Low
PRV56861,0.11964417,0.2294631242519277,14.001954757329688,3.6176765566402254,Low,2,0.02197722209039199,6.423944790456344,Low
PRV56862,0.42185593,2.3397771084881605,18.326047308819536,5.37738406758376,Low,1,0.0436136184623499,8.195737242365293,Low
PRV56863,0.802207,1.4460357592692707,15.95377084097857,4.751055146613474,Low,6,0.14267606328167393,10.486830436454301,Low
PRV56864,0.921751,2.101495301401064,13.428222662836022,4.343305002228705,Low,4,0.022314652277430014,6.994416168826619,Low
PRV56866,2.2122865,3.7650428985672946,19.39344053364336,6.895764094212942,Low,10,0.10608032490895103,11.136752920470602,Low
PRV56867,0.03499323,0.10572499628325935,10.713516165580868,2.7223069061143015,Low,1,0.03680654579810794,6.158847600835776,Low
PRV56868,0.08565545,4.545070977052926,22.675697965019374,6.848019960928537,Low,2,0.06034170879792522,9.690280195440582,Low
PRV56869,1.4226131,0.5174680745825638,12.528086319840659,3.9726951705662548,Low,3,0.0533960469250323,7.522432010988513,Low
PRV56870,0.22668086,0.0,28.523499777445068,7.244215374322948,Low,13,0.1590616746829555,12.849241787795666,Low
PRV56871,0.022439262,0.09301693423438054,9.36952119421872,2.3768541630624744,Low,1,0.07886380336646426,7.018871050477911,Low
PRV56873,0.1307261,0.0,12.514162586492938,3.1939036961303757,Low,1,0.06493065147642063,7.225776948134018,Low
PRV56877,95.07788,0.8578781589350241,16.89237621693837,51.97650402365585,Medium,16,0.20984508107452604,45.57283382102625,Medium
PRV56878,1.055731,6.165224695190229,25.461396835673533,8.434520911776303,Low,1,0.002421981554857733,9.256570694477537,Low
PRV56879,0.20423663,7.0871084757389085,10.268190734392734,4.440943115845441,Low,2,0.03220825942716243,7.268270018133984,Low
PRV56880,0.116124004,0.0,11.25708129324647,2.872332325374415,Low,0,-0.10519273355908026,2.5168404697014104,Low
PRV56881,1.5051512,2.2555896347192985,17.026142916378955,5.573008714079952,Low,6,0.09725824578279174,9.872315670288819,Low
PRV56882,0.26919714,2.4183007467647646,19.033020503956852,5.49742888076226,Low,1,0.046212491207535344,8.347855383579788,Low
PRV56884,0.10061345,0.0,7.2087438797394086,1.8524926961819244,Low,1,0.03299848367489311,5.45021183888287,Low
PRV56885,25.752872,2.612036666901704,31.647064972551554,21.441211643383824,Low,9,0.16695077584692508,22.88643986304421,Low
PRV56886,0.09625757,9.708653194976787,32.994200696725684,10.723842256628469,Low,0,-0.00666567409656138,10.59416633705514,Low
PRV56887,0.264083,6.2300553667616425,19.584366149660728,6.585646878124262,Low,3,0.08787358318712324,10.25476065134766,Low
PRV56888,0.03434586,1.7042063172344895,9.514162586492938,2.8217651566940285,Low,2,0.0456033676133305,6.485778241931792,Low
PRV56889,9.540906,13.260450149081734,15.648674763294112,11.997734204320768,Low,8,0.22834104531985455,17.85749782062051,Low
PRV56890,0.57723814,6.554843690946358,16.081178596959763,5.947624643221724,Low,0,-0.014893692417906113,7.035251622629051,Low
PRV56891,0.027259687,0.0,5.014162586492939,1.2671704901041199,Low,0,-0.09851222644035879,1.5682469761156934,Low
PRV56892,0.3120538,6.433043470988433,21.238821672803788,7.073993185762661,Low,0,-0.006409814819761439,8.045975136833038,Low
PRV56893,0.056173325,0.3170465751508326,5.744381210583209,1.5434436087259908,Low,0,-0.021235457647795886,3.7861796633916955,Low
PRV56894,0.030157227,0.0,9.21122969955964,2.3178860384244797,Low,2,0.06150346227429482,6.549622739498457,Low
PRV56895,9.658866,0.0,22.94263140857039,10.56509081646755,Low,13,0.1964266755838895,16.152764511775764,Low
PRV56896,16.1736,2.659035040732366,33.61465175773435,17.15522132119871,Low,3,0.20427608934850872,20.703042973037263,Low
PRV56897,5.8634505,0.0,30.95874387973941,10.671411233530433,Low,8,0.12563326950644949,14.238273999502045,Low
PRV56900,0.046166923,0.0,22.952073132899013,5.7611017446733035,Low,2,0.14680765390685213,11.194722306661752,Low
PRV56901,0.51016814,0.0,13.526551477629859,3.636721936990549,Low,2,0.01164521850649447,6.166592748302257,Low
PRV56902,0.18085636,0.0,22.51416258649294,5.718968827615838,Low,1,0.028768623218600742,8.045928799087104,Low
PRV56903,5.5846634,5.119746006064908,39.1702073132899,13.864820025395343,Low,2,0.1863985224020368,17.904549584855793,Low
PRV56904,0.5755884,0.0,29.382081293246472,7.633314525877765,Low,4,0.12874425686897673,12.085727200874164,Low
PRV56905,0.08639395,0.4584138851660073,12.037605039183157,3.1672017072721363,Low,2,0.06498784121618961,7.23542948341187,Low
PRV56906,1.430791,0.0,21.91626900628742,6.19446276176854,Low,6,0.14427861572600276,11.53920036329998,Low
PRV56907,0.08832827,0.06329901914706793,4.8115769028446564,1.2628831165500627,Low,2,0.03813698639897922,5.198952238432196,Low
PRV56908,0.444176,0.0,12.514162586492938,3.3506286408411072,Low,1,0.06876246832169952,7.435872564385836,Low
PRV56909,0.32891208,0.385389855191345,19.422465137878078,5.116419787934485,Low,3,0.11963641193855723,10.058442655081384,Low
PRV56910,0.06859596,0.0,23.19499183965254,5.833045940281273,Low,4,0.13115481975183196,10.888692512209257,Low
PRV56912,4.78084,0.5912107001167848,28.58559115792151,9.684620424531547,Low,7,0.19183082285669373,15.254956602826883,Low
PRV56914,1.9688454,0.24657331001418786,26.64815976296776,7.708105951961308,Low,6,0.17509087708229176,13.405988048647362,Low
PRV56915,0.67219126,0.0,29.38005806660462,7.681110147773744,Low,4,0.1478059610186785,12.618573691375689,Low
PRV56916,4.2269654,0.3386337649151102,25.94095672870002,8.683380337103124,Low,11,0.17790890189216846,14.296736550756528,Low
PRV56917,0.046522457,12.85713523921507,14.93739739350602,6.971894386756575,Low,2,0.1124819265665642,11.14299188902758,Low
PRV56918,77.21253,2.74174801435699,29.7760673483977,46.73571986241719,Medium,7,0.1953169027125048,41.28205654659388,Medium
PRV56919,0.043910187,0.0,11.285406466232347,2.8433067099269747,Low,0,-0.04505074765122702,4.072157086248131,Low
PRV56920,0.032957,0.0,10.003540646623236,2.5173636610534444,Low,0,-0.07829474893549038,2.9730513700896655,Low
PRV56923,0.07650294,0.576135749649916,17.074396547523655,4.4508845450678045,Low,1,0.02344992507130328,7.018927469630212,Low
PRV56926,0.0093334075,0.0,7.5141625864929384,1.883207350376408,Low,0,-0.1207473821572127,1.416943302690361,Low
PRV56928,1.0279517,0.0,11.326124354012636,3.3455069471915135,Low,2,0.023852936948213666,6.282567127050706,Low
PRV56929,0.90929556,0.220462969554095,14.509100445334663,4.137038633186911,Low,3,0.06429692821903299,7.923060030646846,Low
PRV56930,0.09941837,0.0,14.450150446423182,3.662246797563704,Low,3,0.07695272754008997,7.92226969947269,Low
PRV56931,2.0298567,0.0,10.77620353365317,3.708979224325158,Low,3,0.04713042828902114,7.173680546057284,Low
PRV56932,0.06557278,0.0,6.824627276691979,1.738943210848467,Low,0,-0.009970506741635965,4.2181550870658135,Low
PRV56933,0.031575613,0.06462786900869566,8.037048651856647,2.0412069365782495,Low,3,0.06448513875221773,6.46090869147526,Low
PRV56934,0.03995609,0.0,6.702073132899014,1.6954963277793447,Low,0,-0.058047800854921394,2.9281854983022915,Low
PRV56935,0.20651644,1.036442489092575,15.086105153832662,4.133895133072847,Low,5,0.07627179316903698,8.28827529682831,Low
PRV56937,0.03147079,0.0,4.546028406102051,1.1522424967782174,Low,1,0.006668065006893209,4.270217155208131,Low
PRV56938,0.048762605,0.0,6.527508963069193,1.6562585430644137,Low,1,0.06478044502311431,6.145490145408696,Low
PRV56939,0.110285275,0.0,10.18206089237783,2.600657860436672,Low,2,0.05598405541125828,6.6029624001607425,Low
PRV56941,0.8045589,0.0,7.998563990804916,2.4019204342895164,Low,3,0.06331716766656559,6.6828089575366905,Low
PRV56942,2.7486408,0.0,8.039850747450295,3.3842830747028447,Low,2,0.06617717122323219,7.418545196331531,Low
PRV56944,0.061114103,0.0,3.389983679305089,0.8780529711272748,Low,0,-0.08430841689349783,1.6679843342299139,Low
PRV56945,0.5024627,0.1697547808906976,16.156777494987775,4.332864411523711,Low,8,0.13199831532704387,9.968046377574037,Low
PRV56946,0.12642255,3.2789757819683163,36.26416258649294,9.948995869242578,Low,0,-0.07567409411679299,8.243851347177444,Low
PRV56947,0.0501618,0.0,11.69145119302931,2.947943698896623,Low,1,0.02471686757527658,6.00006097013282,Low
PRV56948,0.15111947,0.0,5.024784526362644,1.3317558668888176,Low,0,-0.049014122410316885,2.910236710816454,Low
PRV56949,0.5855001,2.0040313695800642,23.64623641026896,6.705317005520575,Low,13,0.13277146628337977,11.783246837421299,Low
PRV56950,0.086236455,0.03140662246800066,6.723317012638422,1.7317991360498313,Low,0,-0.020596387141427364,3.9347712714358494,Low
PRV56951,0.12037073,3.289515721514939,22.857726436331188,6.596995904840388,Low,2,0.02471886102839027,8.581295377515511,Low
PRV56953,0.037924446,0.0,7.575334045367131,1.9127957344245636,Low,1,0.024243864173817076,5.263065378192354,Low
PRV56954,0.039185647,0.0,7.82533404536713,1.9759263348024807,Low,1,0.03771963961528746,5.660302961092385,Low
PRV56956,0.050553173,1.3605560436812543,4.599138105450573,1.5152001236963402,Low,1,0.10963092384643969,7.2217680483360915,Low
PRV56957,1.4689368,0.0,14.41209423961637,4.337491960382455,Low,14,0.10379697393310394,9.393524427021864,Low
PRV56958,0.02697951,0.05848869108290583,9.137414181469941,2.3124654730087455,Low,2,0.04556307866948328,6.128212950288399,Low
PRV56960,0.28986254,0.0,5.9870690527252854,1.6416985348535702,Low,0,-0.0005632994079713405,4.396539274981191,Low
PRV56963,0.13011612,0.0,7.139983679305089,1.8500539798166782,Low,0,-0.012917722732917136,4.218719755427539,Low
PRV56964,0.07089072,0.0,6.028325172985878,1.5425266518506622,Low,0,-0.06797433104533884,2.56104574333833,Low
PRV56965,0.041895658,0.0,3.358117859695976,0.8604772938128872,Low,0,-0.035467915201546074,2.935233084493151,Low
PRV56966,0.024826938,0.0,3.764162586492939,0.9534541157664466,Low,0,-0.0737485826309831,1.9974177838269562,Low
PRV56967,0.21560632,0.0,11.319866991690283,2.9377699063846183,Low,10,0.07676241990779376,7.598069549264116,Low
PRV56969,0.067085035,0.0,2.514162586492939,0.6620831641958761,Low,0,-0.11011113549840784,0.8408109168868727,Low
PRV56970,0.052388053,0.0,2.514162586492939,0.6547346733169365,Low,0,-0.0818394976832793,1.5763436998468707,Low
PRV56971,0.079320736,0.0,7.535406466232347,1.9235119846727966,Low,0,-0.09036463994239796,2.2411412079050708,Low
PRV56972,0.78972465,0.0,8.978654115917397,2.639525852978754,Low,8,0.0999975410722298,7.944334585743711,Low
PRV56973,0.43678468,0.0,5.554477162531747,1.607011632961962,Low,0,-0.006106176488095194,4.227042942582761,Low
PRV56974,0.028292876,0.0,5.014162586492939,1.2676870844917107,Low,0,-0.0917729624695221,1.7451677293012635,Low
PRV56976,0.03468083,0.0,7.524784526362644,1.898536545816716,Low,1,0.066261547951047,6.353887538866373,Low
PRV56977,0.13498797,0.0,5.702894225711164,1.4932175390408777,Low,0,-0.047075134234331795,3.074058615533061,Low
PRV56978,0.40188614,0.0,13.168258158644052,3.4930076073308816,Low,6,0.09265696593578288,8.295767903648937,Low
PRV56980,0.084031574,0.0,5.995653633119982,1.5409291954940363,Low,2,0.02204037965342276,4.97187627603577,Low
PRV56981,0.033173565,0.0,3.594088709817274,0.9151089598650594,Low,0,-0.052829351236336974,2.518630303472549,Low
PRV56982,0.5772447,0.0,10.173440501721668,2.831982474931073,Low,2,0.08377595161616835,7.492997808579993,Low
PRV56984,0.04946603,0.0,5.8899836793050895,1.497228934231046,Low,1,0.01684209141230908,4.778252692290682,Low
PRV56985,0.027740689,0.0,7.760359515472922,1.953960223365494,Low,0,-0.001889259167866586,4.580384195896727,Low
PRV56986,0.03646549,0.0,3.7854064662323474,0.9645843607452035,Low,0,-0.045429190542061126,2.747136775984705,Low
PRV56987,0.22300836,0.0,6.927340150643676,1.8433392198804244,Low,0,-0.08636260780791644,2.289867826144584,Low
PRV56988,0.0133723775,0.0,7.5141625864929384,1.8852268353694783,Low,0,-0.10785005275820936,1.756248640688552,Low
PRV56989,0.021166425,0.0,5.007081293246469,1.2623535359107756,Low,0,-0.09768273269715794,1.5866066652428121,Low
PRV56990,0.76844364,11.605658662312065,27.5704230015119,10.178242237979383,Low,3,0.02037215306963258,11.001135878014994,Low
PRV56991,0.09071581,0.40685993568080336,7.405916589109646,1.998552036525886,Low,1,0.04663253562426062,5.909646159298106,Low
PRV56992,0.10429447,0.0,5.014162586492939,1.3056878823445845,Low,0,-0.09746370694031853,1.6226788712611748,Low
PRV56993,0.18336794,0.0,6.2045364113354635,1.6428180717355,Low,1,0.022801847805203113,5.036302235077015,Low
PRV56995,0.05456049,0.32960522302154877,5.955357504147614,1.5985209267685727,Low,1,0.04255053110576945,5.522681666082325,Low
PRV56996,0.07420831,0.0,8.746123681683914,2.2236350762892703,Low,1,0.005962838016382421,5.00171601609607,Low
PRV56997,0.10501052,0.0,7.511617704581934,1.9304096846162573,Low,0,-0.019884604650337312,4.092446344999594,Low
PRV56998,0.17634429,0.0,5.035406466232348,1.3470237617459417,Low,0,-0.10194524685572692,1.534204010940948,Low
PRV56999,0.13722864,0.0,6.640394225711164,1.7287128753946566,Low,0,-0.010530985741884047,4.196310099084197,Low
PRV57000,0.10666674,0.0,10.12669906563112,2.58500813456016,Low,8,0.08732090071571719,7.5740622235822865,Low
PRV57002,0.3067859,0.0,7.184219781871394,1.9494479011286685,Low,3,0.03197283375612725,5.544901187459697,Low
PRV57004,0.6228708,0.0,13.283679700926246,3.6323553266712283,Low,9,0.11389550993915754,9.03026788520587,Low
PRV57005,0.052584168,0.0,5.035406466232348,1.2851437003430248,Low,0,-0.09412578531287513,1.695746746110109,Low
PRV57006,0.5993159,0.20540563501141063,16.117329861196332,4.380341814916498,Low,16,0.11381438155280788,9.739652441655107,Low
PRV57010,0.27368367,0.0,8.544797850755241,2.2730412962802715,Low,6,0.09040623590768726,7.382825558275513,Low
PRV57011,0.08804016,0.0,7.912462272773796,2.022135647269739,Low,0,-0.013075342349009533,4.335047512737313,Low
PRV57013,0.2702659,0.0,12.466571950157755,3.2517759410640283,Low,4,0.0990752522787467,8.241364441583169,Low
PRV57014,0.55143136,0.027069458462432944,17.91975135424235,4.762420882106478,Low,9,0.07620676471988763,8.83392221854856,Low
PRV57015,3.2724223,0.0,9.801775902512357,4.086655132473182,Low,3,0.1261854579464059,9.509183093110687,Low
PRV57016,16.845274,0.8596999182589455,30.749487449250733,16.324933827656228,Low,16,0.17797079190376897,19.781673612399093,Low
PRV57017,96.8346,0.7461595918945618,29.991537844098282,56.10172553697672,Medium,23,0.19601070340822546,48.28596731221501,Medium
PRV57018,97.90073,3.945984456214536,25.905161175350038,56.41314956707083,Medium,24,0.19259069221081948,48.44121033856058,Medium
PRV57020,0.48626179,0.0,27.620381985189983,7.148226388812678,Low,6,0.15563552168283434,12.504369696045607,Low
PRV57021,94.79634,0.6194512882309978,26.68924491254844,54.22534452138627,Medium,14,0.19469496990820367,46.69641951547734,Medium
PRV57023,10.814263,0.20797392232269735,28.31891447146576,12.538853770352631,Low,15,0.18796827057925958,17.36649166598213,Low
PRV57024,8.016772,1.1375758425594353,26.943372883667465,11.028623316658043,Low,9,0.17330871820420057,15.764197087170487,Low
PRV57025,92.73784,0.0,14.492312439445525,49.991997482419976,Medium,18,0.21846460500808051,44.463189792939694,Medium
PRV57030,91.070435,0.0,14.91635457452526,49.264305928787564,Medium,19,0.20055997794395264,43.511575562825264,Medium
PRV57031,18.30683,2.3741347007594573,10.010090498633936,12.249471026105672,Low,29,0.20609137459881077,18.014562237037033,Low
PRV57033,53.07973,0.0,15.324957894370927,30.371104967367145,Medium,22,0.2128011173837293,30.687572256836255,Low
PRV57034,15.691979,0.0,13.298637154132617,11.170648992665235,Low,23,0.18753720761247172,16.612220185238,Low
PRV57036,1.4552884,0.0,8.349138105450571,2.8149287314560265,Low,2,0.05058189038927352,6.61142296472071,Low
PRV57038,0.11207616,0.0,6.741752899038539,1.7414763064056002,Low,1,0.10219220336324908,7.185277472674301,Low
PRV57039,0.104777075,0.4613797615278467,10.296028406102051,2.7417405795826166,Low,0,-0.07186999999416388,3.2984345034403244,Low
PRV57041,0.18395486,0.0,9.802056176332872,2.542491476453404,Low,1,0.040511114259176306,6.130031228226928,Low
PRV57043,0.021978566,0.0,2.514162586492939,0.639529929834764,Low,0,-0.11401783457998932,0.7226736897232933,Low
PRV57046,0.5663702,0.2333445315952071,16.071539714806686,4.359406156195429,Low,13,0.07724580598401509,8.686415865014624,Low
PRV57047,0.10544031,0.0,6.426570782584065,1.659362851212947,Low,2,0.04612747564004871,5.685827513448755,Low
PRV57048,0.04608325,0.0,7.04602840610205,1.784548726101366,Low,0,-0.04018529343467209,3.4584944824809085,Low
PRV57049,94.417725,0.6558917335093184,23.533361474576626,53.256175606708986,Medium,18,0.22018835039929807,46.793274159128785,Medium
PRV57051,0.038830347,0.7851416321502559,9.191451193029309,2.513563379974481,Low,1,0.02705270564792628,5.757190384323445,Low
PRV57052,0.15997705,1.6150662641661189,7.008052442034557,2.23576820086791,Low,2,0.07775858415098091,6.918001341994563,Low
PRV57053,0.16614848,0.3194646712302513,17.587766802017597,4.559882110188564,Low,6,0.08981797121107415,8.968202429096088,Low
PRV57054,0.32205874,0.5174680745825638,13.69962727669198,3.7153032064576283,Low,2,0.018697071889847927,6.406348172349254,Low
PRV57056,0.08803566,0.0,5.955357504147614,1.5328572050378533,Low,0,-0.021946586128511636,3.7601386253849753,Low
PRV57057,0.1705676,4.576091608023523,15.273186177315583,5.047603247294363,Low,2,0.0982166761483575,9.422258806506372,Low
PRV57058,0.09447519,8.368119224762577,26.98198944573357,8.884764761304657,Low,5,0.03376451915806655,10.50025387565114,Low
PRV57059,0.20477557,0.6430639996734662,4.62855806885265,1.420293303043089,Low,1,0.08233014927658822,6.440091784383432,Low
PRV57061,0.07294661,0.0,5.014162586492939,1.2900139506565143,Low,0,-0.10844460885851664,1.3240230966398108,Low
PRV57062,0.21418566,0.1403187348638732,12.15850832914901,3.1817995935617382,Low,5,0.026600717860370104,6.320496846573581,Low
PRV57063,0.015615692,0.0,10.014162586492938,2.5113484928043293,Low,0,-0.11381064861308116,2.038374661649093,Low
PRV57067,0.18679589,0.15192332993214056,12.278501643309639,3.201004188476079,Low,0,-0.0033175376424825487,5.415896105537394,Low
PRV57069,0.21672475,0.0,18.764162586492937,4.799403023313145,Low,2,0.02459226983032381,7.319663850988793,Low
PRV57072,0.18464088,0.0,28.993739799565677,7.340755392091126,Low,4,0.13395224717283116,12.017377750754303,Low
PRV57073,11.462222,0.5045755160493226,29.23313528192539,13.165538749145778,Low,10,0.17505316659832182,17.33258559593223,Low
PRV57074,0.34484497,0.0,25.63772585471691,6.58185394724265,Low,7,0.13425479524367934,11.57460998153848,Low
PRV57075,0.54381895,0.0,26.680829253159605,6.942116788616439,Low,2,0.10901463436463865,11.031309442910214,Low
PRV57076,0.123838976,0.0,30.86873979956568,7.779104437904211,Low,2,0.06206703776134148,10.387240495851119,Low
PRV57077,0.48731646,2.450272397116708,42.55665034597175,11.495388915480785,Low,3,0.1298319831968926,14.790830519752857,Low
PRV57078,1.1334451,0.32922096611139495,29.79358254989502,8.097423450851426,Low,10,0.15647076098750556,13.298072272414771,Low
PRV57080,0.90169173,13.370365125121078,30.847495919826272,11.505311128632238,Low,1,0.1660924304580198,15.694056972875625,Low
PRV57081,27.334532,0.5814515719746349,26.091066246015654,20.33539534652638,Low,37,0.200673814290948,23.74754198224133,Low
PRV57082,3.2613885,2.659035040732366,28.87936173943538,9.515293465175908,Low,5,0.2017939630107458,15.343756566935316,Low
PRV57084,2.3932862,0.0,27.142036411335464,7.982152216923832,Low,7,0.14762335089094536,12.90505592674059,Low
PRV57085,0.1812633,0.0,29.265804772117242,7.407082841927435,Low,5,0.15956709397585223,12.761725181538687,Low
PRV57086,1.1757542,0.0,31.92593754074554,8.56936147993202,Low,6,0.12188134233411552,12.614852737740222,Low
PRV57087,0.54246044,0.0,27.36956089237783,7.113620443889135,Low,4,0.09488903736173893,10.834982712854462,Low
PRV57088,5.206354,0.06459455331798744,21.046028406102053,7.880832810472686,Low,6,0.16612730690335709,13.292064051379246,Low
PRV57089,0.13999662,0.0,30.842184949891422,7.780544546489083,Low,3,0.09851165038039389,11.369891259141285,Low
PRV57091,15.057282,2.0142809806475146,32.32707313289901,16.1139797522941,Low,4,0.12168123862232594,17.837151820396457,Low
PRV57092,0.17728606,0.0,23.764162586492937,6.029683675955395,Low,2,0.058531009254960464,9.070007041589992,Low
PRV57093,0.11590531,0.0,25.014162586492937,6.311493300239901,Low,1,0.05596381020810193,9.17317117489214,Low
PRV57094,0.7444387,1.5010534099876405,25.334428123749532,7.081089737348554,Low,3,0.1279617854635039,11.651824572670158,Low
PRV57096,24.369026,1.0799691806259222,26.62491156047179,19.110733277315443,Low,11,0.18627829485407998,21.81514980858508,Low
PRV57097,0.15378754,0.0,20.30256230414042,5.152534345239721,Low,3,0.11716236993658713,10.018906461248298,Low
PRV57098,25.759197,0.06205509837877098,27.701447429499325,19.820474249523237,Low,49,0.18541481094458212,23.309480666211282,Low
PRV57099,0.21528578,0.6871122374449474,7.66002277575134,2.194426642321899,Low,2,0.09110616177319275,7.238749812998549,Low
PRV57100,0.23122786,0.1654620241784525,8.229707261585222,2.214406251368268,Low,3,0.10303914065296449,7.592208262503531,Low
PRV57101,72.32229,3.1223645864660834,13.406577204285117,40.2933797042796,Medium,47,0.2070786734338922,38.1543856144407,Low
PRV57102,5.403823,14.587901734984724,13.554579613174933,9.737531786472289,Low,4,0.21327300081202327,15.77321222880476,Low
PRV57103,99.065475,2.5906163434861407,20.092310139548946,55.203469352692366,Medium,213,0.22212394942423885,53.44198905344623,Medium
PRV57104,94.56348,5.648552973440977,17.6559816673145,53.10787194143887,Medium,20,0.22758565410591147,46.9369517114876,Medium
PRV57105,0.28657886,0.774445986021232,13.972495919826272,3.8300249083914646,Low,0,-0.04490277638821488,4.766736461943726,Low
PRV57107,0.14666757,0.33387535288047426,6.909050751107563,1.884065310934868,Low,1,0.05864978126257292,6.144340206273371,Low
PRV57108,2.2738206,3.820362363835895,10.906301850917467,4.818576373016649,Low,9,0.2133808757668958,12.466997797793768,Low
PRV57109,2.207783,1.110399454030493,9.214744281074601,3.685177425666227,Low,10,0.21701130458514806,11.795576247123499,Low
PRV57110,0.2175374,0.8269151919840385,8.263759849031796,2.3814374618073035,Low,2,0.19201247979948421,10.013259494701611,Low
PRV57112,13.888152,4.666978158053875,13.396564563678591,11.459961741681894,Low,37,0.21202574060130452,17.832142793005147,Low
PRV57113,0.5361523,0.0,13.347495919826272,3.604950131565989,Low,2,0.1711982961899129,10.324416337414345,Low
PRV57115,0.042202987,6.226270963409814,6.75735499085052,3.2670079819534976,Low,3,0.1473652620394288,9.490310850853277,Low
PRV57116,0.027355991,0.0,8.225792815811227,2.070126199604767,Low,1,0.011683947998823885,5.044144752198789,Low
PRV57117,98.75162,0.7832599657733847,19.409418165654497,54.42397824867729,Medium,75,0.1990685060199926,48.58762744695715,Medium
PRV57118,0.12048761,0.6492194962238782,9.254373541590796,2.5361420634614373,Low,1,0.034069595124776586,5.956827993530279,Low
PRV57119,0.33178172,0.4613797615278467,10.26947355642779,2.848604187066233,Low,0,-0.06526522991924572,3.546274616884319,Low
PRV57120,9.594663,0.0,12.470642746411789,7.914992019763348,Low,15,0.213657634573019,14.802813263366282,Low
PRV57121,15.066004,7.028826594359301,15.559835907445546,13.18016752517045,Low,5,0.14150804666805827,16.3297630887559,Low
PRV57122,0.03723137,2.880675249341527,12.89811801384658,3.9633140012003736,Low,2,0.17161932748237674,10.586301467583839,Low
PRV57124,37.92094,5.3188995872419005,11.020607687428509,23.045347018252563,Low,10,0.2137328084097031,25.261803022061294,Low
PRV57125,4.7823944,1.962741636350918,20.03887727993462,7.891601933661228,Low,30,0.13447321712816007,13.114605579378233,Low
PRV57126,1.6987165,5.55032062270536,10.743251606694662,4.922751317981566,Low,11,0.1502644742414032,10.940051525610926,Low
PRV57127,2.1561072,0.0,14.33057408136314,4.660697113976344,Low,9,0.14226824941039484,10.493432582582884,Low
PRV57128,0.19299716,0.0,7.6348523911648565,2.005211676578064,Low,6,0.09566251134193904,7.3330517698006,Low
PRV57129,11.968165,2.9211210386644777,11.849734030963138,9.676796466228925,Low,46,0.23509037999906268,17.429798607503628,Low
PRV57130,0.09194556,1.4005784350080035,16.680829253159608,4.566324701435099,Low,0,-0.04647024353145962,5.241080905856689,Low
PRV57131,0.07666065,5.426863659229448,28.785406466232345,8.591397855359608,Low,0,-0.04546467690161993,8.084976530033247,Low
PRV57132,0.041982956,6.777761644035368,28.83851616558087,8.925060930519379,Low,1,0.048397068232605256,10.80443063139574,Low
PRV57133,0.063187614,8.918970291944294,29.847393313332294,9.723184708360792,Low,1,0.034201675502190665,10.991218163114283,Low
PRV57134,0.074827574,0.0,7.312910546406076,1.865641423698258,Low,2,0.07357492888341388,6.549306776446686,Low
PRV57136,1.5555502,1.0048610674497942,14.438738108838301,4.6386749028862635,Low,2,0.044779340593210426,7.736026727578429,Low
PRV57137,0.8752902,2.2523550372885395,17.487359202582525,5.372573667475471,Low,2,0.037531756163675656,8.059879452165204,Low
PRV57138,0.09701248,1.504409646564004,8.351744695774155,2.512544826876301,Low,1,0.014487536091485564,5.427287814408033,Low
PRV57139,0.11575327,0.0,13.318799821956057,3.3875765908318507,Low,3,0.04540183213107385,6.9034119402315515,Low
PRV57140,0.19038655,0.0,5.035406466232348,1.3540448908772589,Low,0,-0.06017326220656305,2.6334854261040173,Low
PRV57141,30.516365,1.0033674124128844,27.700003037673614,22.43402513815639,Low,15,0.16584974419053145,23.713637670453437,Low
PRV57142,0.8617564,5.197525108362907,13.26241803523497,5.0458639780858245,Low,2,0.07365030648121718,8.777437350441712,Low
PRV57143,0.22714487,0.0,22.51416258649294,5.742113080214124,Low,0,-0.03342933556574962,6.405786023875901,Low
PRV57144,0.38929418,0.0,23.04774224766992,5.956582650564369,Low,8,0.14933213991877103,11.558770711597157,Low
PRV57145,0.38226146,1.9352965215169124,28.411227559044494,7.777761747669878,Low,4,0.18342532233436337,13.619406449830985,Low
PRV57146,5.3636017,0.18224099719503678,25.612205901527307,9.130412566965742,Low,9,0.158336685274301,14.043203580274403,Low
PRV57147,0.035791285,0.0,7.348317012638421,1.854974895827614,Low,2,0.047070509438907115,5.847462089818393,Low
PRV57148,16.336834,7.6794675699290975,13.044484240600902,13.34940492956121,Low,21,0.17694603904107964,17.806184503192533,Low
PRV57149,0.4186335,0.0,7.972172435257958,2.2023598542149183,Low,11,0.1071342538519039,7.905827030348577,Low
PRV57150,0.5811192,0.0,12.2241413021925,3.3465949154109484,Low,16,0.08585682955757057,8.283581487478028,Low
PRV57151,25.494614,1.5160854026771267,14.930590625484413,16.858975830770852,Low,45,0.1432017990381107,20.023128310695036,Low
PRV57152,0.61002016,0.0,7.739041425999157,2.239770436837314,Low,34,0.09973485123794101,8.355610271344423,Low
PRV57153,0.14506537,0.0,7.574489225110935,1.96615498988865,Low,10,0.10095753089695925,7.551816625664994,Low
PRV57154,0.5188945,0.0,11.439997841891584,3.1194467072628282,Low,4,0.11652382802259786,8.605861861699916,Low
PRV57156,1.278131,1.047096357319645,16.761445581320068,5.091200988734025,Low,22,0.08860111316553676,9.737775894220722,Low
PRV57157,6.0729203,3.5535135428422993,18.010277429333186,8.427407904252977,Low,26,0.19178910297145757,14.883881951031642,Low
PRV57158,95.60436,6.320052450404379,20.124248765393,54.413256547845826,Medium,46,0.23915333529427918,48.85176431844713,Medium
PRV57159,7.29883,0.7493886219091057,15.624225602933873,7.742818572385061,Low,20,0.135568690416503,12.77070069373843,Low
PRV57160,0.36131367,0.0,8.162655347421607,2.2213206722922227,Low,13,0.1164129289849869,8.215878978317598,Low
PRV57161,0.02577512,0.0,6.2641625864929384,1.578928206454377,Low,0,-0.041072783644108324,3.2913091366840592,Low
PRV57162,96.2135,8.81579268087434,21.19564518891529,55.60960995572866,Medium,20,0.2392204986515567,48.992984711281245,Medium
PRV57165,1.5299363,2.0184945823658746,11.245189311585287,4.080889130302365,Low,3,0.1744590522852255,10.769846449101916,Low
PRV57166,95.7461,5.328684496190435,13.97597979040048,52.699216761345,Medium,41,0.18096176677978937,45.9931718960776,Medium
PRV57167,86.51096,1.7840791428814018,17.343361878397616,48.03734197529046,Medium,27,0.08617088657522565,39.87063429029092,Low
PRV57168,1.4271747,0.0,10.012630094063889,3.2167448672087517,Low,11,0.11163697219995283,8.733861360178437,Low
PRV57169,40.74791,1.155992770943505,23.061078533001986,26.42822259893559,Low,18,0.1755976413674153,26.845493856511716,Low
PRV57170,93.55095,2.202867493010243,16.93889533579758,51.5609152555418,Medium,54,0.09792747226627341,43.36997363599428,Medium
PRV57171,10.604854,3.230128699400301,20.707657366828204,11.286873331590085,Low,17,0.11926060352783685,14.74375341561305,Low
PRV57172,99.299194,5.881191440529373,22.7343315936371,56.80347792651037,Medium,213,0.2214960396291511,54.545544710973516,Medium
PRV57173,99.4731,1.7963436084465312,12.31599717881127,53.26463457425586,Medium,168,0.2369534405051904,51.26526260553784,Medium
PRV57174,6.176011,5.273682317458359,13.799807134487798,7.856377905741667,Low,15,0.1831836579320878,13.963408510056603,Low
PRV57175,0.3679149,0.0,7.630309628424927,2.09153484974749,Low,10,0.09711147186561453,7.53882124758023,Low
PRV57176,2.0339732,0.0,12.089334426883202,4.0393202152260494,Low,16,0.15559504075441155,10.595531207587197,Low
PRV57177,99.48436,7.425830675205894,20.893077454814744,56.82190690311063,Medium,107,0.22485060137501878,51.80069216040222,Medium
PRV57179,96.667656,4.787080795803067,14.85834894996782,53.24518540885483,Medium,33,0.2364202771518138,47.61351899389034,Medium
PRV57181,0.96532714,2.2677240959063036,18.825723367621176,5.756025437716434,Low,11,0.12924556721202285,10.972677920693714,Low
PRV57182,2.9007611,1.3069087357557851,12.399686467737638,4.877029364609317,Low,6,0.22503996436797158,12.7328295287405,Low
PRV57183,0.056417763,0.0,9.378355184181066,2.372797677661859,Low,6,0.05614346591013508,6.5550191510447755,Low
PRV57184,3.5339184,0.0,15.347381701524293,5.603804615749725,Low,11,0.2108130654707796,13.003075862899847,Low
PRV57185,89.92397,1.937984618004542,16.737824776277925,49.63093889031867,Medium,19,0.23526194476555418,44.67736084262808,Medium
PRV57186,0.4013107,0.0,10.298579076689283,2.7753001252218583,Low,5,0.08880090783218453,7.665503787122013,Low
PRV57187,0.118277766,0.0,9.35435164315285,2.397726793693457,Low,12,0.12371154553972041,8.503731005485417,Low
PRV57188,0.69864196,7.832708343365508,11.643382911344373,5.218343791603724,Low,5,0.1672670321472216,11.431335282016216,Low
PRV57189,95.792564,0.9648869914761425,15.184765498005332,51.93369531841529,Medium,15,0.21796991562586943,45.72888120670261,Medium
PRV57190,0.19112471,0.0,10.175039102306663,2.6393221293068674,Low,8,0.08556235894154551,7.566010724942991,Low
PRV57191,99.834885,6.603151742715808,23.590711530731067,57.46590814013906,Medium,264,0.2358414108011504,56.75420171205871,Medium
PRV57192,14.864665,1.4401538429525824,20.79514124358943,12.991156287352055,Low,45,0.148181528697088,17.44611646937748,Low
PRV57193,35.177322,1.6935724850053961,16.367760475218894,22.10399443390373,Low,37,0.11536846295431147,22.750682388017836,Low
PRV57194,0.47485968,0.7440037504599119,9.931866718820952,2.9063974596730833,Low,2,0.1800870579870495,10.068302392041938,Low
PRV57196,10.529976,3.9617120048214485,18.643879406230734,10.916385798319688,Low,10,0.1857336671537645,16.037992464068033,Low
PRV57197,72.27057,4.422339541567668,16.984026288458168,41.48687588133458,Medium,14,0.19365314857490878,37.752197229312216,Low
PRV57198,3.9894927,0.0,11.744850173706466,4.930958870826824,Low,6,0.12764852185974151,10.219062817698473,Low
PRV57199,0.07764961,0.0,4.672952639154639,1.207062963915876,Low,1,0.023330202070512618,4.745115790372656,Low
PRV57200,2.587105,0.0,7.000972497605848,3.043795642292392,Low,2,0.09936208651988165,8.049601606698197,Low
PRV57202,1.5419115,0.7725341430907561,14.825519567126152,4.670469168959714,Low,14,0.1273664184955764,10.24409441989201,Low
PRV57203,0.49898326,1.2050768335436057,7.281671843352706,2.3711788012087887,Low,4,0.21715653863354034,10.718508310137915,Low
PRV57204,93.08561,5.4234238569146225,20.702060682345756,53.07417585283267,Medium,29,0.21267525503770612,46.76434392517929,Medium
PRV57205,17.4814,2.916676481527365,10.018535969530756,11.974502880830936,Low,19,0.22786082477351222,18.123956811852658,Low
PRV57206,95.298744,1.4263689365137742,17.953596009362563,52.49436333729916,Medium,47,0.23221411246398727,47.35358693362994,Medium
PRV57207,0.29969496,0.0,14.912323087765426,3.8779282496158407,Low,8,0.10541137876917794,8.953051116036217,Low
PRV57208,28.594372,4.997787205159091,9.753055673922278,17.984896617597492,Low,20,0.23603587777643764,22.572252834154718,Low
PRV57209,96.19654,0.832796398397433,17.18932199623868,52.60380001491879,Medium,117,0.20784734906922153,48.67101267184128,Medium
PRV57210,8.951935,12.638729213375587,16.638047233327566,11.79516151890235,Low,10,0.19136250419679135,16.80060299839819,Low
PRV57211,4.0863624,0.22685098158549433,9.07898840008558,4.369641026371748,Low,16,0.13080951426717424,10.177410210584746,Low
PRV57212,0.47279903,0.10744330572840703,16.838519966379227,4.472890334490188,Low,11,0.09440053975039941,9.161593156276421,Low
PRV57213,0.9407336,0.0,7.667895995450104,2.387340804654381,Low,9,0.11515753325186806,8.19182093679737,Low
PRV57215,3.1702394,0.7113228130441078,25.443695646220636,8.123874339089868,Low,9,0.14647794330728203,13.027944636769387,Low
PRV57216,8.780429,2.802729718021275,13.147788879934907,8.377844092695833,Low,13,0.2107584554255334,14.997164066365002,Low
PRV57217,27.144932,4.7697692641161655,11.140203331317602,17.549959045464888,Low,12,0.19147075388083545,20.885488530019913,Low
PRV57218,3.9088893,0.0,15.626305111605232,5.861020924736636,Low,33,0.17442522577229436,12.820421626163547,Low
PRV57219,0.43525988,0.0,12.5627200258973,3.3583099457920285,Low,2,0.09273622370329437,8.096173431091133,Low
PRV57223,94.205414,0.6248916963543943,22.49546842639836,52.88279693986787,Medium,35,0.2103865430958206,46.73149151181398,Medium
PRV57224,2.1171808,0.0,13.129073188028265,4.340858709146959,Low,19,0.18305615611345005,11.606587256353578,Low
PRV57225,8.795903,0.30423973007720223,14.650172861410365,8.136554750807683,Low,48,0.1865408055001504,15.133390836438531,Low
PRV57227,24.27869,0.0,15.228906176236528,15.946571713126515,Low,21,0.19317974453213627,20.049501261610853,Low
PRV57228,21.538492,0.4559780223619861,19.23646966773753,15.692358023904275,Low,70,0.21464950085946277,21.749465020284582,Low
PRV57230,96.760086,3.9060792812835152,11.670321236226503,52.27414315916266,Medium,38,0.21487706758723368,46.503616137094184,Medium
PRV57231,74.68874,0.2006617690217407,15.85360308241438,41.35793800851333,Medium,19,0.21759889291499934,38.42351337243893,Low
PRV57232,0.040633716,0.0,5.011507101525513,1.2731936332259695,Low,1,0.029136499371931635,4.943523995346937,Low
PRV57233,1.5998026,1.991620272148792,18.666566643191924,5.964448035464359,Low,12,0.14525369409623867,11.564809547752994,Low
PRV57234,3.1421714,0.0,16.289904419157043,5.643561796241287,Low,10,0.20908687658446712,12.958836556374862,Low
PRV57235,0.2239149,12.699088684908308,13.759827261405377,6.7266864397697015,Low,3,0.17753207510263802,12.702413395672899,Low
PRV57236,0.88295436,1.5195212198592325,18.300227996712604,5.396414483670242,Low,8,0.09284632063979958,9.686804816358269,Low
PRV57238,1.5857911,0.6813329601155121,14.449557288271938,4.575618117593079,Low,4,0.1961215474007857,11.71052895960834,Low
PRV57239,0.4496053,0.43409822053948455,17.111445218172285,4.611188502738627,Low,1,0.008299930462981608,6.734231914861304,Low
PRV57240,0.11946544,1.7563432315968193,19.199179248018144,5.2986133401595925,Low,9,0.06170564209966101,8.82934813785452,Low
PRV57241,0.14165787,0.013459411503949845,12.177317755022438,3.1185232286256728,Low,10,0.07592279170968586,7.702599809456539,Low
PRV57242,0.56481373,1.8036203531046295,23.490994400358662,6.606060554916269,Low,12,0.07030979390890413,10.050514648739004,Low
PRV57244,0.05609914,0.0,8.827894225711164,2.2350231260047697,Low,0,-0.011074875272532647,4.536478141871221,Low
PRV57245,7.75644,4.984004273204904,26.610233793123804,11.776779597911522,Low,8,0.1106682709742578,14.619970163678868,Low
PRV57246,0.059162833,2.330235885335345,7.203715318523314,2.4130692173629518,Low,1,0.05739496103639419,6.481768434398688,Low
PRV57247,0.04466565,0.3570243533633853,10.049833707119348,2.624047339887319,Low,0,-0.013699838240238182,4.74002479285304,Low
PRV57248,0.04271743,0.0,5.120381985189981,1.3014542116677927,Low,0,-0.026549252929317757,3.4775732018922714,Low
PRV57250,0.78177303,0.34950818692436514,18.701636636412097,5.153672721213067,Low,3,0.07809228700166793,8.996122684196111,Low
PRV57251,52.453064,0.1872676802938099,26.319513410781166,32.85322725519062,Medium,15,0.16223384659969442,30.91234777499043,Low
PRV57252,0.1920852,0.0,27.236384808715158,6.905138805433108,Low,3,0.11849027288197456,11.280518753124406,Low
PRV57253,0.3769634,0.0,10.98417714146278,2.934525988766307,Low,4,0.08623616451577476,7.6829236245534,Low
PRV57255,2.4118137,0.44859732559045484,11.270038999116506,4.135565949157697,Low,0,-0.016112065447789203,5.734890895148243,Low
PRV57256,0.06679406,0.0,2.975369744668798,0.7772394662525247,Low,0,-0.008842103559749181,3.574525025346702,Low
PRV57257,0.07832917,0.6614705497478818,17.733621547558485,4.637937608456641,Low,2,0.011131326952383502,6.853980490035822,Low
PRV57259,0.3718999,0.0,11.281265285122325,3.006266272690875,Low,5,0.12031362863058381,8.652768584340878,Low
PRV57261,0.05115226,0.0,10.983135281925392,2.7713599500370503,Low,0,-0.0365268897401565,4.245107316122747,Low
PRV57262,0.32619473,0.5174680745825638,17.273605153832666,4.610865673794443,Low,2,0.06910923471189423,8.353968911580214,Low
PRV57263,1.0143871,4.486779595104946,20.695502551104866,6.802764101921105,Low,10,0.07214035479617265,10.182473949834629,Low
PRV57264,0.10201461,0.9695010241082319,12.99456089237783,3.5420227834621167,Low,1,0.032016021800092664,6.607143795291451,Low
PRV57265,0.2670056,0.0,17.514162586492937,4.512043442915539,Low,0,-0.08949360421915936,4.075933126568321,Low
PRV57266,0.72592956,0.0,7.725388191735238,2.2943118270723746,Low,2,0.09892877258719102,7.513610726902874,Low
PRV57269,0.42872652,2.660563734395828,25.739823218240154,7.3144600002163,Low,2,0.042827070299746084,9.557929588900006,Low
PRV57270,0.1346788,0.0,5.921849498914201,1.547801772695412,Low,0,-0.015055595321737947,3.951133987302584,Low
PRV57272,0.31370866,0.1654620241784525,15.991800536829468,4.196169971745357,Low,2,0.061906508587735165,7.874980733361216,Low
PRV57273,0.16072685,1.4005784350080035,15.184113624408205,4.22653643748627,Low,1,0.00412100436855134,6.35549354526986,Low
PRV57274,0.02058299,0.0,6.910406466232348,1.737893111918521,Low,0,-0.05659405855466104,2.9959492291750727,Low
PRV57275,0.7802813,0.4788332641723565,15.24301617515095,4.320603012487382,Low,4,0.05615209734909821,7.865017741687307,Low
PRV57276,0.5689358,1.54713534644352,13.41011478439148,4.023780438468561,Low,0,-0.0494556891141526,4.783085490907122,Low
PRV57277,0.22247848,0.0,4.784483007786532,1.3073599915201117,Low,0,-0.045465980738685685,2.9861158666676992,Low
PRV57278,0.08035264,0.0,6.13870085727003,1.5748515351385544,Low,0,-0.07714984191244101,2.3432878186278474,Low
PRV57280,0.030159269,0.0,7.556650345971755,1.9042422207570502,Low,0,-0.03300851723134124,3.730301264483012,Low
PRV57282,91.63538,0.9609956980917436,13.952808485313842,49.546142848829916,Medium,3,0.06696558424166588,39.77934797626844,Low
PRV57283,0.07748994,4.06180703114622,5.014162586492939,2.3077373755659103,Low,0,-0.09474782087527839,2.395265871167762,Low
PRV57284,94.31186,0.0,26.944441823224157,53.89204002123573,Medium,19,0.19285486666978569,46.549126463894396,Medium
PRV57285,0.30403966,0.0,26.725369744668797,6.833362264725167,Low,8,0.14140032446862172,11.964714150682692,Low
PRV57286,0.031125318,0.0,3.764162586492939,0.9566033057527351,Low,0,-0.10189599445433523,1.2622000346567623,Low
PRV57287,3.4120567,2.7322844090402953,28.032118607459118,9.397129096371863,Low,29,0.12445592119883109,13.87919004052923,Low
PRV57288,0.5529569,0.8693841962622011,20.923072183236883,5.724592534444244,Low,9,0.0937316592461408,9.966569702585033,Low
PRV57289,0.08733215,3.6613783262218624,15.669643218433329,4.876421462078896,Low,3,0.09817742715225353,9.328248926528476,Low
PRV57290,2.3451986,4.8302505983787265,26.680829253159605,9.050369278527892,Low,2,0.17944190860636866,14.352180668456128,Low
PRV57291,0.30601114,0.5986647395244695,9.191451193029309,2.600534553311708,Low,0,-0.017339052838906743,4.628223592399829,Low
PRV57293,15.799266,0.6943277318701411,31.231493096301094,15.881088137798423,Low,12,0.13957565939467165,18.357701180738385,Low
PRV57294,0.041587204,0.0,17.952073132899013,4.50881188509529,Low,2,0.12149235963992011,9.654894677315545,Low
PRV57295,94.21698,0.7775850504901882,26.55864804142027,53.94254826321199,Medium,14,0.1803492340216296,46.122624244985296,Medium
PRV57297,89.7827,0.0,29.642036411335464,52.30185889531433,Medium,8,0.13655923882089627,43.665832229051226,Medium
PRV57298,0.5121284,0.0,22.51416258649294,5.884604852985006,Low,3,0.06822629216028775,9.249300134724823,Low
PRV57299,0.4552467,0.0,25.056650345971754,6.491785929960651,Low,6,0.12009905548564881,11.113856470602046,Low
PRV57301,0.9504688,2.74606332003718,9.290944206153306,3.484486270852736,Low,7,0.12102409787517676,9.059827142597586,Low
PRV57302,0.29401988,0.0,20.84324714387839,5.3578217249249045,Low,2,0.09483605945944884,9.550844388672397,Low
PRV57303,8.48361,1.6202269990706144,11.232312394090208,7.454939924889326,Low,16,0.19048579003772015,13.900553043251387,Low
PRV57304,17.44827,5.501545014633438,20.754629631140403,15.288179060308206,Low,8,0.20529761605423646,19.557104126066026,Low
PRV57305,10.224052,0.8415433354962988,30.516491747461483,12.951534985339055,Low,47,0.10917216895398785,16.450083054218762,Low
PRV57306,98.67497,0.009453927896875011,17.555001585694995,53.72860014548782,Medium,222,0.12823410600645846,50.191410900399944,Medium
PRV57307,55.914993,0.0,15.617864033080462,31.861962651336523,Medium,13,0.20432687832464114,31.267548878957896,Low
PRV57308,0.35310036,0.9982580808654403,6.285406466232348,1.997466316494372,Low,1,0.0717311384108803,6.5664338741301105,Low
PRV57309,2.1318645,0.0,14.252882644580515,4.629152935009875,Low,14,0.21558393673047438,12.52634664501105,Low
PRV57310,99.09403,1.1994004784230605,19.355137297419617,54.6856505877595,Medium,66,0.20517480912602004,48.689163808181306,Medium
PRV57311,6.9370747,1.2834283898204613,17.859279543768107,8.254214314024583,Low,28,0.09121908458432892,12.181546177519412,Low
PRV57312,95.96151,2.053947535161314,18.526370636475868,53.125834395204215,Medium,37,0.12622397015585485,44.7503692200226,Medium
PRV57313,9.308767,0.0,19.38403832801925,9.500393241367606,Low,34,0.137688815835474,14.432386160715833,Low
PRV57314,0.65500385,0.0,7.099449921458101,2.1023644032103657,Low,8,0.09419746871996493,7.416367919268565,Low
PRV57315,0.1319171,0.0,4.677974357748161,1.2354521414995516,Low,1,0.038052386145253525,5.150688511912766,Low
PRV57316,44.2197,0.012901268165975512,17.27981422812317,26.433028803881857,Low,41,0.210213577923127,28.373196200448362,Low
PRV57317,97.438126,6.056060650831682,16.032382020138776,54.2411734729184,Medium,104,0.22654500843478853,49.95803290311918,Medium
PRV57318,0.1352832,0.0,8.96446477508361,2.308757794737356,Low,15,0.1087904949580476,8.131079301915609,Low
PRV57319,27.580017,0.0,9.570448597476593,16.182620694291025,Low,32,0.16581671516281538,19.79316508509384,Low
PRV57320,8.426968,0.0,12.515342802034018,7.34231951093331,Low,12,0.15955437781769288,12.903977167660514,Low
PRV57321,10.863419,7.04667430334809,14.584798849001901,10.839577577638279,Low,19,0.22190159402228693,17.173385724149178,Low
PRV57322,3.5115316,5.349870535069079,11.550683416549477,5.980904283612341,Low,10,0.16652005820544202,12.079786158786128,Low
PRV57324,61.16007,4.3591034001335425,10.840866708009,34.38002678301708,Medium,27,0.19767816307455421,33.23184580797582,Low
PRV57325,0.20663196,0.0,8.62207761020258,2.2588353817929696,Low,3,0.09316453889312348,7.364608123059038,Low
PRV57326,0.56912255,0.0,28.677288606536372,7.453883428069945,Low,5,0.1183489166945575,11.714627932945712,Low
PRV57327,0.042693246,0.0,7.508851616558086,1.8985595272175102,Low,0,-0.054765318099392224,3.156326120513487,Low
PRV57328,0.036010243,0.0,4.28993366110151,1.0904885367746775,Low,1,0.015282408108678869,4.452672928387903,Low
PRV57329,0.19097725,0.0,6.909003856334209,1.8227395868681668,Low,3,0.10629980812409812,7.403466450514155,Low
PRV57330,4.06709,0.47786647995265796,16.77770426343159,6.347437703088493,Low,15,0.14222196110766372,11.83401213272554,Low
PRV57331,29.529703,3.340383451499306,9.908888718456636,18.07716961261838,Low,27,0.2112375818495419,22.175083287783067,Low
PRV57332,0.27152488,0.0,9.339043237539466,2.470523247562929,Low,12,0.07515028408063362,7.282452496010842,Low
PRV57333,5.684004,0.0,14.622632331402755,6.497659997828716,Low,101,0.12964919121283192,13.918503870448749,Low
PRV57334,62.234074,1.4653157333598719,20.074769765103024,36.50205819407373,Medium,39,0.19387321212324626,34.939731140003815,Low
PRV57335,77.29714,2.568026517719151,21.421023201202043,44.645833444134595,Medium,89,0.22477365154562556,42.79220328645226,Medium
PRV57336,0.35077497,0.0,9.32673093851421,2.507070221444005,Low,10,0.09292166181317896,7.719928939623282,Low
PRV57339,23.699913,2.082944711001365,20.873989448381312,17.589190052296843,Low,41,0.10721620413094679,19.484124277352763,Low
PRV57340,48.936165,0.3453826731631091,17.033071217069367,28.812695900536635,Low,17,0.19924328902080302,29.107261889584557,Low
PRV57341,97.64632,0.05248152123122519,17.348873457403226,53.173497008818764,Medium,89,0.21392235987844377,48.47727936364524,Medium
PRV57343,1.1196339,0.0,9.362120144038249,2.900346992529643,Low,11,0.09904625901811981,8.18252405847779,Low
PRV57344,98.67798,5.1339209310074665,23.175903497409056,56.41644536491663,Medium,79,0.21340436057449186,50.46531599157488,Medium
PRV57345,95.5359,0.43882074918367264,18.06149462080499,52.393026993131926,Medium,48,0.19958912295225062,46.45476877695127,Medium
PRV57346,0.88488513,0.0,10.623490195376545,3.0983151150005237,Low,56,0.14014862349446988,10.60597896349747,Low
PRV57347,3.0545025,0.9606540362411397,8.833847047764419,3.975876514592698,Low,25,0.177874812731862,11.376429713626672,Low
PRV57348,2.3719604,0.0,16.648156357334663,5.348019290101183,Low,80,0.13375624823203958,12.657596042073537,Low
PRV57350,6.8621984,4.201499776713051,12.635832599672304,7.640432270503199,Low,9,0.19228724071170133,13.889673669241844,Low
PRV57351,2.991828,0.0,7.115267833552714,3.274730940779536,Low,2,0.14865861534477398,9.502755302726726,Low
PRV57352,0.46936387,0.0,8.743923534863157,2.42066281783406,Low,5,0.1494058542500436,9.005021126638988,Low
PRV57354,0.058835976,0.0,7.233614249619757,1.8378215503178326,Low,4,0.11963460334077602,7.790222143642421,Low
PRV57355,1.5824264,0.8946174143012545,12.077895982574633,4.034341563616403,Low,4,0.05797848040644049,7.71248336763178,Low
PRV57356,0.3244765,2.678284922696332,22.54476185112555,6.467999948598636,Low,15,0.08790347844221769,10.495338664877979,Low
PRV57357,31.47069,0.6207994827370954,29.942517180566234,23.37617405260562,Low,15,0.1389721999016592,23.668988452871485,Low
PRV57358,0.67063403,1.972163291279974,22.48773424322477,6.450291399274074,Low,6,0.11779715633681387,11.02450381324983,Low
PRV57359,0.6986413,0.0,16.790318291504764,4.546900222976899,Low,10,0.047993126881364145,7.970746185114685,Low
PRV57361,0.22777726,1.7054884946964393,16.205357504147617,4.591600128491856,Low,5,0.08590025082233677,8.86092069863146,Low
PRV57363,0.10564694,0.0,3.7570812932464692,0.9920937923543953,Low,0,-0.06300829996544749,2.30584569746511,Low
PRV57364,1.7505851,0.16538969037876003,16.051044884159033,4.929401183231006,Low,3,0.17835573817503136,11.465892517870596,Low
PRV57365,1.3737779,1.3848801340354495,17.10201738123841,5.308613312000228,Low,35,0.12137669256391626,11.097631403430736,Low
PRV57366,0.16921584,3.560559944847156,18.655736907315024,5.638682134581282,Low,1,0.0861738160903972,9.493662573746885,Low
PRV57367,0.23716052,4.765147493989538,10.66465524218023,3.9760309434251666,Low,2,0.07737749706598485,8.126201321819764,Low
PRV57368,0.15161955,0.0,7.268850954411186,1.893022515385786,Low,0,-0.010009654338016705,4.3249849888595975,Low
PRV57369,4.6359777,0.0,14.5200146357432,5.947992531463877,Low,11,0.18565412850734453,12.584879015369724,Low
PRV57371,0.030728953,0.0,5.014162586492939,1.2689051231028248,Low,0,-0.12451469178052871,0.8882335861719772,Low
PRV57372,23.877474,0.2006617690217407,18.859262217157735,16.70371791213325,Low,15,0.16307803967100776,19.629807893416242,Low
PRV57373,0.08012979,0.11113761416566882,3.764162586492939,1.0088899438275813,Low,0,-0.03258192145268812,3.1147308736868293,Low
PRV57374,0.032516573,0.27354002683181516,9.180829253159606,2.379850606310078,Low,0,-0.023916247062203133,4.301431689410497,Low
PRV57375,14.4575815,4.198731717494721,18.266634862724644,12.845132405095125,Low,11,0.16934618089770048,16.985631879006792,Low
PRV57376,0.044081945,0.0,9.94290510617444,2.5077672490297482,Low,2,0.11213877508804426,8.009112811623437,Low
PRV57378,0.33584705,0.0,12.442286268575517,3.278495092119656,Low,3,0.05741842958060683,7.141872664397283,Low
PRV57379,4.0152493,6.191738609886105,10.851981943183944,6.26855476442718,Low,6,0.18962449663653969,12.779062392186201,Low
PRV57380,1.0233127,0.0,12.225340588112452,3.567991490965033,Low,8,0.1043474011652783,8.708220684053913,Low
PRV57381,0.47488695,10.321446419821369,23.863733896423454,8.783738555976566,Low,6,0.0611759489648287,11.174521668926864,Low
PRV57382,19.773869,3.883410742702978,15.07912338569421,14.627567812494805,Low,7,0.21476919879847423,19.315972620380926,Low
PRV57385,0.5675099,1.427571210028357,18.86759248201878,5.357545867813115,Low,6,0.06603465880697035,8.90347807909971,Low
PRV57386,0.04949077,0.0,5.014162586492939,1.2782860308544446,Low,0,-0.11020894614047994,1.2695904237497366,Low
PRV57388,0.25171334,0.595551000596441,15.81061859994001,4.227399067891147,Low,2,0.03867534054948418,7.288217517919016,Low
PRV57389,0.079497814,4.61622898136176,12.973317012638422,4.437135405589279,Low,1,0.03450815911688221,7.299013086255528,Low
PRV57390,0.3124476,0.0,13.063929495018398,3.4222061775132206,Low,4,0.04502905088697984,6.944731949753567,Low
PRV57391,0.04878699,0.39561982636575577,19.82975080236909,5.080736152355974,Low,3,0.006360434778704627,7.065794514555172,Low
PRV57392,0.04834201,0.0,5.014162586492939,1.2777116506950665,Low,0,-0.1043609421157814,1.4223977509650347,Low
PRV57393,0.15757409,1.3445723100276155,13.046028406102053,3.6764372227230986,Low,1,0.017998672625238465,6.333999278095351,Low
PRV57394,0.8888852,0.0,8.133815788586302,2.477896547158401,Low,2,0.08494518095483206,7.275769805916052,Low
PRV57396,0.020908395,0.0,7.503540646623234,1.886339359070028,Low,0,-0.09397872394377321,2.1204365060623025,Low
PRV57397,0.74348587,0.0,26.138700857270024,6.906418148306077,Low,7,0.16533536825179296,12.616071758405624,Low
PRV57398,0.30859888,1.7519494299823315,18.080340081918198,5.112371815974858,Low,3,0.19307890039898568,11.97969788414192,Low
PRV57399,5.3698087,13.370365125121078,30.833333333333336,13.735828951542924,Low,1,0.18209213953329206,17.674589085335356,Low
PRV57400,7.3515944,1.266593711545641,34.841235719391946,12.702754581779196,Low,8,0.16950118420549043,16.809491356282525,Low
PRV57401,0.6265703,0.0,29.642036411335464,7.72379424501717,Low,8,0.1347122886158878,12.41279950365352,Low
PRV57402,0.017694445,0.0,2.514162586492939,0.6373878692866969,Low,0,-0.11399553354232772,0.7217585028285727,Low
PRV57403,28.311535,0.9575682226216747,30.70137481315809,22.07050319974084,Low,15,0.1492954910999621,23.025474412146316,Low
PRV57404,4.036493,4.318077095220666,12.303309025018741,6.1735929423370735,Low,10,0.1475478702549885,11.717623861904638,Low
PRV57405,0.079690464,0.0,10.816352502565776,2.7439333575619247,Low,1,0.005990387172324141,5.366646561715328,Low
PRV57406,27.733767,2.2243920796096726,23.31509997220195,20.25175629084597,Low,49,0.21125556493278408,24.28836912060853,Low
PRV57407,5.405655,1.1997400410605916,19.123337638609243,7.78359687353074,Low,21,0.121124557934017,12.447675401398369,Low
PRV57408,0.05895773,0.0,9.545267272635192,2.4157956829031035,Low,4,0.06825142783344973,6.848637872161383,Low
PRV57409,91.13535,0.0,14.922835044618726,49.298385305344134,Medium,28,0.17802824310136467,43.1867424375055,Medium
PRV57410,5.650601,0.7385462310977903,18.565763160249794,7.651377802930281,Low,23,0.11447291044948793,12.234549617438248,Low
PRV57411,0.18007246,0.0,8.678810482824007,2.2597388490051427,Low,3,0.12127905425812979,8.101800891817211,Low
PRV57412,13.186777,3.7052483327925843,20.007881501935454,12.521671016116091,Low,41,0.18358880936791155,17.93771465625236,Low
PRV57413,0.34426472,1.0795422518407416,19.299796339395616,5.2669670057640685,Low,8,0.08400390098756005,9.364532755198741,Low
PRV57414,50.48821,2.5290049446715095,20.408653873945422,30.97851909003021,Medium,19,0.19397666697118898,30.53905138546499,Low
PRV57415,1.5805598,1.175918551543855,18.816874373125852,5.788478156036964,Low,15,0.08974601394206771,10.067945221274233,Low
PRV57416,0.16153468,0.1483135370344614,10.970084185497125,2.860366771591015,Low,0,-0.045248748844005426,4.078911779593183,Low
PRV57417,0.08995412,0.0,5.580340081918199,1.4400620819300312,Low,1,0.04527040820047501,5.4830173886515485,Low
PRV57419,0.21494076,0.0,4.58785683172229,1.2544345862102584,Low,1,0.08512630438408153,6.397245972073159,Low
PRV57421,0.1198287,0.0,8.745591429655738,2.246312207923578,Low,2,0.11484182078774663,7.896910238179713,Low
PRV57422,0.43505266,0.2364152932017144,15.393378485007892,4.124974776096324,Low,9,0.09953220699313081,8.998803378044855,Low
PRV57423,1.4073284,0.0,8.851901907355474,2.9166396604555067,Low,5,0.1009113754065959,8.081718498898388,Low
PRV57424,0.853936,0.06488886692013537,13.665157588058277,3.8594796220244034,Low,6,0.11066380539504161,9.024051913561832,Low
PRV57425,96.29078,0.30474466425630437,15.7879887470498,52.168572909711294,Medium,39,0.23961190607172067,47.10458021124042,Medium
PRV57426,1.5647278,1.525485400739791,12.663463990857467,4.329601239500877,Low,5,0.0858605670621313,8.67648181822531,Low
PRV57427,3.764887,0.07745967527466677,18.936140223094455,6.635843521841121,Low,14,0.17016754191505756,12.741185064685553,Low
PRV57429,1.3743018,0.7308079118493922,15.960955105948871,4.860091650045116,Low,19,0.10470174233950791,9.917276043951158,Low
PRV57431,0.27501187,0.0,10.762105772514076,2.8280323767709064,Low,2,0.042944977994843536,6.420519266510478,Low
PRV57432,0.11268949,0.0,9.930589755762002,2.538992182758545,Low,5,0.08873309245938377,7.498311561020386,Low
PRV57433,5.2417,5.39406285446441,12.745198158062578,7.155665339343905,Low,19,0.1712878828277944,13.268639864362672,Low
PRV57434,9.6771,1.163419247314492,17.518739515589168,9.50908978151571,Low,28,0.10738410765590267,13.483459632917818,Low
PRV57435,0.09141472,0.0,9.293852666709057,2.3691705265872756,Low,2,0.03389958505605828,5.862339533147386,Low
PRV57436,0.9252264,0.0,9.712677931543002,2.8907826780666435,Low,4,0.10894214387307799,8.247167692849354,Low
PRV57437,2.7575173,7.322805849356627,9.9232695042795,5.690277507308568,Low,7,0.1692316739241615,11.866850980269565,Low
PRV57438,1.8232888,0.805390169833552,18.53725005487236,5.747304455342585,Low,4,0.10786859364993617,10.21860744699777,Low
PRV57440,0.13040338,0.774445986021232,14.59749591982627,3.9081871687450294,Low,0,-0.04414577863689184,4.841282309309401,Low
PRV57441,0.6362289,0.659707970037184,17.77120441770626,4.92584255645048,Low,10,0.0628033540618117,8.624012720006276,Low
PRV57443,1.016212,4.889837714260484,18.70617875023451,6.4071101093946226,Low,4,0.1440542806651509,11.628484971737063,Low
PRV57444,0.3279893,1.5105572364307878,7.912055395945454,2.5196478131071447,Low,2,0.08162125654897256,7.21791359714055,Low
PRV57445,1.2486018,1.4620283841457438,9.072583255776312,3.257953807101943,Low,4,0.14480927479438155,9.443855333199416,Low
PRV57446,0.04437469,2.922831434298001,10.808497624153857,3.4550196093428647,Low,1,0.022141476874019683,6.28754253163013,Low
PRV57447,0.08155572,0.6341841476436666,4.747006748584865,1.3860755824038336,Low,1,0.11034436507944656,7.150072015679134,Low
PRV57448,2.9535093,0.44490098386652926,15.553576308911122,5.4763739885691685,Low,14,0.09800066189049661,10.038886709883563,Low
PRV57449,0.5211157,0.4264792747413251,17.32611127089088,4.6987054965440835,Low,9,0.10851710165183082,9.635806351644451,Low
PRV57450,0.023703065,0.32016028949894393,7.312382514907502,1.9199872334863648,Low,1,0.07608696927173764,6.626315093374293,Low
PRV57452,0.011841342,0.0,5.014162586492939,1.2594613175498057,Low,0,-0.0875599871559784,1.8497836575012911,Low
PRV57453,0.13639274,0.0,10.457304760612617,2.6825225613508548,Low,2,0.04009371434601361,6.243963340789802,Low
PRV57454,0.18276472,0.3536031890496155,16.20053443415467,4.229916767749561,Low,4,0.07113246566964027,8.194001727869546,Low
PRV57455,0.059892308,0.0,7.973317012638422,2.023275407143079,Low,2,0.009879370399478837,4.990917466911458,Low
PRV57456,0.052656014,0.0,7.040065788586304,1.786344453905862,Low,0,-0.00652874877362547,4.34150512399003,Low
PRV57459,0.10187595,0.9404159399290476,12.600338757624396,3.4361266510765076,Low,1,0.12987197514805304,9.096703391779513,Low
PRV57460,0.96343076,0.0,12.896654787435955,3.705879078004466,Low,3,0.033644128707476906,6.81818856348597,Low
PRV57461,0.014907567,0.0,0.014162586492938941,0.010994430038492667,Low,0,-0.08708684238741254,0.9882525566706492,Low
PRV57462,0.049210824,0.0,8.313731639218226,2.103038321840737,Low,1,0.00022057339765635398,4.766859116797929,Low
PRV57463,0.30936894,0.0,7.471414697874455,2.022538143572427,Low,2,0.08448749473973804,6.945028195107382,Low
PRV57464,0.011367957,0.0,13.76416258649294,3.4467246251770964,Low,0,-0.031735944976701236,4.843378531865043,Low
PRV57465,0.17459515,0.0,9.742151623121472,2.522835479466014,Low,1,0.005064483803995268,5.187620694840182,Low
PRV57467,0.015236261,0.0,10.014162586492938,2.511158777273606,Low,0,-0.0719874353309663,3.133950602917709,Low
PRV57468,1.1411963,1.4005784350080035,15.494560892377832,4.794382957304222,Low,1,0.046674690420916765,7.8678321995981815,Low
PRV57469,0.41414186,0.7315258079364151,17.06383353592626,4.655910767757928,Low,6,0.08699402512609067,8.96143911581268,Low
PRV57470,0.032078296,0.0,8.996044285365693,2.265050219314484,Low,0,-0.007885165430758623,4.641062971315844,Low
PRV57471,0.08161394,0.0,2.5354064662323474,0.67465858804847,Low,0,-0.10444623134055903,0.9980261506499539,Low
PRV57472,0.05016771,0.2656702884069934,5.660406466232348,1.5066030434543376,Low,1,0.027617432360559246,5.067113185950248,Low
PRV57473,0.028875807,0.0,2.514162586492939,0.6429785502733397,Low,0,-0.08649592760390412,1.446122568260201,Low
PRV57474,0.080904014,0.0,5.702894225711164,1.4661755636320852,Low,1,0.029038660275452655,5.076048101368069,Low
PRV57475,0.17184877,0.3194646712302513,17.682614897281663,4.586444279106128,Low,3,0.1334659108583367,10.049773013900243,Low
PRV57476,1.0260459,2.444292888280474,21.372538739806878,6.467230866254168,Low,14,0.11978939310821912,11.303320312531774,Low
PRV57477,0.2982198,0.9856811251894989,19.255231117656468,5.2093379607092025,Low,8,0.12557446501953362,10.413282114552347,Low
PRV57479,0.054027826,0.0,9.7148594032872,2.455728763618774,Low,2,0.09562267749677011,7.5399875902683435,Low
PRV57481,99.15054,1.7778012206852254,32.866726145178916,58.23640344791135,Medium,62,0.1979240751766943,50.87734933638444,Medium
PRV57484,0.16482507,1.4005784350080035,16.295224735519316,4.506363326093878,Low,0,-0.00831347173412722,6.1987611296907,Low
PRV57485,0.024445856,0.0,5.4553575041476146,1.3760623040319298,Low,1,0.01504177018618058,4.646270193931693,Low
PRV57486,0.3782873,1.6012761771425899,16.4469808134223,4.701207890424388,Low,2,0.11435578907898114,9.602603875986755,Low
PRV57487,1.080549,0.1662268742548114,29.597291188558945,7.981154016550302,Low,15,0.1558257388533404,13.33401319321712,Low
PRV57488,0.19594476,0.0,6.046028406102051,1.6094794796602403,Low,0,-0.03882290354167883,3.3716386887217573,Low
PRV57489,11.55127,0.21506962705806465,25.093530593963802,12.102784820880466,Low,17,0.19701113944820725,17.35184498771182,Low
PRV57490,26.81851,0.16045536683376088,29.911050454877802,20.927131483198885,Low,21,0.17817546855946187,23.14280239665832,Low
PRV57491,0.68872434,0.5914349576443662,14.540194110497765,4.127269436539699,Low,16,0.08491203885291443,8.80530147869408,Low
PRV57492,36.094025,0.31900241094516557,17.079625481476608,22.396669302207005,Low,39,0.18831076248046352,24.920230641300797,Low
PRV57495,94.76436,0.0,15.388828583339626,51.229386406088814,Medium,37,0.22793520358425334,46.087545375165575,Medium
PRV57496,0.34053284,0.0,8.191759528036833,2.2182063016583324,Low,2,0.0699961473713776,6.702343202141035,Low
PRV57499,1.1460571,0.0,5.572373627015921,1.9661219712071052,Low,4,0.08040015668698663,6.852145702217035,Low
PRV57500,0.20235156,0.0,5.849729685822782,1.563608199069812,Low,6,0.13368972688198966,8.020188332323016,Low
PRV57501,0.14701287,0.0,7.106177773938986,1.8500508807267777,Low,7,0.07008660915984921,6.581232565687579,Low
PRV57502,99.240326,0.038507303608855355,17.732698711967743,54.06296446776134,Medium,122,0.21521753778876884,50.019744445509666,Medium
PRV57504,0.065540366,0.0,5.11938121058321,1.3126154855831862,Low,3,0.07681748500648278,6.273984618934176,Low
PRV57507,0.22020295,0.0,10.46367907570506,2.726021245237949,Low,11,0.11564433257462647,8.495341970712733,Low
PRV57509,0.49276072,0.0,8.945319842255225,2.4827103194982088,Low,7,0.050950897269333106,6.522765720035564,Low
PRV57510,22.914604,5.329302862942056,13.696901566469139,16.213853200858658,Low,61,0.2054144128369172,21.630954726093584,Low
PRV57512,0.5335064,0.0,9.894971970662183,2.7404961893818545,Low,9,0.10922904430539837,8.283711722227398,Low
PRV57514,0.15040232,0.0,11.203854245088198,2.876164722477818,Low,6,0.07675420593528748,7.447348175789134,Low
PRV57515,48.38782,4.882597339339395,12.394410822687837,28.51316263926169,Low,26,0.16333619669078914,28.19848456281312,Low
PRV57516,0.072091535,0.0,5.264162586492939,1.352086413990121,Low,1,0.03598137629771547,5.178074988301664,Low
PRV57517,0.5586329,0.0,7.854749193847037,2.243003753587568,Low,6,0.09367359181277635,7.447399359014273,Low
PRV57518,1.5656123,2.064461538110772,14.585981259122475,4.9454168573741075,Low,8,0.2104174461288454,12.451302854844153,Low
PRV57519,11.506358,0.709319393159883,9.969498681188005,8.422883591920712,Low,20,0.19938482642836708,14.918638265207628,Low
PRV57520,0.081522696,0.0,6.541802794633113,1.676212046518376,Low,3,0.03446958674823175,5.419047468840268,Low
PRV57521,11.045932,1.3713144905351666,9.869708388926826,8.333221627916036,Low,19,0.18724659602782012,14.511024869123865,Low
PRV57522,0.08688643,0.0,5.52222060984237,1.4239983666088756,Low,1,0.006841117334928315,4.464979989114419,Low
PRV57523,10.189408,1.7303384945660079,11.841152499750523,8.487576899732698,Low,23,0.20257220778981033,15.127965354680462,Low
PRV57525,93.83189,6.187432335924505,16.61963170023594,52.61770915479207,Medium,28,0.21284357243754537,46.4223812756031,Medium
PRV57526,2.3569548,0.0,13.031290596615774,4.436300055655714,Low,17,0.22724332817408088,12.777346025842213,Low
PRV57527,99.05354,0.28440703759801966,16.7256852362975,53.77929461388403,Medium,60,0.20835704625541085,47.97701089064993,Medium
PRV57528,89.672066,0.0,9.974410158506771,47.32963540705833,Medium,55,0.21399849422094208,43.475819176119714,Medium
PRV57529,0.98781717,0.0,12.34961951949435,3.581313463991477,Low,25,0.13449632705246262,9.963780909859144,Low
PRV57530,11.906317,1.5313209161893568,12.05890774537923,9.350715543993221,Low,83,0.2078164413611836,17.480292126321423,Low
PRV57531,1.4862679,0.0,16.18262395805904,4.788789951669148,Low,6,0.13443402809206617,10.29731519292643,Low
PRV57532,1.8023344,1.5321593372010562,20.631454977164747,6.442070792508229,Low,46,0.10759722267299965,11.825351127657383,Low
PRV57533,58.364,9.468286941895936,16.159449235967564,35.58893325100885,Medium,26,0.19919538316760343,34.09098370790778,Low
PRV57534,0.60046345,0.0,12.637568717577748,3.4596239043719303,Low,16,0.13676863779671156,9.69651879159767,Low
PRV57536,0.12373751,0.0,9.711872608203615,2.4898369053351197,Low,6,0.10633040065953114,7.951772967138032,Low
PRV57539,0.9588079,0.0,7.878043921491449,2.4489149231962726,Low,4,0.11150863595142446,8.005098708983049,Low
PRV57540,0.07389101,0.0,9.643749831397779,2.4478829610545056,Low,1,0.014659581689562606,5.386531858463627,Low
PRV57541,0.6235105,0.0,9.346965545870772,2.6484966264312244,Low,2,0.10017144819440049,7.7940964210732915,Low
PRV57542,0.07031367,0.0,8.685394802026781,2.2065055353772722,Low,4,0.06161230514265548,6.5281991909793256,Low
PRV57543,96.10984,2.9494452484100666,11.202370850379339,51.59287422123055,Medium,62,0.2440342429882021,47.4348997352115,Medium
PRV57544,0.22464071,0.0,9.129322171722869,2.3946508990017126,Low,4,0.04955135860790427,6.343921289255473,Low
PRV57545,0.25152868,0.08382672426973453,10.288059482370205,2.718735891822262,Low,5,0.22516130029361603,11.198357288995496,Low
PRV57546,0.15421118,0.0,7.239040293682586,1.8868656626316336,Low,2,0.03287425773547625,5.497864009938645,Low
PRV57547,94.580505,8.243236913177252,13.869776863533193,52.81850612972448,Medium,24,0.23758135147372894,47.1036512571734,Medium
PRV57548,98.49769,0.5376722259188692,20.328366075790033,54.46535372215574,Medium,110,0.20709376576629568,49.76643799239656,Medium
PRV57549,4.0567336,0.0,17.7514852054568,6.4662381054871245,Low,47,0.16011098914570443,13.244899924933133,Low
PRV57550,0.7127116,0.0,13.42250382351781,3.7119817422029997,Low,2,0.16076687076247687,10.126049945474483,Low
PRV57551,0.33088523,0.0,11.354916026897879,3.0041716224719215,Low,20,0.08639283492546934,8.165310311538525,Low
PRV57552,0.04015798,0.0,7.096793921491449,1.794277470981316,Low,0,-0.006774238236616659,4.340626760941435,Low
PRV57553,0.20877449,0.0,7.816780194050671,2.0585822945849603,Low,3,0.0643118736273256,6.468532142079939,Low
PRV57555,35.37522,2.4310778687896812,21.59602956223156,23.694387483976016,Low,27,0.20296409241506874,25.890382134158912,Low
PRV57557,0.7948192,2.1809160274146544,19.956222552048406,5.931694232964291,Low,7,0.10350243940995563,10.313830168875066,Low
PRV57558,11.834235,5.764913492006061,12.887972935143399,10.580339202459971,Low,12,0.19323607710962154,16.05300359935047,Low
PRV57560,0.07331605,0.0,16.673747959913136,4.205095016256303,Low,1,0.10713784205561871,9.039379273775818,Low
PRV57561,0.7702678,1.2872807674255753,8.622942358669684,2.86268967382156,Low,2,0.14793335337091196,9.195325582999471,Low
PRV57563,0.017955469,0.0,7.101744695774154,1.784413908427317,Low,1,0.005529253485510477,4.6829019001636585,Low
PRV57564,0.02835966,0.0,7.157019729350081,1.803434762776909,Low,0,-0.07169293967511342,2.6462591603689587,Low
PRV57565,0.065873735,5.31386616734793,5.847495919826272,2.8232773891200487,Low,1,0.0006082959532400789,5.281184243756327,Low
PRV57567,14.59833,3.1074007053688044,18.196748930244457,12.625202180937006,Low,7,0.20151509066104512,17.56707788395177,Low
PRV57568,8.671913,0.0,14.374134615181857,7.929490227281793,Low,19,0.15080723517783945,13.273753427868055,Low
PRV57569,7.723126,0.3556645177914021,11.535587179798904,6.8343758916979915,Low,12,0.18767750075841894,13.285202482154833,Low
PRV57570,0.02017661,0.0,8.146243879739409,2.046649274923892,Low,0,-0.029944982284770216,3.910246463613282,Low
PRV57571,0.049532507,0.11113761416566882,2.514162586492939,0.6810913034721137,Low,0,-0.10006776547450374,1.1172386337599822,Low
PRV57572,2.2365944,0.0,12.04509784054357,4.1295716794123205,Low,21,0.11697047627116486,9.78102673039514,Low
PRV57573,0.508957,2.299498704753377,13.082766293412007,4.100044763735834,Low,3,0.10825591586320438,9.048827316752396,Low
PRV57574,0.0576811,0.0,10.748807081153714,2.7160423195786088,Low,7,0.10452049957281484,8.089545558741792,Low
PRV57575,0.24975616,1.6141023085338335,19.535343305246794,5.412239482144269,Low,2,0.06466248518870887,8.79843206035048,Low
PRV57576,0.096528634,0.0,7.919098042059641,2.0280388277293993,Low,0,-0.005860099116767936,4.528208856284156,Low
PRV57577,0.8200039,0.99591699721119,18.00005547705929,5.158995081944619,Low,12,0.1071289700392325,10.002178898961471,Low
PRV57578,0.030937161,0.0,6.257081293246469,1.5797389039599203,Low,0,-0.002625320846254997,4.299145502547832,Low
PRV57580,1.0583802,0.0,14.650827166918603,4.191896914810858,Low,8,0.08762018834149543,8.706725280157642,Low
PRV57581,0.13452402,0.0,5.858117859695977,1.5317914737101956,Low,1,0.010745282874107476,4.64271875198628,Low
PRV57583,0.039468545,0.1483135370344614,11.344930275756155,2.893045225930985,Low,1,0.11608462722568491,8.355337475399367,Low
PRV57584,7.307055,2.084895520946564,17.777513351513573,8.619129716360273,Low,3,0.15253144368458693,13.372142681036124,Low
PRV57585,0.34888774,0.8516056184265038,17.079907020726715,4.657322030571157,Low,20,0.1171858989931861,10.129250107746106,Low
PRV57586,6.6990004,3.067952165320038,19.439505515143917,8.976364599406761,Low,26,0.135529907487001,13.794240680528535,Low
PRV57588,0.084006004,0.0,6.2641625864929384,1.608043648640971,Low,0,-0.0005383177609014078,4.373635338277685,Low
PRV57590,0.7303624,0.0,13.993903609933259,3.863657110140175,Low,12,0.13068101767899776,9.712472490916788,Low
PRV57592,0.5206653,0.0,9.7451160205232,2.6966116491165484,Low,6,0.05741602888388608,6.815028272204957,Low
PRV57593,5.2839227,13.096384130137631,16.188118167997175,9.963086910669565,Low,8,0.20226794025622852,15.750166421671803,Low
PRV57594,0.1321137,0.46546695907747904,7.530095496297495,2.0649474614160703,Low,2,0.10103318246211135,7.408188218541907,Low
PRV57595,0.3411704,3.157513452613398,18.262418035234976,5.5255680721526375,Low,3,0.09034909134469804,9.577560282307182,Low
PRV57596,2.7788858,1.268191192988172,17.264798508674456,6.022690346100472,Low,14,0.0950642456286388,10.344378227800041,Low
PRV57597,19.507385,1.2376557691627166,18.923093870131826,14.79388003677676,Low,22,0.09204134963844846,16.61978053362568,Low
PRV57598,0.031292327,0.0,6.979978523009366,1.760640794126527,Low,2,0.01495146484990073,4.939954903127683,Low
PRV57599,0.09968037,0.0,5.546028406102052,1.436347287316767,Low,0,-0.02914068036238504,3.504106639452035,Low
PRV57600,9.658325,3.776065290849367,10.854473723218938,8.486797351173326,Low,12,0.13562657856253124,13.078237325365109,Low
PRV57601,0.12174393,0.0,12.296796722958252,3.1350711469227486,Low,5,0.09467731875829499,8.071297116080052,Low
PRV57602,0.90279764,0.0,12.835055205691157,3.6601626211077716,Low,7,0.09139064053124524,8.40644612518231,Low
PRV57603,13.37632,1.5012458370188857,17.529677745047557,11.445890838143564,Low,9,0.14533298630394942,15.323359940015989,Low
PRV57605,1.895981,0.0,13.403050327400829,4.29875305893532,Low,12,0.13647177045413084,10.168749147036287,Low
PRV57609,0.043342922,8.856927127237872,8.764162586492938,4.426943889374137,Low,0,-0.026691079011594787,5.661700334517003,Low
PRV57610,0.10112262,2.101495301401064,19.386908585562253,5.4226622806016085,Low,2,0.08546692079811147,9.350774661639962,Low
PRV57611,0.28431356,0.43626377829548746,17.63658510742724,4.660369001196765,Low,11,0.10803319715368387,9.649984470020263,Low
PRV57612,0.719375,0.16634419464785405,12.51841136244082,3.530876396424726,Low,3,0.13009217523930994,9.222488418098335,Low
PRV57613,0.037772182,0.0,6.285406466232348,1.5902377077456833,Low,0,-0.09236119236938894,1.9555423782891082,Low
PRV57614,0.07642145,5.246905898198117,23.785406466232345,7.296288814656743,Low,1,0.017573973112872232,8.856768868875896,Low
PRV57615,0.040286355,0.0,5.014162586492939,1.273683823983531,Low,0,-0.10669216265990356,1.3585036075150856,Low
PRV57616,0.06599356,0.0,4.784483007786532,1.2291175331170012,Low,1,0.010489237588279576,4.424138971014934,Low
PRV57617,0.0104209455,0.0,11.680829253159605,2.925417786026409,Low,0,-0.01726555087745929,4.857567502217279,Low
PRV57618,2.1141183,1.738825813943399,24.42424308574396,7.597826393737453,Low,18,0.10111620408444577,11.712908721010688,Low
PRV57619,0.26940078,0.0,10.215979444017318,2.688695248720623,Low,1,0.04643170661432572,6.387484973224492,Low
PRV57623,0.16124316,0.0,5.077894225711164,1.3500951342271112,Low,0,-0.05480346646922041,2.7714016123532845,Low
PRV57624,3.3144753,0.7611645710161791,16.01941261289358,5.852381944941367,Low,2,0.033819768403033024,8.298496443134205,Low
PRV57625,0.48609638,2.4032147731760167,19.366502229140316,5.68547744164964,Low,6,0.09107349820732069,9.789012183864383,Low
PRV57626,0.043608386,0.0,7.535406466232347,1.9056558095928549,Low,0,-0.031131768282917083,3.7804589315805055,Low
PRV57627,0.99799466,0.0,6.034175910885536,2.0075413083869726,Low,3,0.06612537283304265,6.480314553295519,Low
PRV57629,48.04998,0.9423445491964283,25.793582549895017,30.708971856559973,Medium,10,0.20962012532614305,30.518593957691305,Low
PRV57630,1.867603,0.0,23.600369744668797,6.833893908354241,Low,8,0.14241732771589777,11.991730340773726,Low
PRV57631,96.29632,0.9283587366935279,29.276155405669286,55.699287562690316,Medium,18,0.1693004539339038,47.17026197095368,Medium
PRV57632,0.097713806,0.0,34.1702073132899,8.59140873119003,Low,1,0.09202944615509101,11.713980376108399,Low
PRV57633,2.9985628,1.241987880508261,35.035406466232345,10.56862999308774,Low,4,0.1508165820609545,14.718711575226155,Low
PRV57634,1.3489162,0.0,23.591235719391953,6.572267016338619,Low,8,0.13786150799274832,11.689235515077161,Low
PRV57635,21.22006,2.1508411274979906,25.204256906321614,17.44880468271027,Low,18,0.19328060614669273,21.023169858508496,Low
PRV57636,0.5980075,0.0,21.194991839652545,5.597751709998967,Low,5,0.07141064278202669,9.185619669982668,Low
PRV57638,1.0902934,0.3862688982611989,29.107576271897678,7.918607996259812,Low,9,0.12902406204700678,12.426991316021502,Low
PRV57639,0.091232024,0.0,13.411620019674602,3.3985210169852533,Low,1,0.05980409249149543,7.234700514014357,Low
PRV57640,5.726473,0.008246715512627682,13.577654649985002,6.2597117686815364,Low,5,0.13745054431018144,11.379143264609702,Low
PRV57641,7.238301,4.327496243921396,17.426310350738092,9.057602048826615,Low,6,0.1317221058046858,13.214435151625729,Low
PRV57642,96.54278,6.365064925067215,19.258615862968835,54.67730920457737,Medium,28,0.22491591761862062,48.18037959504589,Medium
PRV57643,13.841971,7.731614899018531,25.90484012455891,15.330099454594311,Low,10,0.20122029567456257,19.533319678627585,Low
PRV57645,0.05526756,0.0,3.3474959198262724,0.8645077605701097,Low,0,-0.08048205630501426,1.7587478956214713,Low
PRV57646,0.08420949,2.9655101523929734,25.441124012757367,7.143763284708663,Low,4,0.06819160929203771,10.156648032663973,Low
PRV57647,0.9489679,4.873542948333439,21.52997168362365,7.075362595014342,Low,3,0.06404034059177299,9.97316457279528,Low
PRV57650,0.4008852,8.51187466259802,21.798771189552358,7.778104060307607,Low,6,0.11238589019600631,11.812205194442534,Low
PRV57651,1.379201,0.7437576784137779,12.989651064348593,4.122952712977122,Low,2,0.025967929352661123,6.8821889579311035,Low
PRV57652,0.080279626,6.7809913166394775,11.73924992244298,4.670200122746737,Low,2,0.06873344709581886,8.385657924435211,Low
PRV57653,0.39703405,0.3635181214362777,17.282334417565398,4.6099801592674785,Low,6,0.09235476707824175,9.069731509470408,Low
PRV57654,0.7248356,3.5037056425254973,19.989258633557686,6.235658856334258,Low,5,0.07773403570999726,9.79781857931109,Low
PRV57655,0.056163397,0.11113761416566882,5.014162586492939,1.3094067485078098,Low,0,-0.11381308830625497,1.1969515241480582,Low
PRV57657,0.2285285,4.347073568611113,20.663191212901893,6.366830445179887,Low,4,0.07178064359727832,9.706822642480574,Low
PRV57658,0.060012814,0.13216415454563105,9.212348433037237,2.366134553724478,Low,5,0.06123299862506282,6.656847849776526,Low
PRV57659,0.028538868,0.0,7.5141625864929384,1.8928100805388497,Low,0,-0.11339394199007374,1.6163148942958376,Low
PRV57660,0.05201396,0.6891487915072263,10.868739799565681,2.9154791276360426,Low,1,0.039783308999010836,6.372055120711878,Low
PRV57662,0.05277719,3.4224576850006656,6.672331701263842,2.5500859414468273,Low,0,-0.014864523848504452,4.657738706445903,Low
PRV57663,0.036798064,0.0,9.223317012638422,2.3242282849924196,Low,1,0.022898659088146034,5.515825702366257,Low
PRV57667,2.8385317,1.926563066305911,40.61220590152731,12.053958108237907,Low,3,0.15678823765458294,15.888044506926786,Low
PRV57668,0.6950243,0.0,10.597635223070228,2.9969209615388124,Low,2,0.0699222153518233,7.24550655022908,Low
PRV57669,0.0982153,0.0,12.556650345971757,3.188270234925194,Low,0,-0.009705762070163326,5.239619938014563,Low
PRV57670,0.023504483,0.0,12.514162586492938,3.1402928879143404,Low,0,-0.11288991881390703,2.5027575502757604,Low
PRV57671,0.030408867,0.0,5.537048651856647,1.399466596315917,Low,0,-0.04173471606692336,3.148344320953792,Low
PRV57672,72.20461,0.0,20.741897833360206,41.28778082430685,Medium,38,0.1018928580476477,35.853136804017964,Low
PRV57673,1.6081711,0.2432937992002906,21.94339360559686,6.350757403891701,Low,17,0.08222725327609881,10.318251127359199,Low
PRV57674,6.6702023,2.5078459924151515,21.92996714862091,9.444554412883527,Low,43,0.14620329143093813,14.857976877496338,Low
PRV57675,0.07401941,1.2646536417594214,6.723317012638422,2.0340023684575255,Low,1,0.011273630003860391,5.008108322137348,Low
PRV57676,0.05721418,0.0,6.712695072768718,1.7067808572646455,Low,1,0.005608271608944726,4.63062892687055,Low
PRV57677,0.5213024,0.0,13.68540649329214,3.6820028243327854,Low,25,0.08599648566505735,8.763636553492868,Low
PRV57678,0.03502893,0.39442814283908384,9.81073838780309,2.568806098037278,Low,1,0.09274959393450943,7.517025381132834,Low
PRV57679,0.19588462,0.11113761416566882,22.51416258649294,5.75426735775609,Low,0,-0.08266278260329107,5.124447684234399,Low
PRV57680,0.09873784,0.0,9.346782347903641,2.3860645086432477,Low,3,0.12053692642940428,8.170786159282244,Low
PRV57682,0.0399515,5.127389274722142,7.524784526362644,3.1830192000469637,Low,1,0.03839605257782863,6.5229890249556295,Low
PRV57683,0.21778429,0.8149549234109614,8.437962090513379,2.4221213962537598,Low,2,0.09570336436939364,7.518576314490459,Low
PRV57684,0.29235455,0.0,10.288448166561318,2.7182893186092856,Low,5,0.08754249950484905,7.592627712968548,Low
PRV57686,1.1913468,0.0,7.052674185819212,2.35884192873706,Low,2,0.08085877736062663,7.085373607104407,Low
PRV57687,0.1728046,0.0,5.120381985189981,1.3664977933174538,Low,0,-0.04814524209219695,2.957319488659328,Low
PRV57688,0.020875068,0.0,6.289511930293097,1.5828155167639886,Low,2,0.05649982794753772,5.903985266941825,Low
PRV57689,0.2661677,0.0,13.532645939676488,3.516245335064462,Low,4,0.09447720872872589,8.306030811849082,Low
PRV57690,0.07318496,8.08978215605717,12.11873979956568,5.08872296870093,Low,1,0.03777500444443416,7.840711084651577,Low
PRV57691,0.35152677,3.8439252509014135,21.62857446624504,6.543888312794342,Low,3,0.08650373886606832,10.189641681447291,Low
PRV57692,0.19651018,0.0,7.507081293246469,1.975025413727095,Low,0,-0.07631968000156025,2.645158595745792,Low
PRV57693,0.15780547,0.0,12.715212240531324,3.2577057964390215,Low,17,0.14137503385702022,9.702702783060532,Low
PRV57694,0.10261715,0.0,5.814826429634425,1.5050151834262244,Low,2,0.041011325440455715,5.443748282661044,Low
PRV57696,0.033781193,0.0,2.508851616558087,0.6441035007379086,Low,0,-0.09799554875520639,1.1456363045252345,Low
PRV57697,96.697556,2.1279707118351086,22.50511477826049,54.50704914351999,Medium,49,0.21122442205983738,48.26625821847438,Medium
PRV57699,0.10880936,0.0,35.302562304140416,8.880045255720935,Low,3,0.15120838829514538,13.52012138792351,Low
PRV57700,0.35023898,0.0,2.514162586492939,0.803660136054616,Low,0,-0.10466931511797528,1.0824827563683552,Low
PRV57701,0.04138862,0.0,4.382081293246469,1.116214633157184,Low,0,-0.04285215979916068,2.9207925092481206,Low
PRV57702,33.81333,0.8562700929994416,23.69896073591497,23.045473509230554,Low,9,0.19259589293423074,24.681288785875275,Low
PRV57704,0.7390411,0.0,13.109400681731032,3.6468707154385562,Low,4,0.14590676555165538,9.744849866945923,Low
PRV57705,0.059705816,0.0,13.76416258649294,3.470893554727893,Low,0,-0.02833031183339929,4.949519530273665,Low
PRV57706,0.019947981,1.7281819177149476,10.014162586492938,2.9455601167829126,Low,1,0.022802802073376816,5.948246667079995,Low
PRV57707,0.061409496,0.0,2.5070812932464697,0.657475071197083,Low,0,-0.059519056792084246,2.163025804325692,Low
PRV57709,98.29907,6.025405193423378,14.982581685897225,54.40153285264265,Medium,44,0.2348616730213231,48.677431005083676,Medium
PRV57710,1.9352347,0.0,11.562684748400285,3.8582885200354045,Low,40,0.11263042305464066,9.987492407431283,Low
PRV57711,5.3091745,0.0,19.42583760116866,7.5110466691215105,Low,19,0.15767893498990637,13.160871705071312,Low
PRV57712,0.31711465,7.320712726082585,9.006266007844125,4.240302009083255,Low,3,0.11642830022553785,9.361112242886758,Low
PRV57714,0.04946122,0.0,6.88208129324647,1.7452509330415036,Low,0,-0.0031026416311303318,4.402498796785979,Low
PRV57715,94.98137,3.2619285783829395,20.46192527946929,53.4216479737404,Medium,102,0.23600852580109,49.57860448245684,Medium
PRV57716,0.109229356,0.0,7.753574673616756,1.9930083464294346,Low,2,0.07527158045360771,6.682913481944554,Low
PRV57717,21.302189,4.824054845149154,12.625593293396332,15.013506471281879,Low,20,0.21803529814652933,20.020690130737865,Low
PRV57718,2.4751818,2.573415896816396,18.413001630025867,6.484195290714777,Low,20,0.1213538499384691,11.517255780453414,Low
PRV57719,3.4485505,12.183024403200982,9.686376119592047,7.191625362059646,Low,4,0.23144227327125655,14.46708684506687,Low
PRV57720,0.099534996,0.0,6.62484609025903,1.705979020491708,Low,2,0.06520000587003283,6.218132015033866,Low
PRV57721,0.013029769,0.0,4.19145119302931,1.0543776827888254,Low,0,-0.0849690740809731,1.774103353112987,Low
PRV57722,0.14555238,0.0,8.56746437666503,2.2146422851028227,Low,2,0.05143958578361685,6.213692852511156,Low
PRV57723,0.13161007,0.0,7.966391072344524,2.057402800935443,Low,1,0.07277382743686822,6.635706383683049,Low
PRV57724,0.077307396,0.0,3.7854064662323474,0.9850053143766045,Low,0,-0.11177722834686715,1.0232071575018324,Low
PRV57725,0.21422887,0.1483135370344614,8.470084185497125,2.261713864875145,Low,0,-0.04410846933113749,3.6897284473812837,Low
PRV57727,0.074003614,0.0,6.423447426455711,1.6428636638565597,Low,1,0.016106072249241987,4.860914347104537,Low
PRV57728,0.055604037,11.474263513021237,7.509913810545058,4.773846349340284,Low,1,0.06390843385584022,8.304956156661202,Low
PRV57729,5.9006157,0.3251188985518724,16.802700135900054,7.232262604682317,Low,13,0.15717692351552248,12.791497047370797,Low
PRV57730,0.40153494,1.2750463134957595,18.947459443102467,5.256393911535917,Low,4,0.09559082861388268,9.553310073515213,Low
PRV57731,0.054091617,0.0,2.5354064662323474,0.6608974252905965,Low,0,-0.10501600820025109,0.9734659928536684,Low
PRV57732,1.3848943,5.06789693514995,12.371635034224518,5.0523301182553295,Low,13,0.14829892176477588,11.032953279840793,Low
PRV57733,0.8251697,1.4678844106736642,19.200465791733546,5.579672391853176,Low,3,0.0304432456683571,8.045985297162922,Low
PRV57734,0.27361223,0.0,7.633394527065448,2.0451547472744416,Low,5,0.07777574608743643,6.865558455572653,Low
PRV57735,0.041038703,0.0,6.787048651856647,1.7172815145508613,Low,1,0.00723153806137089,4.680506660778118,Low
PRV57736,0.06913613,0.0,7.122845263626432,1.8152793798213838,Low,1,0.0006014224111700051,4.575405560214804,Low
PRV57737,0.08583443,0.0,8.785406466232347,2.239268830892098,Low,0,-0.09602033471136351,2.313999836091199,Low
PRV57738,0.028272083,0.0,5.014162586492939,1.2676766881378103,Low,0,-0.11548847044393695,1.1238478512033008,Low
PRV57739,0.2679572,2.225003053200687,7.953874111159751,2.6786978963604953,Low,3,0.08903987985432149,7.5504516790659375,Low
PRV57740,0.09497133,0.532065849300974,8.411227559044498,2.283309016573253,Low,3,0.08568274826258826,7.185727387204728,Low
PRV57741,0.094781905,0.0,8.604628757180047,2.1985481420013486,Low,0,-0.011615494042542585,4.4967822097085755,Low
PRV57742,0.06194489,0.0,5.964408914336584,1.522074673967814,Low,0,-0.044764625992770035,3.1547906418463505,Low
PRV57743,0.09752245,1.2147044740917998,6.015394225711164,1.8562859011875612,Low,1,0.030374271143949527,5.384116444027374,Low
PRV57744,0.20686689,0.0,12.47801729802404,3.222937769602026,Low,2,0.04035652734980144,6.6291393137129155,Low
PRV57746,0.042739183,0.0,7.5861875946395,1.9179164900151988,Low,2,0.11693278229674553,7.721813455170125,Low
PRV57747,0.017285744,0.0,6.285406466232348,1.579994488422227,Low,0,-0.049777569119706266,3.0640025272366147,Low
PRV57748,0.06820614,0.0,8.787166128433881,2.230894601562902,Low,5,0.11721142153793207,8.028734998077551,Low
PRV57751,0.15123586,0.0,5.6462438797394086,1.4871789017180514,Low,0,-0.06948067603595182,2.4828382205502777,Low
PRV57752,0.025376149,0.0,10.014162586492938,2.5162287208841847,Low,0,-0.09269357795075461,2.5950280576939186,Low
PRV57753,0.032508045,0.0,2.514162586492939,0.6447946693407106,Low,0,-0.10350564707681476,1.001763378355574,Low
PRV57754,0.39775613,0.0,5.120381985189981,1.4789735610491204,Low,0,-0.024592808914594366,3.653092798833274,Low
PRV57755,0.22160377,0.0,22.51416258649294,5.739342529665094,Low,0,-0.05941116815965952,5.7231595540742175,Low
PRV57756,0.13317633,0.0,6.4326111912908335,1.6747409611985629,Low,1,0.0313400926602837,5.282338136982754,Low
PRV57757,5.800866,0.0,24.218006042703575,8.954934574182975,Low,11,0.19563755556188955,14.95129004405618,Low
PRV57758,0.022015437,0.0,8.785406466232347,2.2073593352999805,Low,0,-0.023047023624881424,4.2034602182816485,Low
PRV57759,0.15398836,0.0,9.93298543469506,2.5602405393530865,Low,5,0.08535293755520668,7.424630156564815,Low
PRV57760,0.104163945,3.5095195030175086,17.168909178377877,5.221689142709457,Low,1,0.006583882507749439,7.1166243455360885,Low
PRV57761,0.4687234,0.0,11.023082463933868,2.990132309246521,Low,7,0.1138922857352973,8.526936028282407,Low
PRV57762,0.033678614,12.053673857965642,2.514162586492939,3.6587984179162025,Low,0,-0.05556347571790654,4.367582748866978,Low
PRV57763,0.64125437,0.11358482894142163,17.763013707287016,4.7897768167792005,Low,14,0.10463442395508027,9.732063826757225,Low
