ClaimsPerUniquePhysician,ClaimsPerBeneficiary,ClaimAnomalyRate
1.3157894736842106,1.0416666666666667,0.2
2.588235294117647,1.1282051282051282,0.5075757575757576
3.1041666666666665,1.079710144927536,0.11409395973154363
166.42857142857142,2.3535353535353534,0.08240343347639485
6.545454545454546,1.2413793103448276,0.08333333333333333
3.583333333333333,1.1944444444444444,0.09302325581395349
1.4146341463414631,1.0943396226415094,0.08620689655172414
2.0,1.5483870967741935,0.16666666666666666
4.181818181818182,1.0454545454545454,0.08695652173913043
3.333333333333333,1.2,0.16666666666666666
1.3333333333333333,1.1428571428571428,0.125
2.0,1.0,0.0
4.256198347107438,1.2261904761904765,0.0912621359223301
3.2125,1.2355769230769231,0.19455252918287938
2.117647058823529,1.0285714285714285,0.3888888888888889
2.7857142857142856,1.0263157894736843,0.23076923076923078
2.071428571428572,1.144736842105263,0.25287356321839083
2.054054054054054,1.3571428571428572,0.13157894736842105
5.3,1.2045454545454546,0.16981132075471697
2.066666666666667,1.1772151898734178,0.043010752688172046
3.1666666666666665,1.179310344827586,0.5263157894736842
2.642857142857143,1.178343949044586,0.1945945945945946
1.7692307692307692,1.0952380952380951,0.043478260869565216
1.3636363636363635,1.2,0.06666666666666667
55.6,2.122137404580153,0.08273381294964029
113.5,2.203883495145631,0.13215859030837004
2.611111111111111,1.3177570093457944,0.2695035460992908
5.0588235294117645,1.2463768115942029,0.13953488372093023
3.090909090909091,1.096774193548387,0.058823529411764705
1.9452054794520548,1.109375,0.11267605633802817
3.2857142857142856,1.15,0.043478260869565216
59.0,1.5128205128205128,0.0847457627118644
1.9375,1.0689655172413792,0.0967741935483871
6.333333333333333,1.4615384615384617,0.2631578947368421
0.9166666666666666,1.0,0.09090909090909091
2.235294117647059,1.1515151515151516,0.13157894736842105
1.6136363636363635,1.0923076923076922,0.08450704225352113
2.7058823529411766,1.2432432432432432,0.17391304347826086
0.5,1.0,1.0
19.0,1.425,0.08771929824561403
3.142857142857143,1.0,0.13636363636363635
3.142857142857143,1.0476190476190477,0.18181818181818182
5.0,1.25,0.2
2.1842105263157894,1.106666666666667,0.12048192771084337
2.341463414634146,1.170731707317073,0.2916666666666667
1.3125,1.0,0.11904761904761904
24.166666666666668,2.164179104477612,0.12413793103448276
56.71428571428572,2.391566265060241,0.08564231738035265
37.25,1.2956521739130435,0.12751677852348994
2.3488372093023258,1.3348017621145374,0.1848184818481848
2.5454545454545454,1.0769230769230769,0.35714285714285715
2.4,1.1428571428571428,0.08333333333333333
2.230769230769231,1.183673469387755,0.2413793103448276
2.868131868131868,1.219626168224299,0.11494252873563218
1.6229508196721312,1.434782608695652,0.1717171717171717
2.0,1.0,0.125
2.789473684210526,1.325,0.12264150943396226
2.294117647058824,1.0,0.23076923076923078
4.25,1.3076923076923077,0.058823529411764705
3.2222222222222223,1.0740740740740742,0.06896551724137931
2.75,1.1,0.6060606060606061
1.4375,1.0,0.391304347826087
50.0,1.5267175572519085,0.115
3.7777777777777777,1.096774193548387,0.029411764705882353
4.285714285714286,1.1111111111111112,0.07777777777777778
3.235294117647059,1.2941176470588236,0.21818181818181817
5.56,1.208695652173913,0.28776978417266186
2.7804878048780486,1.1573604060913705,0.14035087719298245
2.333333333333333,1.0,0.42857142857142855
1.8333333333333333,1.0,0.09090909090909091
0.9,1.0,0.3333333333333333
1.25,1.0,0.2
125.0,1.7605633802816902,0.128
2.0,1.0,0.0
1.25,1.0,1.0
3.0,1.0,1.0
3.0,1.0909090909090908,1.0
3.0,1.5,0.0
6.0,1.3333333333333333,0.08333333333333333
6.0,1.0,0.16666666666666666
2.7142857142857144,1.0,1.0
1.5,1.0,1.0
1.0,1.0,1.0
33.0,1.5529411764705885,0.1590909090909091
38.0,1.558974358974359,0.125
66.0,1.6923076923076923,0.12878787878787878
52.4,1.6375,0.08015267175572519
1.4,1.1666666666666667,0.0
2.4,1.2,0.0
4.0,1.0,1.0
11.875,1.1728395061728396,1.0
7.0,1.0,1.0
2.333333333333333,1.0,0.8571428571428571
1.0,1.0,0.0
1.3478260869565215,1.1071428571428572,0.16129032258064516
1.170731707317073,1.5,0.375
5.0,1.4285714285714286,1.0
1.9230769230769231,1.3157894736842106,0.18
1.352112676056338,1.476923076923077,0.08333333333333333
3.5,1.0,0.14285714285714285
1.6,1.0,0.0
1.3333333333333333,1.3333333333333333,0.125
5.0,1.25,0.2
5.0,2.5,0.0
1.0,1.0,1.0
1.8333333333333333,1.0784313725490196,0.03636363636363636
2.1666666666666665,1.238095238095238,0.07692307692307693
1.0,1.0238095238095235,0.27906976744186046
44.27272727272727,1.236040609137056,0.16837782340862423
8.875,1.9189189189189189,0.08450704225352113
3.1875,1.3421052631578947,0.17647058823529413
2.4838709677419355,1.1323529411764706,0.11688311688311688
1.7647058823529411,1.0344827586206895,0.2
4.590909090909091,1.2546583850931676,0.801980198019802
3.485148514851485,1.0538922155688624,0.5
1.1428571428571428,1.0,0.09375
4.52054794520548,1.254752851711027,0.16363636363636364
4.625,1.088235294117647,0.7972972972972973
1.806201550387597,1.0355555555555556,0.1630901287553648
16.6,2.128205128205128,0.12048192771084337
1.359375,1.0481927710843373,0.06896551724137931
53.66666666666666,1.0952380952380951,0.07453416149068323
57.5,1.0454545454545454,0.05217391304347826
180.66666666666663,1.275294117647059,0.08487084870848709
4.947826086956522,1.1245059288537549,0.17926186291739896
3.3529411764705883,1.0363636363636364,0.7982456140350878
39.1,1.1706586826347305,0.17902813299232737
1.1136363636363635,1.0103092783505154,0.30612244897959184
1.0,1.0,0.4
8.26086956521739,1.043956043956044,0.11052631578947368
4.142857142857143,1.0116279069767442,0.14942528735632185
1.203125,1.0405405405405406,0.09090909090909091
1.3333333333333333,1.0,0.5
1.18,1.0,0.13559322033898305
1.1578947368421053,1.0476190476190477,0.4090909090909091
1.5769230769230769,1.051282051282051,0.04878048780487805
3.0902777777777777,1.1152882205513786,0.1146067415730337
2.9545454545454546,1.015625,0.5692307692307692
1.5294117647058822,1.0,0.07692307692307693
43.0,1.5,0.13178294573643412
1.4285714285714286,1.0,0.0
8.692307692307692,1.076190476190476,0.39823008849557523
1.6,1.0,0.125
2.0,1.0,0.0
5.090909090909091,1.0980392156862746,0.07142857142857142
2.4444444444444446,1.03125,0.07575757575757576
1.032258064516129,1.0666666666666669,0.15625
1.8,1.0,0.2222222222222222
720.0,1.6666666666666667,0.09444444444444444
3.0,2.0,0.0
4.75,1.1875,0.10526315789473684
15.0,1.0975609756097562,0.06666666666666667
2.4,1.0,0.08333333333333333
3.5,1.05,0.14285714285714285
166.33333333333334,1.2537688442211057,0.11022044088176353
1.4285714285714286,1.0,0.1
1.0,1.0,0.0
1.0,1.0,1.0
21.0,1.105263157894737,0.047619047619047616
3.0,1.0,0.0
1.0,1.0,0.0
7.5,1.0,0.06666666666666667
1.0,1.0,0.0
2.6666666666666665,1.0,0.125
10.0,1.0,0.0
35.5,1.0757575757575757,0.056338028169014086
2.5,1.0,0.2
7.0,1.0,0.0
2.6666666666666665,1.0,0.25
1.0,1.0,0.0
2.5,1.6666666666666667,0.0
7.0,1.0,0.0
4.0,1.0,0.0
6.666666666666667,1.0526315789473684,0.05
2.5,1.0,0.0
23.5,1.068181818181818,0.06382978723404255
15.0,1.0,0.16666666666666666
1.0,1.0,1.0
0.5,1.0,1.0
1.0,1.0,1.0
5.0,1.0,1.0
2.0,1.0,1.0
1.0,1.0,1.0
0.5,1.0,1.0
4.0,1.0,1.0
1.0,1.0,1.0
1.935483870967742,1.5789473684210529,0.23333333333333334
2.3076923076923075,1.2765957446808511,0.18333333333333332
1.761904761904762,1.2758620689655171,0.12612612612612611
7.2,2.4,0.05555555555555555
64.31818181818181,2.1471927162367224,0.19434628975265017
5.580645161290323,2.9827586206896552,0.14450867052023122
2.6153846153846154,1.3076923076923077,0.29411764705882354
0.6666666666666666,1.0,0.5
2.9302325581395348,1.2475247524752475,0.42857142857142855
1.9318181818181817,1.1971830985915493,0.08235294117647059
1.1,1.1,0.09090909090909091
1.891304347826087,1.144736842105263,0.25287356321839083
1.8085106382978724,1.118421052631579,0.09411764705882353
2.8461538461538463,1.1935483870967742,0.17567567567567569
2.111111111111111,1.1875,0.06315789473684211
1.5555555555555556,1.1666666666666667,0.5714285714285714
1.9090909090909087,1.105263157894737,0.23809523809523808
2.2962962962962963,1.1272727272727272,0.12903225806451613
2.84,1.1544715447154472,0.24647887323943662
3.0,1.1538461538461535,0.1
4.0,1.1891891891891893,0.4318181818181818
1.56,1.1142857142857143,0.0
32.0,1.9047619047619049,0.1
1.4375,1.1219512195121952,0.16304347826086957
2.333333333333333,1.0,0.14285714285714285
3.727272727272727,1.3666666666666667,0.07317073170731707
15.8,2.548387096774193,0.12658227848101267
3.761904761904762,1.428940568475452,0.09041591320072333
1.6111111111111112,1.2083333333333333,0.2413793103448276
1.1754385964912282,1.1166666666666667,0.2537313432835821
1.5945945945945943,1.0925925925925926,0.23728813559322035
10.666666666666666,1.2043010752688172,0.07142857142857142
2.7857142857142856,1.1470588235294117,0.1282051282051282
86.33333333333333,1.295,0.11583011583011583
2.107142857142857,1.156862745098039,0.22033898305084745
23.5625,1.6905829596412556,0.1273209549071618
4.421052631578948,1.5412844036697249,0.13690476190476192
5.833333333333333,1.1290322580645162,0.24285714285714285
26.0,1.6956521739130437,0.14102564102564102
1.6,1.0,0.375
46.0,2.421052631578948,0.17391304347826086
8.071428571428571,1.3950617283950617,0.05309734513274336
3.142857142857143,1.375,0.09090909090909091
11.0,1.375,0.07954545454545454
1.75,1.1666666666666667,0.14285714285714285
3.333333333333333,1.1111111111111112,0.13333333333333333
5.384615384615385,1.5217391304347827,0.15714285714285714
16.666666666666668,1.8867924528301887,0.11
2.8461538461538463,1.3703703703703705,0.21621621621621623
13.0,1.625,0.23076923076923078
14.0,1.7777777777777777,0.11607142857142858
3.583333333333333,1.2647058823529411,0.2558139534883721
23.25,1.8979591836734693,0.10752688172043011
4.25,1.3076923076923077,0.11764705882352941
16.333333333333332,1.6896551724137931,0.30612244897959184
8.5,1.3076923076923077,0.17647058823529413
6.166666666666667,1.761904761904762,0.13513513513513514
5.833333333333333,1.1290322580645162,0.17142857142857143
3.6,1.0588235294117647,0.05555555555555555
2.625,1.1666666666666667,0.14285714285714285
3.5384615384615383,1.5862068965517242,0.1956521739130435
2.7142857142857144,1.1875,0.15789473684210525
15.0,1.5,0.06666666666666667
9.4,2.136363636363636,0.06382978723404255
1.5,1.0,1.0
3.0,1.0,1.0
12.0,1.0909090909090908,0.0
76.0,2.375,0.07894736842105263
14.0,1.12,0.10714285714285714
15.0,3.0,0.3333333333333333
14.666666666666666,2.0,0.13636363636363635
41.0,1.5185185185185186,0.0975609756097561
3.5,1.4,0.0
24.666666666666668,2.642857142857143,0.0945945945945946
19.0,2.111111111111111,0.10526315789473684
5.0,1.25,0.0
2.0,1.0,1.0
7.473684210526316,1.5434782608695652,0.09859154929577464
1.3269230769230769,1.0,0.2318840579710145
2.0240963855421685,1.0838709677419356,0.27976190476190477
1.0756302521008403,1.032258064516129,0.125
1.6063829787234043,1.070921985815603,0.09933774834437085
1.0441176470588236,1.0142857142857142,0.1267605633802817
4.6,1.1564245810055866,0.17391304347826086
1.5,1.0,0.09090909090909091
3.0625,1.0425531914893618,0.08163265306122448
2.313043478260869,1.08130081300813,0.09774436090225563
516.75,2.1826821541710664,0.09482341557813256
0.9322033898305084,1.0185185185185186,0.4
0.967741935483871,1.0714285714285714,0.23333333333333334
1.4484848484848485,1.0301724137931034,0.1589958158995816
1.8823529411764703,1.0,0.1875
1.3333333333333333,1.0,0.25
0.9473684210526316,1.0588235294117647,0.3333333333333333
0.5,1.0,0.25
2.3125,1.072463768115942,0.22972972972972974
2.111111111111111,1.043956043956044,0.2
1.424778761061947,1.080536912751678,0.11180124223602485
1.0,1.0,0.4117647058823529
0.935483870967742,1.0,0.3448275862068966
1.5238095238095235,1.0,0.0625
1.6296296296296295,1.0,0.20454545454545456
0.75,1.0,0.0
1.15,1.0,0.34782608695652173
4.75,1.0754716981132075,0.12280701754385964
1.3333333333333333,1.0,0.0
1041.5,2.1630321910695742,0.1041766682669227
1.7692307692307692,1.022222222222222,0.2826086956521739
1.8214285714285716,1.0625,0.0784313725490196
1.7272727272727273,1.0106382978723405,0.09473684210526316
2.7288135593220337,1.2105263157894737,0.6832298136645962
0.8148148148148148,1.0,0.13636363636363635
0.7272727272727273,1.0,0.5
2.2857142857142856,1.0,0.125
1.9743589743589745,1.0,0.16883116883116883
21.22222222222222,1.3941605839416058,0.09162303664921466
2.6818181818181817,1.156862745098039,0.2711864406779661
1.8297872340425527,1.0617283950617284,0.2558139534883721
1.161764705882353,1.025974025974026,0.2911392405063291
2.8350515463917527,1.0869565217391304,0.6145454545454545
2.158536585365854,1.0662650602409638,0.14689265536723164
1.8888888888888888,1.1333333333333333,0.058823529411764705
56.875,2.765957446808511,0.11758241758241758
1.3333333333333333,1.0,0.0
3.333333333333333,1.0,0.15
1.4193548387096775,1.0232558139534884,0.11363636363636363
1.25,1.0,0.1
6.142857142857143,1.4576271186440677,0.11627906976744186
3.1029411764705883,1.0603015075376885,0.3459715639810427
0.875,1.0,0.2857142857142857
2.590909090909091,1.1287128712871286,0.12280701754385964
1.0535714285714286,1.0,0.11864406779661017
2.333333333333333,1.0425531914893618,0.12244897959183673
1.2608695652173914,1.0,0.3103448275862069
1.5,1.0,0.0
0.5714285714285714,1.0,0.0
52.333333333333336,3.376344086021505,0.1035031847133758
0.5555555555555556,1.0,0.0
1.4736842105263157,1.0,0.17857142857142858
1.108695652173913,1.02,0.23529411764705882
81.0,1.0253164556962024,0.14814814814814814
1.22,1.0,0.32786885245901637
1.0655737704918034,1.015625,0.09230769230769231
3.0217391304347827,1.0296296296296297,0.6402877697841727
1.1904761904761905,1.0,0.2
0.5,1.0,0.0
1.9545454545454544,1.048780487804878,0.08139534883720931
2.0625,1.0,0.18181818181818182
6.4375,2.263736263736264,0.06796116504854369
1.9333333333333331,1.0357142857142858,0.15517241379310345
1.1578947368421053,1.0,0.12121212121212122
1.0,1.0,0.0
2.5454545454545454,1.108910891089109,0.1875
2.8823529411764706,1.1666666666666667,0.6122448979591837
0.8214285714285714,1.0,0.30434782608695654
230.0,1.867749419953596,0.10434782608695652
1.59375,1.0515463917525774,0.2647058823529412
1.0952380952380951,1.0,0.30434782608695654
1.1538461538461535,1.0344827586206895,0.23333333333333334
1.0,1.0,0.0
1.2857142857142858,1.0,0.3333333333333333
1.4,1.024390243902439,0.09523809523809523
1.9189189189189189,1.0,0.2112676056338028
3.0357142857142856,1.0759493670886076,0.10588235294117647
1.0,1.0,0.3333333333333333
2.28125,1.0138888888888888,0.1095890410958904
1.105263157894737,1.05,0.19047619047619047
0.8275862068965517,1.0,0.5
0.8317757009345794,1.1125,0.20224719101123595
1.0,1.0851063829787233,0.2549019607843137
0.7727272727272727,1.0,0.5294117647058824
1.5,1.0,0.16666666666666666
0.9230769230769232,1.0,0.16666666666666666
1.619047619047619,1.0625,0.14705882352941177
0.918918918918919,1.0,0.29411764705882354
13.5,1.0887096774193548,0.837037037037037
1.4736842105263157,1.018181818181818,0.017857142857142856
1177.142857142857,2.8841442072103605,0.0904126213592233
6.191780821917808,1.0944309927360776,0.10619469026548672
2.0,1.0344827586206895,0.1
1.3302752293577982,1.013986013986014,0.06896551724137931
0.7777777777777778,1.0,0.14285714285714285
1.2333333333333334,1.0422535211267605,0.13513513513513514
1.4705882352941178,1.0,0.28
1.8705882352941177,1.0529801324503312,0.1509433962264151
0.9655172413793104,1.0,0.07142857142857142
1.35,1.0,0.25925925925925924
8.571428571428571,1.0404624277456649,0.9055555555555556
1.7777777777777777,1.0,0.0
2.958333333333333,1.0923076923076922,0.5915492957746479
1.5357142857142858,1.0238095238095235,0.32558139534883723
1.0,1.0,0.2777777777777778
1.4666666666666666,1.0,0.13636363636363635
1.3076923076923077,1.0625,0.058823529411764705
2.7804878048780486,1.0506912442396312,0.12719298245614036
320.6666666666667,2.5349143610013174,0.08887733887733888
1.1375,1.011111111111111,0.21978021978021978
1.1846153846153846,1.0266666666666666,0.15584415584415584
2.606060606060606,1.1466666666666667,0.09302325581395349
14.266666666666667,1.621212121212121,0.06542056074766354
1.3,1.0833333333333333,0.15384615384615385
1.8013245033112584,1.0461538461538462,0.1213235294117647
4.923076923076923,1.1428571428571428,0.796875
1.2241379310344829,1.126984126984127,0.2112676056338028
1.35,1.0125,0.25925925925925924
1.4074074074074074,1.027027027027027,0.13157894736842105
3.357142857142857,1.110236220472441,0.6524822695035462
24.6,1.1714285714285717,0.08130081300813008
0.7894736842105263,1.0,0.3333333333333333
52.66666666666666,1.3900293255131966,0.08438818565400844
1.1428571428571428,1.0,0.125
16.642857142857142,1.0737327188940091,0.9527896995708155
1.0689655172413792,1.0,0.03225806451612903
5.181818181818182,1.0961538461538465,0.12280701754385964
1.8823529411764703,1.0406504065040652,0.1171875
0.7142857142857143,1.0,0.06666666666666667
9.83495145631068,1.3953168044077136,0.09970384995064166
1.616,1.057591623036649,0.12871287128712872
515.0,2.0892494929006085,0.10194174757281553
4.071428571428571,1.0961538461538465,0.08771929824561403
1.0,1.0,0.0625
1.207792207792208,1.056818181818182,0.27956989247311825
1.263157894736842,1.0,0.16666666666666666
1.3333333333333333,1.0256410256410255,0.175
5.5,1.0,0.09090909090909091
3.7857142857142856,1.1041666666666667,0.1320754716981132
23.0,1.1794871794871795,0.06521739130434782
2.087912087912088,1.1242603550295858,0.1736842105263158
7.222222222222222,1.0,0.9230769230769231
1.0166666666666666,1.0,0.18032786885245902
0.6896551724137931,1.0,0.45
1.4642857142857142,1.025,0.12195121951219512
1.5454545454545454,1.0,0.11764705882352941
1.15,1.0,0.043478260869565216
1.619047619047619,1.4782608695652173,0.08823529411764706
0.8648648648648649,1.0666666666666669,0.25
1.0285714285714285,1.0,0.3611111111111111
0.5,1.0,0.0
5.464788732394366,1.2679738562091505,0.08762886597938144
0.8421052631578947,1.0,0.3125
1.68125,1.102459016393443,0.18773234200743494
1.2790697674418603,1.0185185185185186,0.14545454545454545
1.275,1.0,0.0784313725490196
4.185185185185185,1.1649484536082475,0.8495575221238938
1.2944444444444445,1.026431718061674,0.23605150214592274
0.8372093023255814,1.0285714285714285,0.3055555555555556
1.0833333333333333,1.0,0.07692307692307693
0.84,1.0,0.38095238095238093
2.5416666666666665,1.150943396226415,0.29508196721311475
2.1538461538461537,1.037037037037037,0.17857142857142858
1.087719298245614,1.0,0.22580645161290322
0.9130434782608696,1.0,0.3333333333333333
1.0,1.0,0.16666666666666666
1.875,1.0,0.06666666666666667
0.8615384615384616,1.0,0.32142857142857145
0.8333333333333334,1.0,0.1
1.0,1.04,0.19230769230769232
7.212121212121212,1.1666666666666667,0.8445378151260504
2.4,1.0,0.08333333333333333
1.1176470588235294,1.0,0.05263157894736842
1.3333333333333333,1.0,0.08333333333333333
0.8387096774193549,1.04,0.6153846153846154
816.0,1.973397823458283,0.09620098039215687
1.0943396226415094,1.0175438596491229,0.2413793103448276
1.25,1.0,0.0
1.0,1.0,0.0
7.333333333333333,1.0,0.045454545454545456
0.8,1.0,0.25
6.571428571428571,1.2105263157894737,0.13043478260869565
370.3333333333333,2.5912536443148686,0.09360936093609361
1.6666666666666667,1.0,0.18461538461538463
1.0,1.0,0.0
5.639097744360902,1.171875,0.14466666666666667
1.565217391304348,1.0909090909090908,0.2777777777777778
1.0,1.0,0.0
0.5714285714285714,1.0,0.25
4.2727272727272725,1.0217391304347827,0.19148936170212766
1.7083333333333333,1.051282051282051,0.1951219512195122
1.0,1.0,0.6666666666666666
0.6666666666666666,1.0,0.875
0.8333333333333334,1.0,0.0
1.25,1.1111111111111112,0.3
14.0,1.024390243902439,0.9642857142857143
3.0,1.0,0.0
1.08,1.0,0.24074074074074073
2.0,1.0909090909090908,0.125
1.0416666666666667,1.0,0.1
1.6614173228346456,1.0576441102756893,0.20853080568720378
1.6666666666666667,1.0,0.6
8.384615384615385,1.058252427184466,0.12844036697247707
2.333333333333333,1.0,0.07142857142857142
1.3928571428571428,1.0263157894736843,0.3076923076923077
65.8,1.2801556420233462,0.22188449848024316
6.545454545454546,1.0285714285714285,0.1388888888888889
1.7692307692307692,1.022222222222222,0.2608695652173913
2.5,1.0,0.06666666666666667
1.2333333333333334,1.0,0.2702702702702703
1.293103448275862,1.0714285714285714,0.18666666666666668
0.6,1.0,0.5
2.6666666666666665,1.0,0.125
1.0,1.0,0.46153846153846156
1.1666666666666667,1.0,0.23809523809523808
3.774647887323944,1.102880658436214,0.582089552238806
0.8666666666666667,1.0,0.11538461538461539
1.8333333333333333,1.0,0.5
1.0,1.0,1.0
1.5833333333333333,1.0555555555555556,0.47368421052631576
1.3333333333333333,1.0,0.375
1.8,1.0,0.0
2.145833333333333,1.0957446808510638,0.1553398058252427
0.875,1.0,0.3333333333333333
1.0,1.0,0.0
1.0,1.0,0.5714285714285714
0.8181818181818182,1.0,0.1111111111111111
2.1666666666666665,1.0,0.15384615384615385
0.8571428571428571,1.0,0.3333333333333333
1.8333333333333333,1.1,1.0
0.8333333333333334,1.0,0.4
1.0,1.0,0.0
2.363636363636364,1.04,0.23076923076923078
2.975,1.0258620689655171,0.11764705882352941
1.1153846153846154,1.0,0.034482758620689655
31.6,1.6898395721925137,0.11392405063291139
1.5454545454545454,1.0,0.23529411764705882
0.6666666666666666,1.0,0.75
1.0357142857142858,1.0,0.41379310344827586
1.0,1.0,0.42857142857142855
1.5555555555555556,1.0769230769230769,0.07142857142857142
1.7058823529411764,1.16,0.10344827586206896
1.8461538461538465,1.0,0.16666666666666666
0.8333333333333334,1.0,0.0
1.7142857142857142,1.0,0.5
12.0,1.0434782608695652,0.16666666666666666
32.0,1.3061224489795915,0.078125
12.0,1.0,0.125
2.0,1.0,0.0
1.0,1.0,0.0
23.0,1.0,0.043478260869565216
1.3333333333333333,1.0,0.25
1.6666666666666667,1.0,0.0
0.75,1.0,0.0
33.5,1.5056179775280898,0.15671641791044777
1.1111111111111112,1.0,0.0
7.5,1.0,0.06666666666666667
0.5,1.0,0.0
4.75,1.4074074074074074,0.07894736842105263
2.303030303030303,1.027027027027027,0.09210526315789473
5.190476190476191,1.5244755244755244,0.10321100917431193
2.0526315789473686,1.0,0.1282051282051282
1.2,1.0,0.16666666666666666
183.0,2.3766233766233764,0.08743169398907104
2.0,1.0,0.0
3.111111111111111,1.0,0.17857142857142858
5.75,1.0952380952380951,0.10144927536231885
2.2,1.03125,0.09090909090909091
4.75,2.375,0.10526315789473684
2.363636363636364,1.0,0.19230769230769232
1.7777777777777777,1.0,0.0625
13.75,1.375,0.03636363636363636
2.5,1.6666666666666667,0.2
1.5,1.0,0.2222222222222222
1.0,1.0,0.0
8.225806451612904,1.1538461538461535,0.09803921568627451
22.0,1.7959183673469388,0.11363636363636363
11.0,1.0,0.0
113.0,2.215686274509804,0.07079646017699115
26.0,1.238095238095238,0.0
429.0,2.4237288135593222,0.08391608391608392
3.0,1.0,0.1111111111111111
31.5,1.1666666666666667,0.19047619047619047
6.5,1.0,0.07692307692307693
209.0,1.5954198473282444,0.09569377990430622
1.6666666666666667,1.0,0.1
1.0,1.0,0.0
1.0,1.0,0.0
1.0,1.0,0.0
2.0,1.0,0.0
6.0,1.0,0.0
1.0,1.0,0.0
1.0,1.0,0.1
0.9444444444444444,1.0,0.7647058823529411
1.0,1.0,1.0
3.0,1.0,0.3333333333333333
6.5,1.0,0.07692307692307693
1.7142857142857142,1.0,0.25
27.33333333333333,1.28125,0.07317073170731707
4.0,1.0,0.125
1.3333333333333333,1.0,0.25
4.0,1.0,0.0
2.5,1.0,0.0
1.0,1.0,0.0
5.333333333333333,1.0,0.0625
6.0,1.0,0.3333333333333333
1.3333333333333333,1.0,0.0
10.5,1.0,0.09523809523809523
3.0,1.0,0.0
6.333333333333333,1.0,0.10526315789473684
12.666666666666666,1.0,0.07894736842105263
6.0,1.0,0.16666666666666666
1.0,1.0,0.0
10.0,1.0,0.1
4.0,1.0,0.0
10.5,1.0,0.0
38.0,1.4339622641509433,0.11842105263157894
8.0,1.1428571428571428,0.0625
12.333333333333334,1.0277777777777777,0.08108108108108109
19.0,1.1176470588235294,0.10526315789473684
17.5,1.0294117647058822,0.08571428571428572
3.25,1.0,0.07692307692307693
118.0,1.0260869565217392,0.07627118644067797
5.0,1.0,0.0
4.333333333333333,1.0833333333333333,0.07692307692307693
8.666666666666666,1.04,0.15384615384615385
4.0,1.0,0.0
18.0,1.0,0.16666666666666666
3.0,1.0,0.3333333333333333
3.0,1.0,0.0
1.0,1.0,0.0
29.0,1.2608695652173914,0.12643678160919541
4.0,1.0,0.0
9.0,1.0,0.0
6.0,1.0,0.0
2.333333333333333,1.0,0.14285714285714285
6.5,1.0,0.0
5.5,1.0,0.09090909090909091
7.0,1.0,0.14285714285714285
11.0,1.0,0.09090909090909091
33.0,1.0,0.09090909090909091
7.0,1.0,0.07142857142857142
23.0,1.0,0.043478260869565216
6.0,1.0,0.16666666666666666
2.142857142857143,1.0,0.06666666666666667
1.0714285714285714,1.0,0.13333333333333333
40.0,1.1764705882352942,0.1
2.5,1.0,0.0
1.5,1.0,0.3333333333333333
39.0,1.0833333333333333,0.07692307692307693
54.0,1.7419354838709675,0.1111111111111111
3.0,1.0,0.0
6.0,1.0909090909090908,0.16666666666666666
17.0,2.125,0.029411764705882353
12.0,1.2,0.041666666666666664
4.0,1.1428571428571428,0.25
2.5,1.25,0.0
3.0,1.0,0.0
139.0,1.6352941176470588,0.1079136690647482
32.0,1.1428571428571428,0.03125
9.5,1.027027027027027,0.07894736842105263
15.333333333333334,1.7692307692307692,0.13043478260869565
4.166666666666667,2.083333333333333,0.16
11.0,1.0,0.2727272727272727
12.0,1.3846153846153846,0.05555555555555555
1.0,1.0,0.0
5.0,1.25,0.0
10.0,1.25,0.0
3.0,1.0,0.0
20.0,1.0,0.05
24.0,1.0909090909090908,0.041666666666666664
1.25,1.0,0.4
1.5,1.0,1.0
0.5,1.0,1.0
3.5,1.0,1.0
13.5,1.0384615384615383,0.9629629629629629
1.0,1.0,1.0
15.0,1.0,1.0
1.0,1.0,1.0
5.0,1.0,1.0
5.0,1.0,0.0
3.5,1.0,1.0
9.666666666666666,1.0740740740740742,1.0
3.0,1.0,0.6666666666666666
2.5,1.0,1.0
2.5,1.0,1.0
1.0,1.0,1.0
3.6666666666666665,1.0,0.7272727272727273
1.4285714285714286,1.1111111111111112,0.9
5.25,1.05,1.0
18.0,1.0588235294117647,1.0
2.75,1.0,1.0
5.0,1.0,1.0
3.0,1.0,1.0
1.0,1.0,1.0
3.0,1.0,1.0
448.5,2.7857142857142856,0.08918617614269789
1.1954022988505748,1.0505050505050506,0.21153846153846154
1.680672268907563,1.183431952662722,0.085
2.6222222222222222,1.063063063063063,0.3644067796610169
1.302325581395349,1.0769230769230769,0.19642857142857142
2.625,1.3183856502242153,0.43537414965986393
4.166666666666667,1.3888888888888888,0.1
2.25,1.125,0.28888888888888886
2.9,1.16,0.13793103448275862
1.5,1.105263157894737,0.07142857142857142
2.4782608695652173,1.0363636363636364,0.07017543859649122
1.9466666666666668,1.3153153153153154,0.0684931506849315
33.714285714285715,1.4047619047619049,0.1694915254237288
1.3571428571428572,1.0555555555555556,0.10526315789473684
3.076923076923077,1.3043478260869563,0.2
1.3295454545454546,1.0934579439252337,0.06837606837606838
1.6285714285714286,1.2127659574468086,0.47368421052631576
3.210526315789474,1.0338983050847457,0.06557377049180328
3.25,1.0833333333333333,0.09230769230769231
59.69230769230769,2.2108262108262107,0.08505154639175258
1.6153846153846154,1.05,0.047619047619047616
0.8333333333333334,1.0,0.4
1.2586206896551724,1.106060606060606,0.3287671232876712
6.333333333333333,1.7733333333333334,0.07518796992481203
2.0,1.037037037037037,0.07142857142857142
1.146067415730337,1.0515463917525774,0.14705882352941177
3.6,1.170731707317073,0.6875
1.5,1.0,0.14285714285714285
1.896551724137931,1.0185185185185186,0.09090909090909091
1.3636363636363635,1.0344827586206895,0.03333333333333333
0.96,1.0434782608695652,0.041666666666666664
1.6,1.1076923076923078,0.2222222222222222
3.6666666666666665,1.0476190476190477,0.06818181818181818
1.0,1.0,0.0
1.2708333333333333,1.0701754385964912,0.3442622950819672
2.0,1.0,0.0
0.6666666666666666,1.0,0.08333333333333333
52.5,2.9166666666666665,0.09523809523809523
2.2,1.0,0.1590909090909091
7.727272727272727,1.7346938775510203,0.058823529411764705
9.0,3.6,0.0
1.0,1.0,0.0
1.0,1.0,0.0
2.0,4.0,0.0
2.625,1.1666666666666667,0.14285714285714285
1.0,1.0,0.0
1.6666666666666667,1.0,0.0
1.5384615384615383,1.0,0.1
3.0,2.25,0.0
1.6666666666666667,1.25,0.0
5.416666666666667,1.7105263157894737,0.06153846153846154
2.458333333333333,1.2040816326530612,0.05084745762711865
4.6,1.4375,0.13043478260869565
1.1666666666666667,1.0,0.2857142857142857
2.0,4.0,0.25
257.0,3.023529411764706,0.10894941634241245
22.0,2.75,0.045454545454545456
11.0,1.0,0.18181818181818182
1.7777777777777777,1.0,0.125
27.33333333333333,1.673469387755102,0.0975609756097561
46.5,1.6607142857142858,0.12903225806451613
1.0,1.0,0.0
3.6666666666666665,1.0,0.0
6.666666666666667,1.25,0.15
43.0,3.3076923076923075,0.09302325581395349
11.0,1.2222222222222223,0.09090909090909091
1.0,1.0,0.0
2.0,1.0,1.0
6.0,1.0,0.5
70.0,2.9166666666666665,0.04285714285714286
3.4285714285714284,2.1818181818181817,0.041666666666666664
4.5,1.2857142857142858,0.0
6.25,2.0,0.06
4.0,1.3333333333333333,0.0
6.4,1.0666666666666669,0.125
2.0,1.0,0.8333333333333334
3.0,1.0,0.1
2.018181818181818,1.018348623853211,0.1891891891891892
1.0,1.0,0.0
1.4375,1.022222222222222,0.043478260869565216
1.75,1.0,0.19047619047619047
1.0961538461538465,1.0178571428571428,0.07017543859649122
6.166666666666667,1.0,0.09009009009009009
1.1875,1.0363636363636364,0.12280701754385964
0.9523809523809524,1.0,0.05
1.3432835820895523,1.0344827586206895,0.1111111111111111
35.333333333333336,1.1157894736842104,0.12264150943396226
10.458333333333334,1.105726872246696,0.7888446215139442
1.2272727272727273,1.0,0.1111111111111111
1.4722222222222223,1.0192307692307692,0.09433962264150944
1.2714285714285714,1.0470588235294118,0.0898876404494382
1.7464788732394363,1.117117117117117,0.12903225806451613
1.0340909090909092,1.0224719101123596,0.3076923076923077
1.0,1.037037037037037,0.03571428571428571
51.5,1.4548022598870056,0.32815533980582523
3.227272727272727,1.0441176470588236,0.28169014084507044
3.8333333333333335,1.0147058823529411,0.11594202898550725
1.8888888888888888,1.1724137931034482,0.5
2.111111111111111,1.0,0.0
3.004672897196261,1.1143847487001732,0.1088646967340591
0.875,1.0,0.2857142857142857
1.2950819672131149,1.025974025974026,0.35443037974683544
1.2083333333333333,1.0,0.06896551724137931
187.75,1.8869346733668344,0.09320905459387484
8.0,1.0666666666666669,0.4375
79.5,1.1605839416058394,0.07547169811320754
54.0,1.125,0.05555555555555555
8.5,1.0,0.058823529411764705
6.333333333333333,1.0555555555555556,0.05263157894736842
1.5,1.0,0.0
14.25,1.0754716981132075,0.07017543859649122
0.5,1.0,0.0
21.0,1.0769230769230769,0.14285714285714285
35.0,1.09375,0.11428571428571428
11.666666666666666,1.0294117647058822,0.14285714285714285
37.0,1.1746031746031746,0.12162162162162163
2.0,1.0,0.25
7.0,1.0,1.0
0.5,1.0,1.0
2.0,1.0,1.0
13.0,1.0833333333333333,1.0
2.5,1.0,1.0
1.5384615384615383,1.0256410256410255,0.075
13.125,1.5578635014836797,0.10285714285714286
1.0,1.0,0.0
18.5,1.15625,0.13513513513513514
18.0,1.0,0.05555555555555555
22.25,1.816326530612245,0.0898876404494382
15.5,1.0333333333333334,0.0967741935483871
30.5,1.1296296296296295,0.06557377049180328
2.0,1.0,0.0
8.25,1.064516129032258,0.06060606060606061
10.0,1.0,0.15
10.25,1.0789473684210529,0.0975609756097561
14.0,1.0,0.03571428571428571
5.666666666666667,1.0,0.11764705882352941
90.53846153846152,1.581989247311828,0.08496176720475786
1.2450331125827814,1.0444444444444445,0.16489361702127658
2.610169491525424,1.0694444444444444,0.5194805194805194
15.666666666666666,1.146341463414634,0.10638297872340426
9.0,1.0,0.05555555555555555
8.333333333333334,1.0416666666666667,0.08
8.75,1.0606060606060606,0.08571428571428572
2.333333333333333,1.0,0.0
3.25,1.1304347826086956,0.07692307692307693
0.5,1.0,1.0
3.875,1.1071428571428572,0.0967741935483871
2.6194029850746268,1.173913043478261,0.09116809116809117
3.146067415730337,1.068702290076336,0.15714285714285714
2.750350631136045,1.1309111880046137,0.31055583885772564
4.488888888888889,1.050259965337955,0.19966996699669967
4.059602649006623,1.075438596491228,0.35073409461663946
3.142857142857143,1.0,0.10606060606060606
2.0,1.0,0.0
2.5869565217391304,1.017094017094017,0.1092436974789916
1.7142857142857142,1.0434782608695652,0.125
1.6017699115044248,1.011173184357542,0.292817679558011
1.8,1.0,0.2222222222222222
1.8064516129032255,1.0566037735849056,0.125
75.83333333333333,1.9296013570822728,0.09406593406593407
1.9230769230769231,1.1160714285714286,0.056
3.91875,1.1038732394366195,0.14513556618819776
1.5688073394495412,1.0754716981132075,0.08771929824561403
2.420560747663552,1.1935483870967742,0.14285714285714285
5.0,1.0869565217391304,0.06
235.625,2.053376906318083,0.1039787798408488
3.0588235294117645,1.04,0.09615384615384616
1.362068965517241,1.0533333333333332,0.569620253164557
1.202970297029703,1.051948051948052,0.2345679012345679
2.148936170212766,1.030612244897959,0.09900990099009901
4.8,1.1428571428571428,0.6666666666666666
1.3170731707317074,1.1020408163265305,0.12962962962962962
2.042553191489361,1.0158730158730158,0.10416666666666667
1.648148148148148,1.0113636363636365,0.12359550561797752
3.2222222222222223,1.0357142857142858,0.13793103448275862
1.3793103448275863,1.0344827586206895,0.1125
4.833333333333333,1.3716216216216215,0.08866995073891626
4.285714285714286,1.1538461538461535,0.1
3.135593220338983,1.1280487804878048,0.10810810810810811
2.3181818181818183,1.0251256281407035,0.10294117647058823
40.21875,2.9930232558139536,0.09557109557109557
2.0793650793650795,1.0826446280991735,0.10687022900763359
2.216867469879518,1.0165745856353592,0.08695652173913043
4.714285714285714,1.0879120879120878,0.17045454545454544
34.68292682926829,1.8515625,0.09317862165963432
1.649746192893401,1.0284810126582278,0.40615384615384614
485.0,2.3095238095238093,0.09003436426116838
1.6,1.0,0.10416666666666667
1.4426229508196722,1.0476190476190477,0.11363636363636363
17.833333333333332,2.283536585365854,0.1068090787716956
2.2758620689655173,1.064516129032258,0.3333333333333333
2.1333333333333333,1.0158730158730158,0.5
1.9054054054054053,1.0522388059701493,0.14893617021276595
0.8333333333333334,1.0,0.2
1.483221476510067,1.1105527638190955,0.31221719457013575
50.26086956521739,1.6633093525179856,0.1513840830449827
1.137931034482759,1.064516129032258,0.2727272727272727
1.0434782608695652,1.0,0.125
1.3333333333333333,1.0,0.0
1.0625,1.0625,0.3235294117647059
4.993939393939394,1.1030789825970548,0.0825242718446602
1.75,1.2727272727272727,0.14285714285714285
4.0,1.0,0.045454545454545456
5.178571428571429,1.4215686274509804,0.1724137931034483
5.826923076923077,1.086021505376344,0.10231023102310231
2.1780821917808217,1.1041666666666667,0.14465408805031446
1.5588235294117647,1.06,0.16981132075471697
1.1176470588235294,1.027027027027027,0.13157894736842105
2.619047619047619,1.0784313725490196,0.16363636363636364
3.1266666666666665,1.07816091954023,0.08742004264392324
2.571428571428572,1.267605633802817,0.06666666666666667
4.02,1.1355932203389831,0.8308457711442786
1.25,1.0,0.13333333333333333
1.0714285714285714,1.0,0.06666666666666667
132.11111111111111,1.7933634992458525,0.10176619007569386
4.333333333333333,1.04,0.15384615384615385
14.875,1.043859649122807,0.13445378151260504
1.8507462686567164,1.117117117117117,0.11290322580645161
1.7,1.0365853658536586,0.2
1.2878787878787878,1.0,0.3176470588235294
24.0,2.2641509433962264,0.058333333333333334
79.3125,2.004739336492891,0.14026792750197006
2.0930232558139537,1.2162162162162162,0.25555555555555554
1.793103448275862,1.0612244897959184,0.15384615384615385
1.238095238095238,1.0196078431372548,0.36538461538461536
10.704347826086956,1.121129326047359,0.19821283509341997
2.409090909090909,1.06,0.16981132075471697
1.8636363636363635,1.0,0.12195121951219512
4.654545454545454,1.1689497716894977,0.6484375
2.3,1.0176991150442478,0.14782608695652175
1.3414634146341464,1.0377358490566038,0.38181818181818183
0.75,1.0,0.3333333333333333
8.692307692307692,1.0660377358490567,0.4778761061946903
8.576923076923077,2.973333333333333,0.08071748878923767
1.7222222222222223,1.0333333333333334,0.1827956989247312
1.5555555555555556,1.12,0.42857142857142855
4.765625,1.1296296296296295,0.11475409836065574
4.87037037037037,1.100418410041841,0.8022813688212928
1.368421052631579,1.04,0.4230769230769231
2.186046511627907,1.0502793296089383,0.10638297872340426
2.375,1.0555555555555556,0.05263157894736842
15.25,1.967741935483871,0.11475409836065574
1.372093023255814,1.0,0.4745762711864407
1.1333333333333333,1.0,0.17647058823529413
1.6341463414634143,1.0075187969924813,0.16417910447761194
4.537037037037037,1.0381355932203389,0.07755102040816327
0.8888888888888888,1.0256410256410255,0.625
2.511904761904762,1.0,0.16113744075829384
1.813953488372093,1.0263157894736843,0.5384615384615384
2.25,1.0344827586206895,0.16111111111111112
2.1379310344827585,1.0763888888888888,0.16451612903225807
1.5125,1.0614035087719298,0.4214876033057851
1.2394366197183098,1.0476190476190477,0.5340909090909091
7.346534653465347,1.052482269503546,0.09299191374663072
1.441860465116279,1.1071428571428572,0.24193548387096775
1.7714285714285714,1.008130081300813,0.18548387096774194
1.7734375,1.2752808988764044,0.2511013215859031
1.8951048951048952,1.0304182509505704,0.13284132841328414
1.4324324324324325,1.0,0.09433962264150944
0.8333333333333334,1.0,0.0
1.3928571428571428,1.0833333333333333,0.1282051282051282
2.1379310344827585,1.0,0.14516129032258066
1.3846153846153846,1.1612903225806452,0.2222222222222222
2.0408163265306123,1.1764705882352942,0.12
1.6666666666666667,1.0810810810810811,0.175
1.3928571428571428,1.0129870129870129,0.0641025641025641
1.0833333333333333,1.0263157894736843,0.07692307692307693
1.1944444444444444,1.0,0.09302325581395349
1.0,1.0,0.25
39.66666666666666,1.101851851851852,1.0
1.3333333333333333,1.0,0.0
3.112676056338028,1.027906976744186,0.09502262443438914
2.625,1.0,1.0
1.4444444444444444,1.0,0.15384615384615385
15.11111111111111,1.1239669421487604,0.9705882352941176
11.0,2.3157894736842106,0.25
1.878787878787879,1.0689655172413792,0.11290322580645161
0.84375,1.08,0.37037037037037035
13.625,2.0185185185185186,0.14678899082568808
3.0,1.05,0.047619047619047616
68.0,1.2592592592592593,0.11764705882352941
4.555555555555555,1.0789473684210529,0.07317073170731707
3.375,1.08,0.07407407407407407
2.0625,1.03125,0.45454545454545453
4.6,1.15,0.043478260869565216
1.5555555555555556,1.12,0.14285714285714285
1.7777777777777777,1.103448275862069,0.1875
153.0,1.224,0.08496732026143791
0.7692307692307693,1.0,1.0
3.0,1.0,0.0
2.0,1.0,1.0
2.0,1.0,0.0
1.0,1.0,0.0
9.0,1.0,0.1111111111111111
25.0,1.020408163265306,0.02
9.0,1.125,0.1111111111111111
2.0,1.0,0.0
2.5,1.0,0.0
13.0,1.0833333333333333,0.07692307692307693
2.6666666666666665,1.0,0.25
130.0,1.0483870967741935,0.05384615384615385
32.0,1.032258064516129,0.0625
2.333333333333333,1.0,0.0
47.0,1.0930232558139534,0.0851063829787234
7.5,1.0714285714285714,0.13333333333333333
1.6666666666666667,1.25,0.2
8.0,1.0,0.125
2.0,1.0,0.25
6.0,1.0,0.08333333333333333
1.0,1.0,0.0
54.0,1.0384615384615383,0.09259259259259259
13.666666666666666,1.1714285714285717,0.07317073170731707
3.0,1.0,0.0
2.0,1.0,0.0
3.5,1.1666666666666667,0.2857142857142857
4.0,1.0,0.125
11.0,1.0,0.0
21.5,2.8666666666666667,0.06976744186046512
3.0,1.0,0.16666666666666666
4.0,1.0,0.0
108.0,1.3846153846153846,0.09722222222222222
2.0,1.0,0.0
4.666666666666667,1.0769230769230769,0.07142857142857142
12.666666666666666,1.0,0.07894736842105263
3.6666666666666665,1.1,0.09090909090909091
12.4,1.0163934426229508,0.12903225806451613
5.75,1.0454545454545454,0.08695652173913043
15.5,1.0333333333333334,0.22580645161290322
33.5,1.425531914893617,0.1044776119402985
16.333333333333332,1.0208333333333333,0.08163265306122448
12.0,1.1428571428571428,0.20833333333333334
15.666666666666666,1.146341463414634,0.14893617021276595
2.0,1.0,0.0
13.0,1.0,0.038461538461538464
1.0,1.0,0.0
31.0,1.0333333333333334,0.12903225806451613
10.0,1.4285714285714286,0.0
1.0,1.0,0.0
15.0,1.0714285714285714,0.13333333333333333
15.75,1.0161290322580645,0.07936507936507936
1.0,1.0,0.0
56.0,1.2173913043478262,0.08928571428571429
1.5,1.0,0.0
12.5,1.1904761904761905,0.0
5.0,1.1111111111111112,1.0
12.333333333333334,1.2333333333333334,1.0
1.6666666666666667,1.0,1.0
19.0,1.0,0.05263157894736842
8.0,1.0,0.125
1.375,1.0,0.09090909090909091
19.0,2.235294117647059,0.02631578947368421
101.0,1.7719298245614037,0.06930693069306931
68.0,1.096774193548387,0.08823529411764706
4.0,1.0,1.0
20.75,1.077922077922078,0.9879518072289156
6.833333333333333,1.0789473684210529,1.0
10.25,1.0,1.0
6.0,1.0,1.0
16.5,1.2222222222222223,1.0
39.0,1.21875,0.05128205128205128
4.75,1.0,0.9473684210526315
2.5,1.0,1.0
13.0,1.0833333333333333,0.15384615384615385
2.0,1.0,1.0
2.0,1.0,1.0
9.0,1.0588235294117647,0.9444444444444444
4.166666666666667,1.0,1.0
3.5,1.0,0.14285714285714285
7.0,1.0,1.0
1.0,1.0,1.0
2.0,1.0,1.0
10.38095238095238,1.5138888888888888,0.11009174311926606
85.85714285714286,2.3568627450980397,0.08485856905158069
1.5,1.105263157894737,0.19047619047619047
3.2857142857142856,1.5333333333333334,0.2826086956521739
2.1538461538461537,1.2523961661341854,0.10459183673469388
3.8333333333333335,2.090909090909091,0.09782608695652174
1.1538461538461535,1.0,0.06666666666666667
1.5486725663716814,1.0479041916167664,0.3485714285714286
1.7755102040816326,1.2083333333333333,0.47126436781609193
42.5,1.9318181818181817,0.08235294117647059
64.85714285714286,2.389473684210526,0.06828193832599119
1.4,1.2173913043478262,0.10714285714285714
35.666666666666664,1.9107142857142856,0.13551401869158877
56.0,2.571428571428572,0.10317460317460317
1.9910714285714288,1.1614583333333333,0.2242152466367713
2.2972972972972974,1.2878787878787878,0.10588235294117647
1.0416666666666667,1.1904761904761905,0.16
1.3448275862068966,1.054054054054054,0.05128205128205128
1.3636363636363635,1.0344827586206895,0.06666666666666667
3.588235294117647,1.2534246575342465,0.24043715846994534
2.2058823529411766,1.1111111111111112,0.26
2.159090909090909,1.0614525139664803,0.09473684210526316
1.4772727272727273,1.1711711711711712,0.26153846153846155
2.0,1.0769230769230769,0.6428571428571429
1.9444444444444444,1.25,0.2
1.7941176470588236,1.2448979591836735,0.18032786885245902
1.1428571428571428,1.032258064516129,0.078125
1.425531914893617,1.3673469387755102,0.19402985074626866
20.166666666666668,2.781609195402299,0.09090909090909091
3.44,1.1025641025641026,0.09302325581395349
154.6,3.420353982300885,0.08796895213454076
25.63235294117647,2.515151515151515,0.20252438324727481
1.5,1.1065573770491803,0.1259259259259259
2.3440860215053765,1.184782608695652,0.27522935779816515
17.4,1.4745762711864407,0.2260536398467433
5.416666666666667,2.4074074074074074,0.19230769230769232
1.4782608695652173,1.1929824561403508,0.3235294117647059
2.391566265060241,1.1608187134502923,0.1889168765743073
6.090909090909091,1.8611111111111112,0.19402985074626866
1.434782608695652,1.053191489361702,0.06060606060606061
2.5,1.3793103448275863,0.225
3.4,1.1740331491712708,0.08235294117647059
1.391304347826087,1.0,0.125
1.7777777777777777,1.0666666666666669,0.125
9.428571428571429,2.0,0.09090909090909091
12.6,2.423076923076923,0.19047619047619047
7.538461538461538,1.5555555555555556,0.09183673469387756
3.3870967741935485,1.2650602409638554,0.14285714285714285
2.0,1.0588235294117647,0.05555555555555555
1.621212121212121,1.0918367346938775,0.4392523364485981
1.6989247311827955,1.089655172413793,0.0759493670886076
2.298507462686567,1.1578947368421053,0.11688311688311688
67.18181818181819,1.9396325459317585,0.09336941813261164
3.0422535211267605,1.542857142857143,0.18055555555555555
5.2105263157894735,1.65,0.11784511784511785
15.194444444444445,1.5279329608938548,0.11151736745886655
3.272727272727273,1.44,0.08333333333333333
4.428571428571429,1.631578947368421,0.23387096774193547
1.0454545454545454,1.0454545454545454,0.17391304347826086
20.727272727272727,2.235294117647059,0.09210526315789473
1.5172413793103448,1.0,0.06818181818181818
0.9230769230769232,1.0,0.25
1.0,1.0,0.0
8.88888888888889,2.5806451612903225,0.1625
2.740740740740741,1.4509803921568627,0.08108108108108109
1.137931034482759,1.03125,0.06060606060606061
1.0476190476190477,1.1578947368421053,0.09090909090909091
9.875,1.4720496894409938,0.0970464135021097
1.6578947368421053,1.6153846153846154,0.30158730158730157
1.6285714285714286,1.2302158273381294,0.10526315789473684
2.25,1.0588235294117647,0.08333333333333333
2.4444444444444446,1.4666666666666666,0.18181818181818182
8.466666666666667,2.351851851851852,0.11023622047244094
6.066666666666666,1.467741935483871,0.25274725274725274
2.185185185185185,1.2291666666666667,0.1271186440677966
26.057142857142857,2.054054054054054,0.09649122807017543
1.4285714285714286,1.1764705882352942,0.45
1.1428571428571428,1.0,0.0
1.5,1.170731707317073,0.2916666666666667
72.33333333333333,1.5667870036101084,0.08525345622119816
33.0,1.925,0.1038961038961039
5.222222222222222,2.611111111111111,0.09219858156028368
209.0,1.1297297297297295,0.33014354066985646
5.2682926829268295,2.571428571428572,0.09722222222222222
2.25,1.0384615384615383,0.2962962962962963
5.235294117647059,1.2535211267605637,0.30337078651685395
7.875,1.431818181818182,0.1111111111111111
8.6,2.388888888888889,0.11627906976744186
2.4166666666666665,2.4166666666666665,0.034482758620689655
1.2307692307692308,1.0666666666666669,0.0
11.6,2.5217391304347827,0.1206896551724138
92.0,1.803921568627451,0.09782608695652174
15.75,1.575,0.1111111111111111
18.857142857142858,2.23728813559322,0.12121212121212122
6.833333333333333,3.1538461538461537,0.12195121951219512
21.0,1.9090909090909087,0.09523809523809523
20.0,2.857142857142857,0.15
7.0,1.4583333333333333,0.08571428571428572
7.466666666666667,3.294117647058824,0.1875
47.0,3.0,0.18439716312056736
15.833333333333334,1.507936507936508,0.09473684210526316
7.25,1.7575757575757576,0.1206896551724138
7.714285714285714,1.8,0.09259259259259259
7.666666666666667,2.875,0.0
1.9,1.5833333333333333,0.15789473684210525
63.0,1.75,0.1111111111111111
29.0,2.1481481481481484,0.05172413793103448
21.25,1.3709677419354838,0.08235294117647059
2.0,1.0,0.0
5.833333333333333,2.8,0.08571428571428572
5.5,2.0,0.11363636363636363
3.909090909090909,1.6538461538461535,0.06976744186046512
121.0,1.890625,0.05785123966942149
12.0,1.5,0.16666666666666666
94.0,1.7735849056603774,0.09574468085106383
1.0,1.0,0.0
0.8333333333333334,1.0,1.0
3.333333333333333,1.0,1.0
1.0,1.0,0.0
1.0,1.2,1.0
15.68421052631579,1.2844827586206895,0.09731543624161074
20.0,1.1764705882352942,0.25
45.66666666666666,2.014705882352941,0.0948905109489051
1.0,1.0,0.0
7.5,1.0714285714285714,0.0
38.0,1.6888888888888889,0.13157894736842105
7.0,1.0,0.0
1.2857142857142858,1.0,1.0
1.0,1.0,1.0
16.666666666666668,1.020408163265306,0.98
3.25,1.4444444444444444,1.0
7.0,1.0,1.0
1.0,1.0,1.0
1.0,1.0,1.0
1.0,1.0,1.0
13.0,1.181818181818182,1.0
1.7457627118644068,1.1573033707865168,0.11650485436893204
1.4,1.0,0.19047619047619047
4.717948717948718,1.2266666666666666,0.10326086956521739
1.0,1.0,0.0
0.8888888888888888,1.0,0.0
1.0517241379310345,1.0701754385964912,0.3442622950819672
0.8,1.0,0.25
1.5416666666666667,1.0571428571428572,0.6486486486486487
1.1304347826086956,1.0,0.23076923076923078
1.6666666666666667,1.0576923076923077,0.14545454545454545
1.0,1.0344827586206895,0.16666666666666666
1.0,1.0,0.0
44.6,3.6557377049180326,0.06726457399103139
1.4444444444444444,1.3,0.07692307692307693
2.5,1.25,0.0
9.857142857142858,1.1896551724137931,0.08695652173913043
35.4,1.3937007874015748,0.07909604519774012
36.6,1.4076923076923078,0.06557377049180328
8.5,1.0625,0.11764705882352941
15.75,1.105263157894737,0.06349206349206349
5.666666666666667,1.0303030303030305,0.029411764705882353
5.333333333333333,1.0,0.0
1.0,1.0,0.0
2.5,1.0714285714285714,0.8
1.6666666666666667,1.0,0.13333333333333333
1.6526315789473685,1.319327731092437,0.18471337579617833
1.6153846153846154,1.135135135135135,0.1111111111111111
1.1176470588235294,1.1875,0.05263157894736842
2.7045454545454546,1.367816091954023,0.2689075630252101
1.813953488372093,1.238095238095238,0.1794871794871795
2.5,1.1764705882352942,0.375
1.181818181818182,1.0833333333333333,0.07692307692307693
1.318181818181818,1.2083333333333333,0.0
1.088235294117647,1.0277777777777777,0.08108108108108109
3.0,2.423076923076923,0.15873015873015872
1.8571428571428568,1.181818181818182,0.07692307692307693
2.2777777777777777,1.2551020408163265,0.33739837398373984
15.5,1.631578947368421,0.12903225806451613
2.2222222222222223,1.1111111111111112,0.1
1.875,1.1538461538461535,0.13333333333333333
3.4,1.0,0.058823529411764705
2.1333333333333333,1.2307692307692308,0.0625
2.125,1.02,0.11764705882352941
12.5,1.3888888888888888,0.17
20.166666666666668,2.372549019607843,0.12396694214876033
4.035714285714286,1.2840909090909092,0.05309734513274336
1.0,1.0,0.0
2.0,1.0,0.0
1.0,1.0,0.0
160.0,2.191780821917808,0.0875
2.363636363636364,1.625,0.07692307692307693
2.4,1.5,0.0
1.6666666666666667,1.1111111111111112,0.1
1.6666666666666667,1.0,0.2
1.1428571428571428,1.0666666666666669,0.0625
2.8666666666666667,1.5925925925925926,0.046511627906976744
2.571428571428572,1.5,0.16666666666666666
0.5,1.0,1.0
1.0,1.0,1.0
7.0,1.1666666666666667,0.21428571428571427
7.0,1.75,0.0
0.8333333333333334,1.0,1.0
31.0,1.4090909090909092,0.04838709677419355
13.153846153846152,1.9213483146067416,0.1111111111111111
6.0,1.0,1.0
4.333333333333333,1.0,0.0
2.0,1.0,0.0
0.75,1.0,0.3333333333333333
9.75,2.888888888888889,0.1794871794871795
1.25,1.0,0.0
1.1458333333333333,1.0185185185185186,0.23636363636363636
0.6666666666666666,1.0,0.5
1.3,1.0,0.07692307692307693
0.875,1.0,0.14285714285714285
1.0454545454545454,1.15,0.4434782608695652
1.1,1.2222222222222223,0.09090909090909091
247.0,1.1227272727272728,0.08906882591093117
51.285714285714285,1.7342995169082125,0.08913649025069638
503.0,2.8908045977011496,0.1073558648111332
280.0,1.0727969348659003,0.11428571428571428
3.3461538461538463,1.4262295081967211,0.13793103448275862
67.57142857142857,1.9227642276422765,0.13107822410147993
0.9130434782608696,1.0,0.2857142857142857
11.416666666666666,1.5930232558139534,0.13138686131386862
1.0859375,1.0296296296296297,0.2158273381294964
2.0625,1.736842105263158,0.15151515151515152
2.289473684210526,2.1219512195121952,0.09195402298850575
1.1428571428571428,1.0434782608695652,0.375
127.0,1.1841491841491842,0.11220472440944881
0.75,1.0,0.6666666666666666
293.5,1.1288461538461538,0.09880749574105621
2.3545454545454545,1.2451923076923077,0.583011583011583
1.4,1.75,0.12857142857142856
1.8571428571428568,1.0,0.15384615384615385
1.3333333333333333,1.0,0.125
0.9423076923076924,1.225,0.7551020408163265
0.9,1.0,0.0
4.875,1.054054054054054,0.07692307692307693
28.4,1.0518518518518518,0.09859154929577464
0.7931034482758621,1.0,0.8260869565217391
1.3333333333333333,1.077720207253886,0.18269230769230768
1.862068965517241,1.0588235294117647,0.1111111111111111
1.0,1.0,0.0
34.25,2.014705882352941,0.0948905109489051
2.9411764705882355,1.351351351351351,0.36
1.683794466403162,1.1576086956521738,0.24178403755868544
52.0,1.0947368421052632,0.5817307692307693
2.421052631578948,1.022222222222222,0.10869565217391304
0.7916666666666666,1.0555555555555556,0.42105263157894735
582.0,2.3095238095238093,0.0859106529209622
0.5,1.0,0.0
1.24,1.0333333333333334,0.12903225806451613
136.0,1.8888888888888888,0.12867647058823528
1.161764705882353,1.082191780821918,0.20253164556962025
1.1666666666666667,1.0,0.14285714285714285
333.3333333333333,2.493765586034913,0.097
1.5789473684210529,1.3636363636363635,0.16666666666666666
1.0,1.0,0.5
1.0,1.0,1.0
22.166666666666668,2.955555555555556,0.12030075187969924
1.2142857142857142,1.0625,0.23529411764705882
0.7272727272727273,1.0,0.5625
52.0,1.6595744680851063,0.12179487179487179
1.5,1.0,0.3333333333333333
2.142857142857143,1.0,0.13333333333333333
21.63636363636364,1.762962962962963,0.23529411764705882
1.0,1.0714285714285714,0.5555555555555556
1.1666666666666667,1.0,0.5714285714285714
5.0,1.88,0.10638297872340426
0.75,1.0,0.0
0.8333333333333334,1.0,0.6
699.3333333333334,1.549483013293944,0.09342230695900858
7.625,1.0517241379310345,0.08196721311475409
33.38461538461539,1.6692307692307693,0.26036866359447003
132.125,1.314676616915423,0.09366130558183539
126.33333333333331,1.6919642857142858,0.09498680738786279
2.175,1.1012658227848102,0.6781609195402298
1.4,1.0,0.09523809523809523
1.0,1.0,0.0
1.608695652173913,1.121212121212121,0.10810810810810811
2.5384615384615383,1.015384615384615,0.07575757575757576
1.2933333333333332,1.065934065934066,0.25773195876288657
43.6,1.6577946768060836,0.3830275229357798
1.0,1.0,0.09090909090909091
1.0,1.0689655172413792,0.3870967741935484
102.0,1.111716621253406,0.07598039215686274
1.5072463768115942,1.1954022988505748,0.34615384615384615
1.0714285714285714,1.0273972602739727,0.18666666666666668
35.083333333333336,3.250965250965251,0.10451306413301663
102.66666666666669,1.5172413793103448,0.09693877551020408
1.0,1.0,0.75
743.0,1.47713717693837,0.09286675639300135
1.0769230769230769,1.0769230769230769,0.2857142857142857
1.079268292682927,1.0350877192982455,0.3672316384180791
258.3333333333333,1.2282091917591125,0.10580645161290322
40.333333333333336,1.9836065573770487,0.0743801652892562
3.9,1.0833333333333333,0.07692307692307693
1.411764705882353,1.0,0.041666666666666664
111.6,1.696048632218845,0.07526881720430108
247.0,1.0600858369098711,0.10526315789473684
1.1176470588235294,1.0555555555555556,0.15789473684210525
30.31578947368421,2.117647058823529,0.09375
37.9375,1.4591346153846154,0.09555189456342669
39.0,1.0263157894736843,0.07692307692307693
1.0,1.0,0.0
3.5,1.1666666666666667,0.14285714285714285
1.0,1.0,0.0
6.5,1.0,0.15384615384615385
1.0,1.0,0.0
3.0,1.5,0.0
87.0,1.6730769230769231,0.05747126436781609
3.0,1.0,0.0
19.5,1.1470588235294117,0.07692307692307693
2.0,1.0,0.0
3.7,1.4509803921568627,0.14864864864864866
26.5,1.4722222222222223,0.09433962264150944
1.5,1.0,0.0
18.714285714285715,1.9848484848484849,0.061068702290076333
52.5,1.9444444444444444,0.1
1.8,1.125,0.0
2.1578947368421053,1.64,0.1951219512195122
6.555555555555555,1.9666666666666663,0.1694915254237288
1.5,1.0,0.0
39.0,3.1621621621621623,0.1282051282051282
1.7,1.1333333333333333,0.23529411764705882
36.0,2.0,0.16666666666666666
1.6,1.0,0.125
1.0,1.0,0.0
2.5,1.0,0.0
1.0,1.0,1.0
1.0,1.0,0.0
30.75,2.196428571428572,0.0975609756097561
1.3333333333333333,1.0909090909090908,0.16666666666666666
6.0,1.875,0.13333333333333333
19.2,1.7454545454545454,0.07291666666666667
1.2173913043478262,1.1666666666666667,0.14285714285714285
0.8,1.0,0.0
53.0,2.1780821917808217,0.1069182389937107
1.368421052631579,1.04,0.23076923076923078
2.8181818181818183,2.583333333333333,0.25806451612903225
6.5,3.25,0.23076923076923078
2.333333333333333,1.0769230769230769,0.07142857142857142
5.6,1.5555555555555556,0.10714285714285714
15.0,2.857142857142857,0.13333333333333333
1.25,1.0,0.0
1.0,1.0,0.0
21.5,1.4827586206896552,0.21705426356589147
63.0,1.9090909090909087,0.047619047619047616
6.25,2.083333333333333,0.1
1.0,1.0,0.14285714285714285
40.42857142857143,2.3781512605042017,0.10954063604240283
25.857142857142858,1.946236559139785,0.1878453038674033
24.0,1.411764705882353,0.125
42.0,1.05,0.07142857142857142
2.0,1.0,0.0
6.0,1.2,0.08333333333333333
2.5,1.25,0.0
2.0,1.0,0.0
11.5,1.7692307692307692,0.08695652173913043
10.0,1.6666666666666667,0.1
1.0,1.0,0.0
0.5,1.0,0.0
62.0,1.2653061224489797,0.0967741935483871
26.5,1.358974358974359,0.1320754716981132
17.0,1.8888888888888888,0.08823529411764706
2.0,1.0,0.0
1.2,2.0,0.16666666666666666
3.0,1.0,0.0
1.0,1.0,0.0
52.0,1.0263157894736843,0.07051282051282051
1.0,1.0,0.0
21.0,1.0,0.14285714285714285
5.0,1.0,0.0
26.0,1.0,0.15384615384615385
1.5,1.0,0.0
2.0,1.0,0.0
1.0,1.0,0.0
1.0,1.0,0.0
5.5,1.2222222222222223,0.09090909090909091
1.3333333333333333,1.0,0.0
1.0,1.0,0.0
1.0,1.0,0.0
2.5,1.0,0.2
2.75,1.0,0.18181818181818182
1.0,1.0,0.0
1.5,1.0,0.0
3.6666666666666665,1.0,0.09090909090909091
4.0,1.0,0.0
25.0,1.0,0.08
1.0,1.0,0.0
3.5,1.0,0.0
2.0,1.0,0.0
12.0,1.0,0.16666666666666666
2.0,1.0,0.0
1.3333333333333333,1.0,0.0
7.0,1.0,0.14285714285714285
2.0,1.0,0.0
1.0,1.0,0.0
1.0,1.0,0.0
10.0,1.4285714285714286,0.0
1.0,1.0,0.0
2.0,1.0,0.0
1.0,1.0,0.0
2.0,1.0,0.0
3.6666666666666665,1.0,1.0
200.5,1.0750670241286864,0.08728179551122195
38.0,1.0,0.13157894736842105
28.0,1.8666666666666667,0.03571428571428571
1.0,1.0,0.0
5.0,1.0,0.0
17.0,1.0,0.058823529411764705
1.0,1.0,0.0
1.5833333333333333,1.4615384615384617,0.15789473684210525
24.0,3.0,0.14583333333333334
1.0,1.0,0.0
56.0,1.4736842105263157,0.125
2.0,1.0,0.0
2.0,1.3333333333333333,0.0
3.875,1.4090909090909092,0.0967741935483871
1.0,1.0,1.0
0.5,1.0,1.0
1.0,1.0,1.0
1.0,1.0,1.0
2.5,1.0,0.8
6.0,1.0,1.0
2.833333333333333,1.1333333333333333,1.0
2.0,1.0,1.0
3.7142857142857135,1.0833333333333333,1.0
1.0,1.0,1.0
1.7727272727272727,1.1142857142857143,0.10256410256410256
1.032258064516129,1.0666666666666669,0.0625
50.92857142857143,1.832904884318766,0.2959326788218794
135.0,1.3917525773195876,0.0962962962962963
1.7755102040816326,1.2428571428571429,0.13793103448275862
1.68,1.0769230769230769,0.07142857142857142
0.9565217391304348,1.0476190476190477,0.045454545454545456
73.0,2.83495145631068,0.0958904109589041
100.5,2.716216216216216,0.12189054726368159
2.933333333333333,1.1578947368421053,0.5909090909090909
9.87037037037037,1.6349693251533743,0.11069418386491557
1.8888888888888888,1.2142857142857142,0.058823529411764705
2.583333333333333,1.0689655172413792,0.6451612903225806
1.0,1.0333333333333334,0.0967741935483871
1.2727272727272727,1.1666666666666667,0.2857142857142857
1.0961538461538465,1.0,0.22807017543859648
0.9130434782608696,1.05,0.23809523809523808
1.0289855072463767,1.2033898305084745,0.08450704225352113
9.22222222222222,1.360655737704918,0.12048192771084337
0.9428571428571428,1.1,0.12121212121212122
0.5,1.0,0.3333333333333333
22.25,1.6920152091254752,0.13258426966292136
1.4022346368715084,1.3210526315789477,0.22709163346613545
2.015625,1.1517857142857142,0.07751937984496124
6.243243243243243,1.686131386861314,0.07792207792207792
3.442857142857143,1.0855855855855856,0.7344398340248963
3.1724137931034484,1.2266666666666666,0.6739130434782609
0.925925925925926,1.0,0.08
1.0,1.0769230769230769,0.21428571428571427
20.857142857142858,2.8076923076923075,0.07534246575342465
1.2333333333333334,1.0571428571428572,0.24324324324324326
2.230769230769231,1.2083333333333333,0.13793103448275862
1.1578947368421053,1.0,0.22727272727272727
14.34375,2.5786516853932584,0.11764705882352941
1.2307692307692308,1.0389610389610389,0.2375
35.03846153846154,2.0657596371882088,0.1119648737650933
43.66666666666666,2.637583892617449,0.09414758269720101
0.7368421052631579,1.0,0.07142857142857142
1.853658536585366,1.1343283582089552,0.75
3.25,1.793103448275862,0.07692307692307693
1.5555555555555556,1.2727272727272727,0.17857142857142858
2.4444444444444446,1.1578947368421053,0.12121212121212122
3.548387096774193,1.1827956989247312,0.42727272727272725
1.1272727272727272,1.24,0.16129032258064516
65.44444444444444,2.6772727272727272,0.14261460101867574
2.769230769230769,1.0588235294117647,0.12037037037037036
4.928571428571429,1.2321428571428572,0.043478260869565216
12.0,1.0,0.16666666666666666
1.6222222222222222,1.106060606060606,0.3013698630136986
1.2666666666666666,1.0,0.10526315789473684
13.5,1.08,0.07407407407407407
60.0,2.142857142857143,0.09166666666666666
2.2222222222222223,1.0526315789473684,0.15
21.571428571428573,1.3422222222222222,0.12582781456953643
8.2,1.28125,0.17073170731707318
176.75,3.31924882629108,0.09193776520509193
35.0,1.7073170731707317,0.11428571428571428
40.76923076923077,2.623762376237624,0.12264150943396226
15.238095238095235,1.763085399449036,0.115625
2.4444444444444446,1.0,0.22727272727272727
1.0,1.0,0.05263157894736842
1.2,1.2413793103448276,0.2222222222222222
32.90909090909091,1.5947136563876652,0.11602209944751381
20.25,1.125,0.13580246913580246
5.071428571428571,1.4639175257731958,0.16901408450704225
1.5517241379310345,1.1538461538461535,0.06666666666666667
2.28,1.0555555555555556,0.45614035087719296
1.0,1.0,0.0
42.5,1.7,0.09411764705882353
2.555555555555556,1.0454545454545454,0.45652173913043476
7.142857142857143,1.0471204188481675,0.855
1.0,1.0,0.3333333333333333
32.5,2.2413793103448274,0.06923076923076923
91.5,2.316455696202532,0.1366120218579235
2.0,1.125,0.5555555555555556
2.5,1.0,0.0
2.0,1.1428571428571428,0.0625
1.4,1.09375,0.08571428571428572
3.388888888888889,1.3863636363636365,0.11475409836065574
1.625,1.04,0.2692307692307692
2.4615384615384617,1.5238095238095235,0.15625
3.6666666666666665,1.1,0.6363636363636364
8.25,1.7837837837837838,0.10606060606060606
1.7,1.0,0.17647058823529413
2.555555555555556,1.069767441860465,0.15217391304347827
2.0625,1.375,0.24242424242424243
1.3,1.181818181818182,0.23076923076923078
4.0,1.0,1.0
1.4166666666666667,1.0625,0.29411764705882354
20.5,1.7826086956521738,0.12195121951219512
2.0588235294117645,1.75,0.11428571428571428
127.0,2.081967213114754,0.14960629921259844
2.0,1.0,0.07142857142857142
3.636363636363636,1.1764705882352942,0.175
2.0,1.3333333333333333,0.5
4.0,1.7777777777777777,0.125
280.0,3.294117647058824,0.12142857142857143
4.32,3.176470588235294,0.10185185185185185
1.6,1.1428571428571428,0.041666666666666664
1.5,1.0,0.3333333333333333
9.0,1.2857142857142858,0.1111111111111111
14.333333333333334,1.1025641025641026,0.06976744186046512
21.5,1.1025641025641026,0.06976744186046512
35.0,1.0606060606060606,0.05714285714285714
4.0,1.0,0.25
46.0,1.9166666666666667,0.10869565217391304
26.5,2.25531914893617,0.07547169811320754
79.0,1.5490196078431373,0.11392405063291139
58.0,1.8125,0.09482758620689655
10.0,1.0,0.2
1.0,1.0,0.0
42.5,1.3934426229508197,0.10588235294117647
1.0,1.0,0.0
73.0,1.1587301587301588,0.0547945205479452
18.0,2.0,0.05555555555555555
1.0,1.0,0.0
4.0,1.0666666666666669,0.0
2.5,1.0,0.0
7.0,1.5555555555555556,0.07142857142857142
9.0,1.2857142857142858,0.0
91.0,2.45945945945946,0.12087912087912088
3.0,1.0,0.0
1.0,1.0,1.0
1.5,1.0,1.0
5.666666666666667,1.2142857142857142,1.0
2.0,1.0,1.0
2.5,1.0,1.0
2.0,1.0,1.0
601.0,2.6244541484716155,0.07154742096505824
73.8,2.476510067114094,0.07588075880758807
30.61904761904762,2.783549783549784,0.1057542768273717
9.291390728476822,2.806,0.1525302922309337
1.6363636363636365,1.1612903225806452,0.3333333333333333
104.0,2.5161290322580645,0.0673076923076923
1.4508196721311477,1.2826086956521738,0.4180790960451977
1.9268292682926829,1.4363636363636365,0.2911392405063291
1.4390243902439024,1.0925925925925926,0.1864406779661017
0.9090909090909092,1.1111111111111112,0.2
1.761904761904762,1.2333333333333334,0.10810810810810811
1.064516129032258,1.1785714285714286,0.48484848484848486
3.5,1.0980392156862746,0.19642857142857142
2.231746031746032,1.4989339019189765,0.09815078236130868
21.428571428571427,1.4285714285714286,0.11333333333333333
132.33333333333334,2.962686567164179,0.0982367758186398
1.8,1.125,0.1111111111111111
1.4285714285714286,1.351351351351351,0.34
1.7454545454545454,1.411764705882353,0.4166666666666667
2.1666666666666665,1.0833333333333333,0.75
2.3125,1.608695652173913,0.13513513513513514
1.3333333333333333,1.0,0.5
1.3333333333333333,1.0,0.125
0.8888888888888888,1.3333333333333333,0.125
5.166666666666667,1.7222222222222223,0.16129032258064516
1.2857142857142858,2.25,0.0
3.727272727272727,1.8636363636363635,0.0975609756097561
5.0,1.1538461538461535,0.13333333333333333
2.0,1.0,0.0
4.666666666666667,1.3333333333333333,0.6785714285714286
1.625,1.368421052631579,0.15384615384615385
6.25,2.631578947368421,0.02
2.0,1.625,0.07692307692307693
1.0,1.6666666666666667,0.0
1.5,1.0,0.0
2.6666666666666665,1.4545454545454546,0.25
0.6666666666666666,1.0,0.0
2.090909090909091,1.2105263157894737,0.21739130434782608
2.0,2.0,1.0
1.0,1.0,0.5
1.8888888888888888,1.2592592592592593,0.058823529411764705
20.33333333333333,1.7681159420289856,0.09016393442622951
1.5,1.0,0.1111111111111111
8.0,3.4285714285714284,0.20833333333333334
1.0769230769230769,1.0769230769230769,0.35714285714285715
1.95,1.0833333333333333,0.07692307692307693
20.33333333333333,2.5416666666666665,0.16393442622950818
4.785714285714286,1.3673469387755102,0.1044776119402985
36.0,2.769230769230769,0.10185185185185185
79.0,2.46875,0.10126582278481013
1.1666666666666667,1.1666666666666667,0.2857142857142857
1.0,1.0,0.0
1.0,1.1428571428571428,0.25
1.8,1.125,0.2222222222222222
8.166666666666666,1.8148148148148149,0.08163265306122448
40.0,2.857142857142857,0.1125
2.6923076923076925,1.5909090909090908,0.11428571428571428
17.666666666666668,1.827586206896552,0.1320754716981132
11.0,1.5714285714285714,0.09090909090909091
0.5,1.0,1.0
0.8,1.0,0.0
0.8,1.0,0.5
4.375,1.25,0.05714285714285714
5.428571428571429,1.2666666666666666,0.02631578947368421
1.4,1.4,0.0
2.0,1.1428571428571428,0.0625
1.2222222222222223,1.2222222222222223,0.0
3.333333333333333,1.1764705882352942,0.6
5.6,1.4,0.14285714285714285
2.0,1.0,0.05555555555555555
1.5555555555555556,2.0,0.0
178.0,2.696969696969697,0.08426966292134831
0.6666666666666666,1.0,0.0
105.0,2.234042553191489,0.08571428571428572
62.0,1.530864197530864,0.07258064516129033
9.0,1.2162162162162162,0.06666666666666667
1.0,1.0,0.0
9.0,1.125,0.0
1.0,1.0,0.0
1.0,1.0,0.0
2.0,1.0,0.0
4.0,1.0,0.0
15.5,1.9375,0.06451612903225806
179.0,2.5211267605633805,0.10614525139664804
2.0,1.0,1.0
1.0,1.0,0.5
1.326530612244898,1.2621359223300972,0.1076923076923077
2.0,1.0,0.0
6.842105263157895,1.7567567567567568,0.1076923076923077
0.8888888888888888,1.0,0.25
4.75,1.1875,0.05263157894736842
1.7173913043478262,1.2741935483870968,0.13924050632911392
1.818181818181818,1.4545454545454546,0.375
1.5172413793103448,1.5714285714285714,0.11363636363636363
1.3636363636363635,1.0,0.6
2.526315789473684,1.2972972972972974,0.25
1.75,1.2727272727272727,0.17857142857142858
2.142857142857143,1.4285714285714286,0.16666666666666666
1.03125,1.137931034482759,0.30303030303030304
3.5217391304347827,1.3278688524590163,0.07407407407407407
1.7058823529411764,1.318181818181818,0.5172413793103449
4.0,1.76,0.06818181818181818
10.458333333333334,1.502994011976048,0.15139442231075698
2.0,1.2857142857142858,0.16666666666666666
1.0,1.1016949152542372,0.24615384615384617
14.121951219512194,2.075268817204301,0.153713298791019
6.0,1.3333333333333333,0.20833333333333334
1.9701492537313432,1.6097560975609757,0.11363636363636363
2.2413793103448274,1.2264150943396226,0.3384615384615385
1.0,1.0,0.0
2.4285714285714284,1.36,0.11764705882352941
5.2105263157894735,1.8,0.09090909090909091
4.125,1.736842105263158,0.18181818181818182
1.9166666666666667,1.1794871794871795,0.08695652173913043
1.8571428571428568,1.0,0.46153846153846156
2.0126582278481013,1.5,0.1069182389937107
2.5,1.25,0.1
3.5,1.1666666666666667,1.0
1.2647058823529411,1.075,0.2558139534883721
1.5,1.3043478260869563,0.1
1.4285714285714286,1.0,0.1
3.0,1.2857142857142858,0.0
1.6153846153846154,1.105263157894737,0.047619047619047616
4.038461538461538,1.1290322580645162,0.34285714285714286
1.077669902912621,1.1326530612244898,0.3963963963963964
2.4,1.7142857142857142,0.3333333333333333
1.0263157894736843,1.1470588235294117,0.1282051282051282
132.0,1.1891891891891893,0.10606060606060606
1.3846153846153846,1.125,0.1111111111111111
1.3636363636363635,1.1538461538461535,0.0
30.5,2.9047619047619047,0.06557377049180328
1.8571428571428568,2.6,0.07692307692307693
1.9230769230769231,1.3157894736842106,0.08
2.1818181818181817,1.1428571428571428,0.2916666666666667
10.4,3.466666666666667,0.09615384615384616
2.2857142857142856,1.6,0.1875
1.0,1.0,0.0
1.4,1.0,0.14285714285714285
1.8,2.7,0.1111111111111111
1.1666666666666667,1.0,0.42857142857142855
1.6666666666666667,1.0,0.0
6.0,4.0,0.0
1.7857142857142858,1.1904761904761905,0.04
1.5333333333333334,1.0952380952380951,0.08695652173913043
1.5,1.0,0.3333333333333333
0.6666666666666666,1.0,0.0
1.3333333333333333,1.0,0.0
2.833333333333333,3.4,0.17647058823529413
1.5,1.0,0.3333333333333333
2.263157894736842,1.8695652173913044,0.13953488372093023
5.0,1.25,0.2
1.2857142857142858,1.0,0.0
3.7777777777777777,2.6153846153846154,0.08823529411764706
2.2857142857142856,1.4545454545454546,0.0
1.4,1.4,0.0
5.6,1.037037037037037,0.10714285714285714
1.0,1.25,0.2
1.0,1.0,0.0
1.0,1.0,0.0
1.0,1.1428571428571428,0.25
2.0,1.0,0.0
0.9090909090909092,1.25,0.0
1.6470588235294117,1.2173913043478262,0.25
3.0,5.0,0.06666666666666667
16.555555555555557,2.92156862745098,0.10067114093959731
32.0,2.6666666666666665,0.1875
2.2857142857142856,1.7777777777777777,0.125
2.0,1.0,0.0
1.2,1.2,0.0
1.8571428571428568,1.625,0.3076923076923077
1.375,1.375,0.0
1.0,1.4,0.0
1.75,1.1666666666666667,0.14285714285714285
3.5,1.4,0.14285714285714285
1.0,1.5,0.0
2.0,1.4285714285714286,0.0
2.875,1.3529411764705883,0.17391304347826086
1.6842105263157894,1.0666666666666669,0.09375
4.0,1.3333333333333333,0.25
1.0,1.0,0.0
3.6666666666666665,1.1578947368421053,0.13636363636363635
1.5,1.2857142857142858,0.05555555555555555
1.8333333333333333,1.0,0.0
14.375,2.5,0.0782608695652174
0.8333333333333334,1.0,0.2
1.8571428571428568,1.4444444444444444,0.0
2.5,1.0,1.0
16.0,1.7777777777777777,0.0625
15.0,1.875,0.06666666666666667
23.0,1.2777777777777777,0.17391304347826086
12.0,1.0,0.08333333333333333
6.125,1.0425531914893618,1.0
9.5,1.0,1.0
37.0,1.2542372881355932,0.12162162162162163
1.0,1.0,0.0
34.75,2.1384615384615384,0.07913669064748201
4.0,1.4,0.16071428571428573
16.0,2.2857142857142856,0.140625
2.6,1.0833333333333333,1.0
2.0,1.0,0.0
4.5,1.125,1.0
8.0,1.1428571428571428,0.0
3.0,1.181818181818182,0.11794871794871795
2.756097560975609,1.2840909090909092,0.23893805309734514
1.0,1.5,0.3333333333333333
3.158536585365854,1.2392344497607657,0.43243243243243246
3.0,1.2295081967213115,0.18666666666666668
15.393939393939394,3.135802469135802,0.1594488188976378
2.7547169811320757,1.3773584905660377,0.18493150684931506
2.8684210526315788,1.0792079207920793,0.10091743119266056
2.8461538461538463,1.0571428571428572,0.21621621621621623
3.0,1.4615384615384617,0.14035087719298245
3.8333333333333335,1.2105263157894737,0.30434782608695654
23.3,1.9914529914529917,0.11158798283261803
4.529411764705882,2.4838709677419355,0.09090909090909091
1.3414634146341464,1.1702127659574468,0.06363636363636363
1.5,1.0,0.2222222222222222
1.3,1.0833333333333333,0.11538461538461539
3.45,1.2147887323943662,0.19130434782608696
1.5625,1.1904761904761905,0.12
3.2,1.1764705882352942,0.075
4.348837209302325,1.5982905982905984,0.13903743315508021
8.375,1.2884615384615383,0.08955223880597014
6.928571428571429,1.9207920792079207,0.07731958762886598
2.269230769230769,1.4216867469879515,0.1016949152542373
1.8775510204081636,1.3529411764705883,0.33695652173913043
2.089430894308943,1.1271929824561404,0.38132295719844356
2.176470588235294,1.1746031746031746,0.14864864864864866
2.3626943005181347,1.2773109243697478,0.2982456140350877
1.411764705882353,1.1428571428571428,0.25
1.1111111111111112,1.2,0.1
36.375,2.2213740458015265,0.09965635738831616
3.3846153846153846,1.2941176470588236,0.36363636363636365
2.117647058823529,1.0588235294117647,0.05555555555555555
2.5,1.3636363636363635,0.13333333333333333
2.523809523809524,1.2325581395348837,0.39622641509433965
3.4444444444444446,1.2916666666666667,0.0967741935483871
5.105263157894737,1.7017543859649122,0.15463917525773196
6.434782608695652,1.8734177215189876,0.13513513513513514
1.4827586206896552,1.0238095238095235,0.06976744186046512
2.3043478260869565,1.606060606060606,0.09433962264150944
1.2,1.2,0.16666666666666666
1.1111111111111112,1.25,0.1
2.7333333333333334,1.1714285714285717,0.24390243902439024
2.5625,1.4642857142857142,0.0975609756097561
13.857142857142858,2.530434782608696,0.11683848797250859
3.126984126984127,1.186746987951807,0.20812182741116753
1.5327868852459017,1.4274809160305344,0.10160427807486631
1.45,1.1153846153846154,0.5517241379310345
1.575,1.0327868852459017,0.15873015873015872
4.068965517241379,1.388235294117647,0.09887005649717515
9.571428571428571,1.4565217391304348,0.1044776119402985
15.857142857142858,1.608695652173913,0.11711711711711711
1.4444444444444444,1.0,0.15384615384615385
1.7272727272727273,1.1875,0.15789473684210525
13.0,2.689655172413793,0.07692307692307693
3.090909090909091,1.096774193548387,0.08823529411764706
7.5,1.9565217391304348,0.2
5.727272727272728,1.8,0.07936507936507936
1.6666666666666667,1.25,0.0
6.5,1.4130434782608696,0.12307692307692308
3.5789473684210527,3.090909090909091,0.11764705882352941
7.125,2.375,0.12280701754385964
4.166666666666667,1.3888888888888888,0.08
1.7777777777777777,1.0666666666666669,0.3125
2.1,1.105263157894737,0.09523809523809523
12.666666666666666,2.4782608695652173,0.17543859649122806
10.333333333333334,1.7714285714285714,0.1935483870967742
13.5,2.076923076923077,0.12345679012345678
1.5,1.6363636363636365,0.16666666666666666
63.0,2.333333333333333,0.07936507936507936
20.4,2.217391304347826,0.12745098039215685
0.8461538461538461,1.0,0.09090909090909091
7.0,1.0,0.14285714285714285
14.5,2.071428571428572,0.06896551724137931
38.1,1.4323308270676691,0.11286089238845144
0.75,1.0,1.0
5.0,1.6666666666666667,0.2
10.0,1.25,0.0
23.0,1.4375,0.08695652173913043
4.5,1.0,0.1111111111111111
36.5,1.2372881355932204,0.1095890410958904
3.0,1.0,0.0
3.0,1.0,0.0
4.0,1.0,0.0
2.0,1.0,0.0
24.0,1.5,0.041666666666666664
4.0,1.3333333333333333,0.0
18.0,1.3846153846153846,0.05555555555555555
288.0,1.5401069518716577,0.09722222222222222
30.0,1.2,0.06666666666666667
6.0,1.0,0.1111111111111111
3.0,1.0,0.0
38.0,1.0555555555555556,0.05263157894736842
2.0,1.0,0.0
3.0,1.0,0.3333333333333333
71.0,1.3741935483870968,0.07511737089201878
20.0,1.6666666666666667,0.0
2.25,1.2857142857142858,0.1111111111111111
7.0,1.4583333333333333,0.14285714285714285
20.5,1.0789473684210529,0.17073170731707318
8.666666666666666,1.0833333333333333,0.07692307692307693
6.0,1.0,0.0
1.0,1.0,0.0
9.0,1.2857142857142858,0.1111111111111111
8.6,1.4827586206896552,0.09302325581395349
1.0,1.0,0.3333333333333333
35.18181818181818,2.9318181818181817,0.08785529715762273
3.0,1.0714285714285714,0.06666666666666667
8.222222222222221,2.3870967741935485,0.0945945945945946
0.875,1.0,1.0
5.0,1.0,1.0
3.6666666666666665,1.1,1.0
2.0,1.0,1.0
2.5384615384615383,1.137931034482759,0.36363636363636365
2.3684210526315788,1.1842105263157894,0.08888888888888889
1.8333333333333333,1.1,0.3181818181818182
2.3846153846153846,1.2156862745098038,0.6129032258064516
28.80555555555556,2.4808612440191387,0.18032786885245902
1.962962962962963,1.03921568627451,0.05660377358490566
3.0625,1.225,0.10204081632653061
8.133333333333333,1.876923076923077,0.1721311475409836
1.4444444444444444,1.0,0.15384615384615385
3.0,1.0714285714285714,0.2
2.225806451612903,1.1129032258064515,0.11594202898550725
1.8,1.2375,0.1111111111111111
0.625,1.0,0.4
50.625,3.301630434782609,0.11851851851851852
2.302325581395349,1.1927710843373494,0.48484848484848486
1.2727272727272727,1.0,0.2857142857142857
0.7142857142857143,1.0,0.2
0.825,1.1,0.21212121212121213
2.546218487394958,1.1018181818181818,0.4521452145214521
5.666666666666667,1.7,0.17647058823529413
2.117647058823529,1.0746268656716418,0.08333333333333333
1.56198347107438,1.1524390243902438,0.20634920634920634
16.625,3.325,0.12030075187969924
1.2702702702702702,1.0444444444444445,0.2978723404255319
3.7777777777777777,1.5454545454545454,0.11764705882352941
1.0,1.0,0.3333333333333333
2.076923076923077,1.0384615384615383,0.1111111111111111
1.0344827586206895,1.1111111111111112,0.13333333333333333
1.1724137931034482,1.2592592592592593,0.08823529411764706
6.214285714285714,1.4745762711864407,0.12643678160919541
13.153846153846152,2.408450704225352,0.1111111111111111
1.0555555555555556,1.0555555555555556,0.2631578947368421
3.794117647058824,1.1727272727272726,0.7674418604651163
3.533333333333333,1.2325581395348837,0.1509433962264151
13.15,2.104,0.22433460076045628
1.6666666666666667,1.6666666666666667,0.0
2.6666666666666665,1.411764705882353,0.125
1.1578947368421053,1.0,0.13636363636363635
1.6111111111111112,1.0740740740740742,0.034482758620689655
14.0,1.3548387096774193,0.16666666666666666
1.4352941176470588,1.1090909090909091,0.13114754098360656
1.3571428571428572,1.2666666666666666,0.05263157894736842
1.2,1.0,0.16666666666666666
1.0588235294117647,1.0,0.2222222222222222
1.2857142857142858,1.0,0.2222222222222222
4.066666666666666,1.196078431372549,0.16393442622950818
1.6,1.0434782608695652,0.125
14.909090909090908,1.673469387755102,0.10975609756097561
0.9743589743589745,1.0555555555555556,0.3684210526315789
2.875,1.15,0.2391304347826087
107.5,2.15,0.14883720930232558
1.2272727272727273,1.0384615384615383,0.4444444444444444
1.75,1.0,0.2857142857142857
2.3,1.0454545454545454,0.13043478260869565
1.625,1.1142857142857143,0.1282051282051282
1.0491803278688523,1.032258064516129,0.234375
0.9,1.0,0.1111111111111111
1.3157894736842106,1.0416666666666667,0.12
2.5,1.0,1.0
31.0,1.4090909090909092,0.1774193548387097
0.6521739130434783,1.0,0.3333333333333333
1.6666666666666667,1.1904761904761905,0.08
3.0,1.0833333333333333,0.07692307692307693
1.0,1.0740740740740742,0.20689655172413793
1.25,1.0,0.2
1.0,1.0,0.0
2.25,1.125,0.4722222222222222
0.8461538461538461,1.0,0.09090909090909091
7.6,1.7674418604651163,0.17105263157894737
1.6428571428571428,1.0952380952380951,0.2608695652173913
3.333333333333333,1.1111111111111112,0.1
1.4,1.0769230769230769,0.14285714285714285
2.206896551724138,1.1228070175438596,0.140625
1.631578947368421,1.1923076923076923,0.03225806451612903
1.5,1.0,0.3333333333333333
3.6666666666666665,1.5714285714285714,0.2727272727272727
2.0,1.0,0.0
1.4285714285714286,1.0,0.2
1.25,1.0,0.0
5.0,1.1111111111111112,0.1
29.8,1.6021505376344083,0.10067114093959731
1.25,1.0,0.0
1.6666666666666667,1.1111111111111112,0.1
2.0,1.1428571428571428,0.16666666666666666
1.5,1.2,0.2777777777777778
12.6,1.5,0.07936507936507936
1.6666666666666667,1.0,0.0
7.0,2.1538461538461537,0.07142857142857142
40.0,2.3529411764705883,0.075
3.333333333333333,1.3333333333333333,0.25
24.166666666666668,2.196969696969697,0.07586206896551724
3.2,1.1428571428571428,0.0
1.5,1.0,0.0
1.4,1.0,0.0
6.8,1.7,0.11764705882352941
14.5,2.0,0.10344827586206896
1.0,1.0,0.0
9.2,2.555555555555556,0.06521739130434782
0.5,1.0,0.0
9.4,1.7407407407407407,0.06382978723404255
13.0,1.4444444444444444,0.07692307692307693
1.0,1.0,0.0
1.0,1.0,0.0
2.25,1.125,0.8888888888888888
1.0,1.0,1.0
4.0,1.3333333333333333,0.3125
0.5,1.0,1.0
0.6666666666666666,1.0,1.0
0.5,1.0,1.0
1.0,1.0,1.0
2.0,1.0,1.0
0.8181818181818182,1.0,1.0
4.0,1.0,0.0
4.5,1.125,0.1111111111111111
8.666666666666666,1.04,0.038461538461538464
44.5,1.2714285714285714,0.12359550561797752
17.333333333333332,1.181818181818182,0.11538461538461539
2.0,1.0,0.0
30.0,2.142857142857143,0.08333333333333333
37.0,1.1935483870967742,0.05405405405405406
27.0,1.0384615384615383,0.1111111111111111
11.0,1.2222222222222223,0.0
4.5,1.125,0.0
6.375,1.59375,0.17647058823529413
76.0,1.853658536585366,0.13157894736842105
19.0,1.0555555555555556,0.10526315789473684
10.333333333333334,1.24,0.06451612903225806
2.0,1.0,0.0
4.333333333333333,1.0833333333333333,0.07692307692307693
8.5,1.2142857142857142,0.17647058823529413
1.0,1.0,0.0
5.25,1.1666666666666667,0.14285714285714285
4.0,1.0,0.0
6.0,1.0,0.0
1.6666666666666667,1.0,0.1
29.0,1.5263157894736843,0.06896551724137931
30.0,1.5,0.03333333333333333
2.0,1.0,0.0
5.5,2.2,0.18181818181818182
31.0,1.1923076923076923,0.22580645161290322
11.0,2.2,0.09090909090909091
2.0,1.0,0.0
23.0,1.0952380952380951,0.043478260869565216
3.0,1.125,0.1111111111111111
10.0,1.0,0.1
2.0,1.0,0.0
5.0,1.25,0.0
5.0,1.0,0.0
2.0,1.0,0.0
2.0,2.0,0.0
2.333333333333333,1.2727272727272727,0.14285714285714285
9.0,1.0,0.16666666666666666
8.666666666666666,1.04,0.07692307692307693
5.0,1.0,0.0
8.0,1.1851851851851851,0.125
17.0,1.2142857142857142,0.0
5.5,1.0,0.09090909090909091
7.0,1.1666666666666667,0.0
11.0,1.1,0.0
14.0,2.0,0.14285714285714285
8.0,1.3333333333333333,0.0
4.0,1.0,0.0
3.0,1.0,0.3333333333333333
3.0,1.0,0.0
1.0,1.0,0.0
2.0,1.0,0.0
9.5,1.0555555555555556,0.3684210526315789
6.0,1.0,1.0
4.25,1.5454545454545454,0.058823529411764705
101.0,1.6833333333333331,0.0594059405940594
4.5,1.0,0.2222222222222222
4.0,1.0,0.0
3.0,1.0,1.0
4.0,1.0,1.0
1.0,1.0,1.0
1.0,1.0,1.0
2.0,1.0,1.0
1.3333333333333333,1.0,1.0
3.0,1.2,1.0
1.71875,1.0,0.05454545454545454
1.6521739130434785,1.027027027027027,0.06578947368421052
1.3,1.0,0.15384615384615385
1.9320388349514563,1.130681818181818,0.09045226130653267
3.893617021276596,1.0397727272727273,0.12021857923497267
2.25,1.0,0.1388888888888889
3.5384615384615383,1.0,0.13043478260869565
3.0,1.062992125984252,0.17037037037037037
3.189189189189189,1.1346153846153846,0.07627118644067797
1.375,1.0731707317073171,0.11363636363636363
2.024390243902439,1.1857142857142855,0.14457831325301204
1.6275862068965516,1.1625615763546795,0.11864406779661017
1.0,1.0,0.0
1.855072463768116,1.0491803278688523,0.15625
3.375,1.08,0.08641975308641975
0.8571428571428571,1.0,0.0
111.75,2.2632911392405064,0.0738255033557047
1.5888888888888888,1.0214285714285714,0.07692307692307693
2.194029850746269,1.1484375,0.10884353741496598
1.4444444444444444,1.0,0.23076923076923078
118.0,2.107142857142857,0.1016949152542373
4.391304347826087,1.1348314606741574,0.11386138613861387
1.25,1.0,0.06666666666666667
3.0,1.0,0.0
1.6666666666666667,1.25,0.26666666666666666
6.6,1.375,0.10606060606060606
248.5,1.7377622377622377,0.1006036217303823
5.4,1.0384615384615383,0.1111111111111111
10.090909090909092,2.055555555555556,0.12612612612612611
1.32,1.2222222222222223,0.09090909090909091
8.0,1.0,0.125
6.0,1.0,0.16666666666666666
1.0,1.0,0.0
5.5,1.2941176470588236,0.09090909090909091
3.0,1.0,0.16666666666666666
1.5,1.0,0.0
3.5,1.4,0.0
5.0,1.6666666666666667,0.05
27.0,1.125,0.037037037037037035
5.5,1.1,0.0
25.0,1.0416666666666667,0.04
39.0,1.1142857142857143,0.10256410256410256
1.0,1.0,0.0
5.0,1.0,0.0
25.0,1.0416666666666667,0.0
13.5,1.2272727272727273,0.037037037037037035
1.6666666666666667,1.0,0.2
7.0,1.0294117647058822,0.05714285714285714
1.0,1.0,0.0
55.16666666666666,2.3642857142857143,0.07854984894259819
25.33333333333333,1.3818181818181818,0.06578947368421052
16.5,1.5529411764705885,0.13636363636363635
32.5,1.805555555555556,0.13846153846153847
5.0,1.0526315789473684,0.05
1.5,1.125,1.0
2.0,1.0,1.0
0.8666666666666667,1.0,0.15384615384615385
73.3125,1.4885786802030456,0.09718670076726342
2.619047619047619,1.1956521739130437,0.5636363636363636
54.11111111111112,1.2917771883289124,0.08624229979466119
1.5,1.0,0.4166666666666667
41.333333333333336,1.2916666666666667,0.09879032258064516
2.855769230769231,1.076086956521739,0.31313131313131315
471.0,1.2593582887700534,0.12314225053078556
10.60377358490566,3.2674418604651163,0.16370106761565836
3.0,1.0,0.0
75.0909090909091,1.2383808095952025,0.10048426150121065
1.08,1.08,0.14814814814814814
0.9117647058823528,1.1923076923076923,0.16129032258064516
52.142857142857146,2.8076923076923075,0.09863013698630137
0.6923076923076923,1.125,0.3333333333333333
1.3333333333333333,1.0,0.25
2.25,1.5517241379310345,0.15555555555555556
97.33333333333331,1.2586206896551724,0.09931506849315068
1.3076923076923077,1.1333333333333333,0.11764705882352941
80.14285714285714,1.4647519582245432,0.11229946524064172
0.7333333333333333,1.2222222222222223,0.09090909090909091
4.518518518518518,1.1296296296296295,0.6147540983606558
1.2708333333333333,1.0,0.04918032786885246
6.823529411764706,1.4871794871794872,0.1206896551724138
0.7894736842105263,1.0,0.06666666666666667
2.0727272727272728,1.14,0.631578947368421
1.54,1.0694444444444444,0.11688311688311688
40.11111111111112,1.2892857142857144,0.10803324099722991
913.0,2.011013215859031,0.09419496166484119
1.2,1.0,0.0
126.25,1.3854595336076818,0.09702970297029703
1.0263157894736843,1.0,0.07692307692307693
1.6666666666666667,1.0,0.06666666666666667
1.2391304347826086,1.0,0.14035087719298245
3.330985915492957,1.0629213483146067,0.6173361522198731
1.7666666666666666,1.4722222222222223,0.16981132075471697
49.5,1.0879120879120878,0.0707070707070707
8.369565217391305,1.5098039215686274,0.19220779220779222
3.537313432835821,1.167487684729064,0.7046413502109705
1.4090909090909092,1.1071428571428572,0.03225806451612903
144.0,2.117647058823529,0.0763888888888889
8.0,1.1428571428571428,0.125
11.0,1.1,0.09090909090909091
30.5,1.648648648648649,0.13114754098360656
1.0,1.0,0.0
5.0,1.0,0.0
55.0,1.0784313725490196,0.07272727272727272
2.5,1.0,0.0
1.5,1.0,0.0
2.0,1.0,0.16666666666666666
0.6666666666666666,1.0,0.0
1.0,1.0,0.0
8.0,1.3333333333333333,0.125
6.666666666666667,1.1764705882352942,0.2
7.0,1.0,0.07142857142857142
1.5,1.0,0.0
2.0,1.0,0.0
2.0,1.0,0.25
15.0,1.0,0.0
20.0,1.0526315789473684,0.1
1.0,1.0,0.0
1.5,1.0,0.0
15.666666666666666,1.6206896551724137,0.14893617021276595
1.75,1.0,0.14285714285714285
1.7222222222222223,1.0,0.12903225806451613
2.3,1.15,0.08695652173913043
2.0,1.0,1.0
2.090909090909091,1.078125,0.391304347826087
34.583333333333336,3.276315789473684,0.09317269076305221
2.0,1.0,0.13636363636363635
1.206896551724138,1.0294117647058822,0.2
0.9,1.0,0.1111111111111111
1.6666666666666667,1.0,0.05
2.185185185185185,1.0,0.15254237288135594
2.0,1.037037037037037,0.08928571428571429
1.6,1.0769230769230769,0.125
1.2666666666666666,1.0,0.10526315789473684
6.0,1.1095152603231595,0.18770226537216828
29.0,1.0175438596491229,1.0
1.2580645161290325,1.0263157894736843,0.10256410256410256
3.0454545454545454,1.0151515151515151,0.08955223880597014
1.3636363636363635,1.0344827586206895,0.06666666666666667
1.6363636363636365,1.0,0.05555555555555555
1.631578947368421,1.0508474576271187,0.1774193548387097
1.8390243902439023,1.0649717514124293,0.3740053050397878
2.2,1.0585774058577406,0.3438735177865613
1.59375,1.02,0.09803921568627451
1.375,1.0,0.0
2.475982532751092,1.0677966101694916,0.10052910052910052
2.4347826086956523,1.087378640776699,0.25892857142857145
1.3823529411764706,1.0444444444444445,0.19148936170212766
2.0408163265306123,1.0471204188481675,0.28
1.53125,1.0208333333333333,0.08163265306122448
1.3,1.0,0.038461538461538464
1.3645833333333333,1.059299191374663,0.2544529262086514
2.208333333333333,1.358974358974359,0.11320754716981132
0.967741935483871,1.0,0.13333333333333333
1.1388888888888888,1.0789473684210529,0.04878048780487805
1.316326530612245,1.0403225806451613,0.14728682170542637
65.80952380952381,2.5687732342007434,0.1020260492040521
1.8974358974358971,1.0,0.4864864864864865
1.8,1.0,0.05555555555555555
1.6883561643835616,1.048936170212766,0.1724137931034483
2.1904761904761907,1.022222222222222,0.13043478260869565
2.12,1.0192307692307692,0.6981132075471698
1.3636363636363635,1.2162162162162162,0.17777777777777778
1.403361344537815,1.04375,0.10179640718562874
1.75,1.037037037037037,0.14285714285714285
789.8333333333334,2.346039603960396,0.09010339734121123
2.111111111111111,1.0,0.13157894736842105
2.3457943925233646,1.113905325443787,0.09296148738379814
1.156862745098039,1.0172413793103448,0.15254237288135594
2.1052631578947367,1.0526315789473684,0.575
1.627906976744186,1.0144927536231885,0.04285714285714286
3.0350877192982457,1.0745341614906831,0.11560693641618497
1.58,1.0193548387096774,0.25316455696202533
2.785310734463277,1.0534188034188037,0.4239350912778905
1.0,1.0,0.0
5.3,1.0192307692307692,0.1509433962264151
5.5,1.0,0.09090909090909091
97.0,1.0960451977401129,0.11855670103092783
10.5,1.0,0.14285714285714285
10.0,1.1111111111111112,0.1
53.0,1.325,0.1320754716981132
7.5,1.0,0.13333333333333333
10.0,1.0,0.1
114.0,1.2527472527472527,0.07017543859649122
9.0,1.0,0.1111111111111111
28.0,1.1666666666666667,0.07142857142857142
8.0,1.0,0.1875
41.5,1.1690140845070425,0.12048192771084337
12.0,1.0,0.25
4.0,1.0,0.25
49.0,1.1136363636363635,0.08163265306122448
6.5,1.0,0.07692307692307693
97.0,1.3108108108108107,0.09278350515463918
1.0,1.0,0.0
6.0,1.0,0.0
5.5,1.1578947368421053,0.045454545454545456
7.0,1.0,0.14285714285714285
7.0,1.0,0.21428571428571427
53.0,1.325,0.07547169811320754
20.0,1.1111111111111112,0.1
12.0,1.0909090909090908,0.08333333333333333
2.6666666666666665,1.0,0.125
21.0,1.05,0.0
10.0,1.0,0.2
16.0,1.0212765957446808,0.10416666666666667
2.5,1.1764705882352942,1.0
5.0,1.0,1.0
14.3,1.0671641791044777,0.11888111888111888
0.5,1.0,0.0
0.6666666666666666,1.0,1.0
2.0,1.0,0.6666666666666666
2.0,1.0,0.0
6.0,1.0,1.0
1.0,1.0,0.8461538461538461
0.9333333333333332,1.037037037037037,0.35714285714285715
203.33333333333331,2.297551789077213,0.08688524590163935
8.555555555555555,1.6267605633802815,0.11255411255411256
2.9285714285714284,1.0789473684210529,0.1951219512195122
29.11111111111111,1.2596153846153846,0.08206106870229007
1.025,1.1714285714285717,0.14634146341463414
15.625,2.083333333333333,0.088
1.2666666666666666,1.1176470588235294,0.10526315789473684
1.2105263157894737,1.15,0.1956521739130435
1.6666666666666667,1.0,0.0
3.388888888888889,1.326086956521739,0.13114754098360656
3.202380952380953,1.1902654867256637,0.46096654275092935
0.6666666666666666,1.0,0.5
99.66666666666669,2.807511737089202,0.09698996655518395
2.2580645161290325,1.25,0.11428571428571428
1.2913907284768211,1.0427807486631016,0.09230769230769231
2.2,1.0,0.13636363636363635
2.4791666666666665,1.0347826086956522,0.11764705882352941
24.11111111111111,2.237113402061856,0.1336405529953917
636.5,2.2100694444444446,0.10290652003142184
1.303030303030303,1.131578947368421,0.046511627906976744
1.0,1.0,0.0
78.9,2.4889589905362777,0.08998732572877059
0.9333333333333332,1.0,0.14285714285714285
1.711111111111111,1.0694444444444444,0.07792207792207792
0.6666666666666666,1.0,0.0
1.4823529411764709,1.05,0.1111111111111111
0.7894736842105263,1.0,0.26666666666666666
8.827586206896552,1.6623376623376624,0.08984375
1.1566265060240963,1.054945054945055,0.3333333333333333
8.375,2.6666666666666665,0.13059701492537312
1.5,1.0819672131147542,0.07575757575757576
2.1129032258064515,1.0155038759689925,0.09923664122137404
17.03125,1.2557603686635943,0.08990825688073395
48.0,1.761467889908257,0.06770833333333333
5.405405405405405,1.8867924528301887,0.135
149.5,2.099473376243417,0.0947603121516165
2.1818181818181817,1.0909090909090908,0.2916666666666667
8.84,1.8728813559322035,0.09049773755656108
8.347826086956522,1.5421686746987953,0.10807291666666667
1.896551724137931,1.0784313725490196,0.09090909090909091
1.28099173553719,1.1151079136690647,0.23870967741935484
0.3333333333333333,1.0,0.0
1.7941176470588236,1.0517241379310345,0.3770491803278688
0.9642857142857144,1.0384615384615383,0.07407407407407407
0.8461538461538461,1.0,0.18181818181818182
1.025,1.0,0.14634146341463414
1.7741935483870968,1.1458333333333333,0.12727272727272726
1.2111553784860558,1.0742049469964663,0.3059210526315789
10.192307692307692,1.9485294117647056,0.10566037735849057
1.5844155844155845,1.2577319587628866,0.08196721311475409
1.0,1.0,0.16666666666666666
1.0555555555555556,1.0,0.5
4.826086956521739,1.247191011235955,0.7747747747747747
12.16,1.7078651685393258,0.11513157894736842
1.1975308641975309,1.043010752688172,0.061855670103092786
1.673913043478261,1.0694444444444444,0.16883116883116883
1.5625,1.0416666666666667,0.44
1.912280701754386,1.058252427184466,0.14678899082568808
52.0,1.8909090909090909,0.057692307692307696
1.8148148148148149,1.0425531914893618,0.061224489795918366
1.3125,1.0,0.14285714285714285
1.0,1.0,0.0
1.0,1.0,0.0
17.529411764705884,1.2680851063829788,0.10738255033557047
1.4594594594594594,1.1020408163265305,0.46296296296296297
1.0714285714285714,1.1538461538461535,0.06666666666666667
43.833333333333336,1.158590308370044,0.10456273764258556
1.875,1.0714285714285714,0.13333333333333333
33.95238095238095,2.097058823529412,0.14446002805049088
1.621212121212121,1.0594059405940597,0.37850467289719625
20.0,3.652173913043478,0.11190476190476191
4.161290322580645,1.0403225806451613,0.7829457364341085
1.0,1.054054054054054,0.23076923076923078
10.428571428571429,1.8024691358024687,0.13013698630136986
9.166666666666666,3.333333333333333,0.10909090909090909
0.6666666666666666,1.0,0.0
2.0,1.0,0.0
3.555555555555556,1.0666666666666669,0.125
7.375,1.6388888888888888,0.09322033898305085
1.0,1.0,0.75
25.5,1.8545454545454545,0.06862745098039216
3.8947368421052633,1.213114754098361,0.17567567567567569
13.076923076923077,2.023809523809524,0.1
4.785714285714286,1.1355932203389831,0.07462686567164178
7.0,1.6666666666666667,0.05714285714285714
32.5,1.625,0.1076923076923077
1.0,1.0,0.0
4.052631578947368,2.026315789473684,0.09090909090909091
2.0,1.4666666666666666,0.09090909090909091
1.6923076923076923,1.0,0.09090909090909091
1.5,1.0,0.1111111111111111
3.0,1.0434782608695652,0.041666666666666664
21.88888888888889,3.177419354838709,0.12690355329949238
3.2142857142857144,1.0714285714285714,0.28888888888888886
1.28,1.28,0.0
1.8,1.2272727272727273,0.14814814814814814
4.125,1.7678571428571428,0.1111111111111111
5.636363636363637,1.087719298245614,0.08064516129032258
122.0,2.415841584158416,0.11885245901639344
11.823529411764708,1.8785046728971964,0.06965174129353234
87.0,2.806451612903226,0.09195402298850575
0.6,1.0,0.0
1.0,1.0,0.4
86.0,1.8105263157894735,0.13372093023255813
1.0,1.0,0.0
41.2,2.168421052631579,0.07281553398058252
1.3333333333333333,1.0,1.0
2.75,1.0,0.09090909090909091
8.0,1.0,0.0
4.0,1.0,0.0
1.0,1.0,0.0
2.5,1.0,0.2
25.0,1.2195121951219512,0.08
1.0,1.0,0.0
1.0,1.0,0.0
4.0,1.0,0.125
1.0,1.0,0.0
1.0,1.0,0.0
2.0,1.0,0.25
6.5,1.0,0.07692307692307693
2.0,1.0,0.0
7.0,1.1666666666666667,0.14285714285714285
10.0,1.0526315789473684,0.0
18.0,1.2857142857142858,0.0
19.0,1.1875,0.07894736842105263
20.0,1.1111111111111112,0.1
1.5,1.0,0.0
7.0,1.75,0.0
2.0,1.0,0.0
2.0,1.0,0.0
7.0,1.0,0.07142857142857142
2.5,1.0,0.0
1.0,1.0,0.0
1.0,1.0,0.0
33.333333333333336,1.0309278350515465,0.05
4.25,1.0625,0.17647058823529413
9.5,1.2666666666666666,0.15789473684210525
28.0,1.5555555555555556,0.07142857142857142
2.0,1.0,0.0
13.0,2.03125,0.1076923076923077
3.0,1.0,0.3333333333333333
0.8571428571428571,1.0,0.0
3.0,1.5,0.0
0.5,1.0,0.0
4.0,1.0,0.0
26.4,3.5675675675675675,0.11363636363636363
1.0,1.0,0.0
2.5,1.0,1.0
3.0,1.0,1.0
0.5,1.0,0.0
1.0,1.0,1.0
5.0,1.0,1.0
7.0,1.4,1.0
1.0,1.0,0.0
11.666666666666666,1.0294117647058822,1.0
2.571428571428572,1.0,1.0
5.333333333333333,1.0,1.0
0.9166666666666666,1.1,0.36363636363636365
1.5714285714285714,1.1,0.2727272727272727
1.1333333333333333,1.3076923076923077,0.11764705882352941
8.133333333333333,1.6944444444444444,0.27049180327868855
3.9166666666666665,1.323943661971831,0.2978723404255319
12.333333333333334,1.3454545454545457,0.10135135135135136
1.0,1.0,0.0
5.202127659574468,1.2463891248937975,0.08793456032719836
13.212121212121213,1.3415384615384616,0.12385321100917432
1.875,1.1538461538461535,0.2
1.8333333333333333,1.5714285714285714,0.22727272727272727
1.13,1.036697247706422,0.2920353982300885
27.618181818181817,1.6692307692307693,0.10533245556287031
1.4444444444444444,1.04,0.23076923076923078
3.04,1.0857142857142856,0.7368421052631579
1.3222222222222222,1.091743119266055,0.226890756302521
114.6,2.1954022988505746,0.10471204188481675
1.2727272727272727,1.0769230769230769,0.7857142857142857
0.6875,1.0,0.45454545454545453
17.4375,1.6127167630057804,0.1003584229390681
0.8448275862068966,1.1395348837209305,0.24489795918367346
1.0934579439252337,1.1878172588832487,0.29914529914529914
1.5348837209302326,1.1,0.07575757575757576
1.2058823529411764,1.0,0.3170731707317073
9.047619047619047,1.5447154471544715,0.21578947368421053
28.0,1.4736842105263157,0.0625
2.614130434782609,1.199501246882793,0.08316008316008316
0.936842105263158,1.0348837209302326,0.47191011235955055
1.4,1.0,0.0
9.48148148148148,2.6666666666666665,0.09375
16.692307692307693,2.237113402061856,0.09216589861751152
0.8529411764705882,1.0357142857142858,0.4482758620689655
1.4375,1.2777777777777777,0.4782608695652174
23.375,2.2804878048780486,0.0962566844919786
1.21875,1.054054054054054,0.20512820512820512
1.651685393258427,1.1395348837209305,0.09523809523809523
8.0,1.1428571428571428,0.0625
0.7777777777777778,1.0,0.0
8.892857142857142,1.4147727272727273,0.24096385542168675
2.583333333333333,1.7222222222222223,0.0967741935483871
1.0,1.0,0.0
1.5714285714285714,1.2222222222222223,0.36363636363636365
1.3333333333333333,1.0,0.0
8.0,4.0,0.0625
1.2,1.0,0.0
1.3333333333333333,1.0,0.0
1.1666666666666667,1.1666666666666667,0.0
1.0,1.0,0.0
9.6,2.526315789473684,0.08333333333333333
0.8,1.0,0.0
1.0,1.0,0.0
0.8333333333333334,1.0,0.0
2.2,1.1,0.18181818181818182
2.8,1.12,0.10714285714285714
3.0,3.0,0.1111111111111111
1.0,1.0,0.0
4.0,1.7777777777777777,0.09375
3.0,2.0,0.08333333333333333
1.25,1.0,0.0
3.125,1.0416666666666667,0.12
1.5714285714285714,1.2222222222222223,0.11363636363636363
1.5,1.5,0.3333333333333333
4.285714285714286,1.875,0.06666666666666667
7.615384615384615,1.9038461538461535,0.12121212121212122
1.5,1.0,0.0
2.8181818181818183,2.8181818181818183,0.12903225806451613
1.8666666666666667,4.0,0.07142857142857142
26.727272727272727,2.854368932038835,0.06802721088435375
0.75,1.2,0.3333333333333333
1.6666666666666667,1.6666666666666667,0.0
1.0,1.0,0.0
1.0666666666666669,1.1428571428571428,0.3125
4.166666666666667,1.0416666666666667,0.16
1.75,1.2727272727272727,0.21428571428571427
1.2,1.0909090909090908,0.08333333333333333
4.25,1.7586206896551724,0.058823529411764705
121.0,2.630434782608696,0.0743801652892562
13.0,2.549019607843137,0.08461538461538462
1.8,1.0,0.1111111111111111
5.666666666666667,1.5454545454545454,0.11764705882352941
0.9,1.0,0.1111111111111111
4.571428571428571,1.7777777777777777,0.09375
41.0,1.7083333333333333,0.12195121951219512
2.0,1.0,0.5
20.0,1.1764705882352942,0.15
1.2857142857142858,1.125,0.1111111111111111
4.1875,1.7179487179487178,0.11940298507462686
18.0,2.6666666666666665,0.1388888888888889
0.6666666666666666,1.0,0.0
1.1666666666666667,1.0,0.14285714285714285
1.0,1.0,0.0
10.0,1.0,0.0
1.0,1.0,0.0
2.0,1.0,0.0
1.0,1.0,0.0
2.0,1.0,0.0
4.0,1.0,0.0
2.0,1.0,0.25
2.0,1.0,0.0
10.0,1.25,0.1
1.0,1.0,0.0
3.6666666666666665,1.5714285714285714,0.0
1.0,1.0,0.0
4.0,1.0,0.25
2.0,1.0,0.0
1.0,1.0,0.0
24.0,2.0,0.041666666666666664
7.0,1.0,0.14285714285714285
5.0,1.0,0.2
2.333333333333333,1.1666666666666667,0.0
1.0,1.0,0.0
0.5,1.0,0.0
2.6,1.0,1.0
1.3333333333333333,1.0,1.0
1.6666666666666667,1.0,1.0
25.5,1.1333333333333333,0.09803921568627451
2.0,1.0,1.0
3.0,1.125,1.0
2.4444444444444446,1.0731707317073171,0.13636363636363635
1.4642857142857142,1.28125,0.024390243902439025
1.125,1.125,0.4444444444444444
1.3482142857142858,1.0863309352517985,0.18543046357615894
4.0,1.1111111111111112,0.0
6.75,1.6875,0.07407407407407407
2.4814814814814814,1.098360655737705,0.34328358208955223
1.631578947368421,1.1923076923076923,0.45161290322580644
1.225,1.1395348837209305,0.2653061224489796
4.285714285714286,2.142857142857143,0.06666666666666667
20.2,3.060606060606061,0.1188118811881188
1.6842105263157894,1.103448275862069,0.34375
6.333333333333333,1.7272727272727273,0.05263157894736842
14.8,2.96,0.05405405405405406
7.166666666666667,1.8695652173913044,0.06976744186046512
104.0,1.7627118644067796,0.14423076923076922
1.625,1.181818181818182,0.15384615384615385
1.8928571428571428,1.127659574468085,0.07547169811320754
4.693333333333333,1.7777777777777777,0.19886363636363635
1.2352941176470589,1.1150442477876106,0.373015873015873
8.26086956521739,2.96875,0.1631578947368421
1.68,1.2352941176470589,0.23809523809523808
0.875,1.0,0.14285714285714285
1.6,1.2307692307692308,0.0625
15.6,1.9663865546218489,0.0641025641025641
87.0,2.2745098039215685,0.10057471264367816
31.0,1.4090909090909092,0.08064516129032258
5.538461538461538,1.945945945945946,0.05555555555555555
1.4193548387096775,1.1891891891891893,0.09090909090909091
1.89344262295082,1.2222222222222223,0.2683982683982684
2.703125,1.6634615384615383,0.12138728323699421
1.8695652173913044,1.5925925925925926,0.06976744186046512
5.0,1.4583333333333333,0.1
1.2653061224489797,1.0163934426229508,0.0967741935483871
9.4,1.46875,0.2553191489361702
2.4285714285714284,1.0625,0.058823529411764705
1.0769230769230769,1.0769230769230769,0.35714285714285715
5.777777777777778,2.363636363636364,0.09615384615384616
33.142857142857146,1.5064935064935066,0.10344827586206896
10.076923076923077,2.62,0.09541984732824428
141.0,2.1044776119402986,0.10638297872340426
2.333333333333333,1.1840796019900497,0.5210084033613446
2.230769230769231,1.1153846153846154,0.4482758620689655
1.5957446808510638,1.1363636363636365,0.10666666666666667
1.0,1.0,1.0
1.0,1.0,0.16666666666666666
29.0,2.0609137055837565,0.0960591133004926
3.25,1.1016949152542372,0.3384615384615385
113.0,2.6904761904761907,0.0752212389380531
7.375,4.538461538461538,0.06779661016949153
6.8,1.2592592592592593,0.029411764705882353
3.2222222222222223,2.4166666666666665,0.06896551724137931
39.0,2.1666666666666665,0.09829059829059829
5.222222222222222,2.764705882352941,0.1276595744680851
1.0,1.0,0.0
5.923076923076923,2.2,0.09090909090909091
8.714285714285714,2.259259259259259,0.09836065573770492
20.0,1.3333333333333333,0.1
19.0,1.7272727272727273,0.15789473684210525
1.25,1.0,0.2
16.142857142857142,2.627906976744186,0.18584070796460178
1.4285714285714286,1.25,0.05
17.22222222222222,2.3134328358208958,0.09032258064516129
1.6666666666666667,1.1538461538461535,0.06666666666666667
28.0,2.0,0.10714285714285714
3.0,1.0,0.16666666666666666
2.0,1.1111111111111112,0.1
2.0,1.0,0.0
0.5,1.0,0.0
1.0,1.0,0.0
54.0,3.0,0.05555555555555555
1.3333333333333333,1.1428571428571428,1.0
0.6,1.0,1.0
5.0,1.0,0.0
3.0,1.0,0.3333333333333333
13.0,1.181818181818182,0.07692307692307693
1.0,1.0,0.0
16.0,1.1428571428571428,0.125
1.0,1.0,0.0
6.0,1.2,0.16666666666666666
11.0,1.1785714285714286,0.18181818181818182
2.0,1.0,0.0
1.0,1.0,0.0
29.0,1.6111111111111112,0.034482758620689655
7.0,2.333333333333333,0.14285714285714285
3.0,1.0,0.3333333333333333
1.3333333333333333,1.0,0.0
4.0,1.0,0.1875
51.5,2.5121951219512195,0.18446601941747573
2.0,2.0,0.0
25.0,1.1363636363636365,0.0
1.0,1.0,0.0
102.0,2.3181818181818183,0.0784313725490196
10.2,1.7,0.09803921568627451
10.666666666666666,1.1428571428571428,1.0
7.5,1.0,1.0
1.6666666666666667,1.25,1.0
1.75,1.627906976744186,0.24285714285714285
3.1621621621621623,1.181818181818182,0.19658119658119658
3.966386554621849,1.2688172043010753,0.1228813559322034
331.6666666666667,1.8738229755178908,0.0914572864321608
3.0508474576271185,1.2371134020618555,0.18611111111111112
8.75,2.142857142857143,0.047619047619047616
1.5985401459854014,1.1711229946524064,0.136986301369863
7.25,2.2524271844660197,0.12931034482758622
1.5360824742268042,1.128787878787879,0.44966442953020136
3.6176470588235294,1.8088235294117647,0.15447154471544716
2.341463414634146,1.7777777777777777,0.1875
5.0,1.6176470588235294,0.10909090909090909
1.6666666666666667,1.0294117647058822,0.2
0.8947368421052632,1.0625,0.11764705882352941
1.3783783783783785,1.2142857142857142,0.13725490196078433
1.815217391304348,1.2014388489208634,0.08383233532934131
1.181818181818182,1.04,0.07692307692307693
1.8235294117647056,1.0689655172413792,0.4700460829493088
7.7,2.851851851851852,0.09090909090909091
16.25,2.820754716981132,0.1197324414715719
6.0,1.7142857142857142,0.08333333333333333
1.1428571428571428,1.032258064516129,0.0625
2.380952380952381,1.1235955056179776,0.32
1.0666666666666669,1.6,0.1875
1.3478260869565215,1.2916666666666667,0.5483870967741935
1.1111111111111112,1.1111111111111112,0.2
2.0476190476190474,1.4333333333333331,0.06976744186046512
7.65625,3.223684210526316,0.1306122448979592
1.0277777777777777,1.15625,0.05405405405405406
2.2222222222222223,1.4814814814814814,0.2
1.851851851851852,1.3157894736842106,0.06
2.064516129032258,1.3617021276595744,0.265625
6.388888888888889,1.8852459016393444,0.08695652173913043
3.382978723404255,1.1397849462365592,0.5471698113207547
2.619047619047619,1.1224489795918366,0.11818181818181818
2.180722891566265,1.6017699115044248,0.055248618784530384
1.1071428571428572,1.0333333333333334,0.0967741935483871
20.468354430379748,2.008695652173913,0.0878169449598021
1.3333333333333333,1.0,0.125
77.63636363636364,1.876923076923077,0.10772833723653395
1.0980392156862746,1.1666666666666667,0.375
0.7142857142857143,1.0526315789473684,0.15
1.2741935483870968,1.362068965517241,0.25316455696202533
2.4680851063829787,1.2083333333333333,0.35344827586206895
1.0,1.0909090909090908,0.16666666666666666
1.1415929203539823,1.0403225806451613,0.16279069767441862
2.274336283185841,1.2009345794392523,0.311284046692607
1.6111111111111112,1.318181818181818,0.034482758620689655
0.875,1.037037037037037,0.17857142857142858
138.33333333333334,1.7659574468085106,0.11325301204819277
2.1714285714285717,1.0410958904109588,0.15789473684210525
1.018181818181818,1.2727272727272727,0.125
1.507936507936508,1.1046511627906976,0.4631578947368421
1.8171428571428567,1.4324324324324325,0.11320754716981132
1.0,1.0606060606060606,0.08571428571428572
1.5957446808510638,1.1904761904761905,0.16
1.9130434782608696,1.375,0.1590909090909091
12.03448275862069,2.423611111111111,0.12607449856733524
32.0,1.0909090909090908,0.125
0.9565217391304348,1.0,0.045454545454545456
1.696969696969697,1.12,0.21428571428571427
1.0,1.0909090909090908,0.08333333333333333
9.851851851851851,1.4148936170212767,0.08646616541353383
2.375,1.1875,0.05263157894736842
7.571428571428571,3.7857142857142856,0.16981132075471697
1.9,1.1875,0.3157894736842105
9.25,1.85,0.05405405405405406
2.75,1.375,0.13636363636363635
14.0,1.627906976744186,0.07142857142857142
4.0,1.4285714285714286,0.05
5.0,1.6666666666666667,0.3
3.0,1.6875,0.037037037037037035
1.8888888888888888,1.0625,0.17647058823529413
2.5454545454545454,1.037037037037037,0.14285714285714285
1.0,1.0,0.0
9.285714285714286,2.096774193548387,0.09230769230769231
3.0,1.25,0.06666666666666667
7.75,1.8235294117647056,0.06451612903225806
1.0,1.0,0.0
1.2,1.3846153846153846,0.2222222222222222
1.8461538461538465,1.2,0.4166666666666667
4.428571428571429,3.1,0.0967741935483871
5.909090909090909,2.4074074074074074,0.16923076923076924
12.8,2.1333333333333333,0.078125
1.125,1.0,0.1111111111111111
0.625,1.0,0.0
1.4,1.1666666666666667,0.07142857142857142
1.4,1.3548387096774193,0.14285714285714285
2.75,1.375,0.09090909090909091
1.0,1.0,0.0
2.0,1.0,0.07142857142857142
272.0,2.7755102040816326,0.09558823529411764
3.0,1.0,0.0
4.0,1.0,0.0
34.0,1.2142857142857142,0.1323529411764706
30.5,1.196078431372549,0.16393442622950818
9.0,1.08,0.14814814814814814
4.6,1.0,0.08695652173913043
1.0,1.0,0.0
10.0,1.0,0.2
6.5,1.0,0.23076923076923078
2.5,1.0,0.2
171.0,1.2391304347826086,0.07602339181286549
6.0,1.0,0.0
2.6666666666666665,1.3333333333333333,0.0
16.0,2.0,0.0
4.5,1.0,0.1111111111111111
1.0,1.0,1.0
2.4,1.0,0.9166666666666666
40.0,1.0666666666666669,0.0875
1.0,1.0,0.0
9.0,1.8,0.2222222222222222
1.5,1.0,0.0
3.5,1.4,0.0
5.25,1.105263157894737,0.047619047619047616
3.6666666666666665,1.1,0.09090909090909091
46.0,2.0,0.13043478260869565
32.0,1.6842105263157894,0.1875
6.333333333333333,2.375,0.2631578947368421
75.5,2.5166666666666666,0.06622516556291391
9.090909090909092,1.6666666666666667,0.1
21.33333333333333,1.3617021276595744,0.0625
4.25,1.8888888888888888,0.17647058823529413
6.0,1.0,1.0
4.0,1.0,0.0
2.0,1.0,0.0
13.0,1.181818181818182,0.07692307692307693
14.0,1.4736842105263157,0.07142857142857142
3.5,1.0,0.07142857142857142
11.5,1.2105263157894737,0.043478260869565216
7.0,1.4,0.14285714285714285
8.0,1.1428571428571428,0.0
1.6666666666666667,1.0,1.0
1.0,1.0,1.0
1.0,1.0,1.0
1.0,1.0,1.0
1.5,1.0,1.0
3.0,1.0,1.0
1.0,1.0,1.0
2.6666666666666665,1.1650485436893203,0.4
1.5833333333333333,1.5833333333333333,0.13157894736842105
2.7916666666666665,1.7866666666666666,0.08955223880597014
1.5138888888888888,1.4931506849315068,0.3761467889908257
1.475409836065574,1.2,0.07777777777777778
2.0,1.0,0.0
5.137931034482759,1.9866666666666664,0.087248322147651
1.0666666666666669,1.0666666666666669,0.0625
2.198863636363636,1.2688524590163934,0.16795865633074936
1.9142857142857144,1.0151515151515151,0.14925373134328357
4.5,2.8125,0.022222222222222223
3.0,1.5,0.06666666666666667
1.875,1.3636363636363635,0.26666666666666666
6.4,1.641025641025641,0.171875
1.0,1.0,0.0
1.0,1.0,0.0
2.333333333333333,1.3125,0.09523809523809523
5.75,2.7058823529411766,0.10869565217391304
11.5,2.555555555555556,0.043478260869565216
0.8333333333333334,1.0,0.0
4.333333333333333,3.25,0.23076923076923078
1.5789473684210529,1.1538461538461535,0.13333333333333333
1.8888888888888888,1.1724137931034482,0.08823529411764706
2.1666666666666665,1.181818181818182,0.07692307692307693
60.0,3.0,0.13333333333333333
3.2,1.5,0.14583333333333334
4.3125,1.6046511627906976,0.057971014492753624
1.6666666666666667,1.0526315789473684,0.15
1.4,1.1666666666666667,0.2857142857142857
3.333333333333333,1.4285714285714286,0.25
1.5454545454545454,1.1333333333333333,0.29411764705882354
14.0,3.5,0.0
2.0,2.0,0.0
3.0,1.0,0.0
1.5,1.0,0.0
6.0,1.7142857142857142,0.0
1.0,1.0,0.0
21.0,1.6153846153846154,0.14285714285714285
3.5,1.4,0.14285714285714285
15.0,1.6071428571428572,0.1111111111111111
6.0,1.5,0.05555555555555555
13.0,3.25,0.11538461538461539
1.0,1.0,1.0
14.1,2.1444866920152093,0.09042553191489362
1.0735294117647058,1.0579710144927537,0.2328767123287671
1.0476190476190477,1.1578947368421053,0.42424242424242425
1.6333333333333333,1.1264367816091954,0.47959183673469385
3.9574468085106393,1.8235294117647056,0.20430107526881722
25.75,2.7466666666666666,0.11165048543689321
6.209302325581396,1.552325581395349,0.10486891385767791
10.85135135135135,2.433333333333333,0.09713574097135741
1.3978494623655917,1.2264150943396226,0.35384615384615387
1.5876288659793814,1.2469635627530364,0.18506493506493507
1.8387096774193548,1.6764705882352942,0.15789473684210525
1.8666666666666667,1.2173913043478262,0.10714285714285714
1.8,1.5,0.2857142857142857
2.833333333333333,1.0,0.23529411764705882
3.743589743589744,1.247863247863248,0.10273972602739725
2.2,1.5714285714285714,0.045454545454545456
2.9166666666666665,1.4583333333333333,0.08571428571428572
3.9565217391304346,1.761290322580645,0.18315018315018314
0.8888888888888888,1.0,0.875
2.033333333333333,1.0892857142857142,0.7213114754098361
2.566666666666667,2.081081081081081,0.11688311688311688
1.0,1.0,0.0
1.7647058823529411,1.5789473684210529,0.1
2.2,1.2222222222222223,0.0
4.176470588235294,2.0285714285714285,0.14084507042253522
4.6875,2.2058823529411766,0.10666666666666667
1.0,1.5,0.0
12.6,1.3404255319148937,0.09523809523809523
1.5714285714285714,2.2,0.0
9.428571428571429,1.9411764705882355,0.09090909090909091
5.625,3.2142857142857144,0.08888888888888889
35.0,1.5909090909090908,0.14285714285714285
2.2,1.2222222222222223,0.36363636363636365
64.0,3.2,0.078125
5.0,1.5,0.13333333333333333
1.125,1.2857142857142858,0.0
2.833333333333333,1.5454545454545454,0.058823529411764705
3.6666666666666665,1.8333333333333333,0.18181818181818182
2.8,1.0769230769230769,0.07142857142857142
6.333333333333333,1.78125,0.08771929824561403
12.666666666666666,2.533333333333333,0.05263157894736842
1.6,1.0,0.25
16.5,3.3,0.12121212121212122
11.25,3.2142857142857144,0.08888888888888889
15.0,2.142857142857143,0.1111111111111111
0.75,1.0,0.16666666666666666
3.0,3.0,0.0
3.75,1.875,0.13333333333333333
5.0,2.5,0.0
1.0,1.0,0.4
16.0,1.7777777777777777,0.09375
16.5,1.5714285714285714,0.030303030303030304
2.1666666666666665,1.0833333333333333,0.5384615384615384
1.0,1.0,0.0
1.6666666666666667,1.25,0.1
21.5,3.909090909090909,0.06976744186046512
1.25,1.25,0.2
8.0,2.2857142857142856,0.125
4.333333333333333,2.0,0.038461538461538464
2.0,1.0,0.25
1.5,1.0,0.0
21.25,3.695652173913044,0.10588235294117647
1.7142857142857142,2.0,0.0
2.6666666666666665,1.391304347826087,0.09375
33.0,3.0,0.06060606060606061
38.0,1.4901960784313726,0.10526315789473684
2.6,1.0833333333333333,1.0
1.5,1.0,1.0
1.8571428571428568,1.0833333333333333,1.0
0.95,1.0,0.42105263157894735
1.53125,1.065217391304348,0.08163265306122448
0.9473684210526316,1.0,0.1111111111111111
0.9577464788732394,1.0303030303030305,0.38235294117647056
1.0,1.0,0.0
23.0,1.7692307692307692,0.21739130434782608
1.171875,1.0273972602739727,0.30666666666666664
1.1375,1.0459770114942528,0.2857142857142857
19.0,1.1515151515151516,0.07894736842105263
1.5555555555555556,1.147540983606557,0.5857142857142857
1.4583333333333333,1.0,0.05714285714285714
0.92,1.0,0.3695652173913043
1.011904761904762,1.0,0.36470588235294116
1.1428571428571428,1.1428571428571428,0.08333333333333333
1.4615384615384617,1.0,0.15789473684210525
1.6071428571428572,1.0227272727272727,0.15555555555555556
0.6666666666666666,1.0,0.0
1.25,1.0,0.2
11.066666666666666,2.515151515151515,0.18674698795180722
11.333333333333334,1.1724137931034482,0.08823529411764706
12.23076923076923,1.382608695652174,0.1069182389937107
1.5,3.0,0.0
2.0,1.4285714285714286,0.3
0.5,1.0,1.0
3.0,1.0,1.0
7.4,1.088235294117647,1.0
10.0,1.1111111111111112,1.0
13.5,1.8,0.2222222222222222
5.0,2.142857142857143,0.06666666666666667
1.0,1.0,1.0
3.0,1.0588235294117647,1.0
1.8580246913580247,1.056140350877193,0.07641196013289037
1.6271186440677967,1.0909090909090908,0.15625
2.9426751592356686,1.137931034482759,0.08225108225108226
2.66,1.0390625,0.08270676691729323
2.7884615384615383,1.0431654676258992,0.10344827586206896
2.453125,1.256,0.1464968152866242
1.0588235294117647,1.0,0.1111111111111111
21.06122448979592,2.1455301455301456,0.08817829457364341
1.0,1.0,0.0
70.0,2.295081967213114,0.09523809523809523
1.675,1.0151515151515151,0.13432835820895522
3.130434782608696,1.1612903225806452,0.6805555555555556
1.7333333333333334,1.0196078431372548,0.23076923076923078
19.41176470588235,2.129032258064516,0.09090909090909091
1.8928571428571428,1.0,0.09433962264150944
2.21875,1.126984126984127,0.19718309859154928
1.1428571428571428,1.0,0.125
0.8,1.0,0.0
1.0,1.2,0.0
0.8461538461538461,1.0,0.0
7.666666666666667,1.4,0.08695652173913043
13.526315789473683,2.1596638655462184,0.13618677042801555
9.0,1.125,0.0
4.0,1.0,0.0
1.0,1.0,0.0
2.0,1.0,0.0
14.0,1.0769230769230769,0.14285714285714285
17.0,1.0,0.0
10.0,1.0,0.1
9.5,1.0555555555555556,0.10526315789473684
70.5,2.5636363636363635,0.09219858156028368
1.5,1.0,0.3333333333333333
9.666666666666666,1.2083333333333333,1.0
3.0,1.0,1.0
2.25,1.0465116279069768,0.12222222222222222
5.071428571428571,1.0597014925373134,0.6901408450704225
1.318181818181818,1.0357142857142858,0.09482758620689655
1.0625,1.0,0.11764705882352941
0.8805970149253731,1.0,0.0847457627118644
1.0,1.0,0.2727272727272727
1.6666666666666667,1.0256410256410255,0.125
2.76,1.0866141732283463,0.09420289855072464
0.9743589743589745,1.0,0.18421052631578946
1.1290322580645162,1.0,0.4
4.043478260869565,1.0333333333333334,0.27956989247311825
1.669811320754717,1.0350877192982455,0.06779661016949153
105.11111111111111,1.9130434782608696,0.18181818181818182
1.0126582278481011,1.0389610389610389,0.15
23.65714285714286,1.649402390438247,0.09541062801932366
1.0,1.05,0.047619047619047616
1.8085106382978724,1.0240963855421688,0.11764705882352941
1.6,1.0,0.125
1.1176470588235294,1.0,0.2631578947368421
0.9027777777777778,1.0,0.27692307692307694
1.0555555555555556,1.021505376344086,0.11578947368421053
1.3333333333333333,1.0,0.20454545454545456
2.2142857142857144,1.0689655172413792,0.7741935483870968
102.75,1.7018633540372672,0.09002433090024331
1.3076923076923077,1.0303030303030305,0.08823529411764706
1.0,1.0625,0.29411764705882354
5.195652173913044,1.1890547263681592,0.8368200836820083
1.2352941176470589,1.0161290322580645,0.14285714285714285
0.9411764705882352,1.032258064516129,0.34375
1.3492063492063493,1.0625,0.2235294117647059
31.56716417910448,1.993402450518379,0.13238770685579196
1.2142857142857142,1.0,0.3235294117647059
21.217391304347824,1.8484848484848484,0.09016393442622951
0.8809523809523809,1.0,0.1891891891891892
185.77777777777777,1.9509918319719957,0.11961722488038277
0.8857142857142857,1.0,0.3225806451612903
2.1,1.0,0.047619047619047616
3.942307692307693,1.0846560846560849,0.3853658536585366
2.0,1.0769230769230769,0.25
1.8,1.0,0.1111111111111111
0.8,1.0,0.375
131.6,1.888091822094692,0.09498480243161095
1.1492537313432836,1.013157894736842,0.37662337662337664
1.0,1.0,1.0
4.0,1.0,0.125
11.0,1.0,0.0
3.333333333333333,2.0,0.2
1.0,1.0,0.0
3.5,1.0,0.14285714285714285
1.0,1.0,0.0
5.0,1.0,0.0
1.0,1.0,0.0
1.0,1.0,0.0
4.25,1.0,0.0
1.5,1.0,0.0
5.0,1.0,0.0
75.0,1.3392857142857142,0.04
10.666666666666666,1.0,0.125
13.75,1.0377358490566038,0.12727272727272726
3.5,1.0,0.14285714285714285
4.0,1.0,1.0
1056.0,1.4852320675105486,0.09090909090909091
27.33333333333333,1.1388888888888888,0.10975609756097561
0.5,1.0,1.0
1.25,1.0,1.0
3.571428571428572,1.0869565217391304,0.92
1.0,1.0,1.0
7.0,1.0,1.0
4.0,1.0,1.0
10.0,1.0,1.0
17.0,1.4166666666666667,0.11764705882352941
3.333333333333333,2.727272727272727,0.13333333333333333
2.027027027027027,1.3636363636363635,0.06666666666666667
1.375,1.0,0.09090909090909091
1.2142857142857142,1.0,0.23529411764705882
2.5,1.0344827586206895,0.1
29.33333333333333,1.8333333333333333,0.09090909090909091
1.7777777777777777,1.0666666666666669,0.375
1.0,1.0,0.25
108.41176470588236,2.5315934065934065,0.08247422680412371
58.0,1.870967741935484,0.08620689655172414
2.1666666666666665,1.238095238095238,0.07692307692307693
1.0,1.2,0.5
6.842105263157895,2.2033898305084745,0.12307692307692308
1.9523809523809523,1.1388888888888888,0.1951219512195122
1.2727272727272727,1.05,0.2619047619047619
4.417910447761194,2.1925925925925926,0.10135135135135136
5.6,1.0769230769230769,0.8571428571428571
1.2,1.0,0.08333333333333333
90.0,2.1951219512195124,0.1111111111111111
43.66666666666666,2.381818181818182,0.10687022900763359
70.66666666666667,1.6434108527131783,0.08018867924528301
1.0,1.0,0.0
6.25,4.166666666666667,0.08
21.0,2.625,0.19047619047619047
3.3076923076923075,1.34375,0.06976744186046512
3.5,7.0,0.14285714285714285
3.0,1.0,0.0
2.5,1.0,0.2
3.0,1.0,0.0
2.0,1.0,0.0
3.0,1.0,0.3333333333333333
105.0,1.1538461538461535,0.08571428571428572
8.0,1.0,0.0
8.0,1.0,0.0
5.0,1.25,0.1
2.6666666666666665,1.0,0.0
6.666666666666667,1.0526315789473684,1.0
1.5,1.0,1.0
3.1818181818181817,1.1111111111111112,0.12857142857142856
1.7777777777777777,1.0666666666666669,0.1875
6.125,1.2436548223350254,0.2938775510204082
3.25,1.0,0.8717948717948718
1.5521472392638036,1.15,0.1857707509881423
1.0,1.0,1.0
1.3446808510638295,1.0934256055363325,0.16772151898734178
0.9,1.0,0.2222222222222222
1.7023809523809523,1.1349206349206349,0.0979020979020979
2.2944444444444443,1.2746913580246917,0.09443099273607748
1.4,1.1666666666666667,0.17857142857142858
1.305084745762712,1.0,0.14285714285714285
2.272727272727273,1.1363636363636365,0.14
1.3243243243243243,1.065217391304348,0.08163265306122448
1.1428571428571428,1.0,0.125
2.8987341772151898,1.0956937799043065,0.62882096069869
107.375,2.339006126616746,0.09371362048894064
2.271428571428572,1.0460526315789471,0.39622641509433965
9.0,1.0,1.0
0.7,1.0,0.07142857142857142
0.78125,1.0,0.36
1.3333333333333333,1.0666666666666669,0.125
7.0,1.1666666666666667,1.0
1.9,1.0,0.15789473684210525
3.1702127659574466,1.3070175438596492,0.09395973154362416
1.1,1.0,0.36363636363636365
7.727272727272727,1.4166666666666667,0.11176470588235295
2.555555555555556,1.055045871559633,0.11304347826086956
0.9310344827586208,1.0,0.2962962962962963
2.471264367816092,1.4144736842105263,0.09302325581395349
2.236842105263158,1.0365853658536586,0.08235294117647059
23.647058823529413,1.8272727272727276,0.10199004975124377
7.133333333333334,1.0808080808080809,0.19626168224299065
5.285714285714286,1.0277777777777777,0.4864864864864865
2.721311475409836,1.1942446043165469,0.4578313253012048
2.7384615384615385,1.1483870967741936,0.07865168539325842
3.761904761904762,1.3859649122807018,0.16455696202531644
2.9322033898305087,1.2013888888888888,0.19653179190751446
4.066666666666666,1.2577319587628866,0.3524590163934426
1.9583333333333333,1.0444444444444445,0.19148936170212766
2.55,1.0851063829787233,0.0784313725490196
0.7878787878787878,1.0,0.6153846153846154
3.6379310344827593,1.1344086021505375,0.11848341232227488
0.912280701754386,1.04,0.4807692307692308
1.2291666666666667,1.0,0.1016949152542373
3.555555555555556,1.2075471698113207,0.453125
1.8205128205128205,1.2456140350877194,0.28169014084507044
2.282051282051282,1.155844155844156,0.11235955056179775
3.4,1.0574162679425838,0.6153846153846154
1.1612903225806452,1.0,0.2222222222222222
1.2463768115942029,1.0,0.10465116279069768
5.0,1.1865864144454,0.09347826086956522
1.6363636363636365,1.0,0.1111111111111111
1.7808219178082192,1.092436974789916,0.2153846153846154
1.3529411764705883,1.0952380952380951,0.17391304347826086
1.2,1.0434782608695652,0.06666666666666667
2.055555555555556,1.0277777777777777,0.10810810810810811
1.0963855421686748,1.0,0.0989010989010989
1.625,1.0833333333333333,0.07692307692307693
2.467065868263473,1.098666666666667,0.17233009708737865
0.8181818181818182,1.0,0.2777777777777778
1.520408163265306,1.0136054421768708,0.1476510067114094
2.55,1.2142857142857142,0.08823529411764706
1.290909090909091,1.0,0.11267605633802817
3.651162790697674,1.0466666666666666,0.6719745222929936
1.417910447761194,1.0326086956521738,0.16842105263157894
2.218390804597701,1.032085561497326,0.08290155440414508
1.2884615384615383,1.0,0.11940298507462686
1.0918367346938775,1.019047619047619,0.17757009345794392
163.27272727272728,1.3933281613653996,0.0935412026726058
1.9615384615384612,1.0,0.11764705882352941
1.5806451612903225,1.195121951219512,0.2857142857142857
4.568627450980392,1.2944444444444445,0.12017167381974249
23.83333333333333,2.2698412698412698,0.16083916083916083
1.8235294117647056,1.1071428571428572,0.04838709677419355
1.5176470588235291,1.048780487804878,0.11627906976744186
2.693877551020408,1.0819672131147542,0.07575757575757576
2.037037037037037,1.0377358490566038,0.14545454545454545
1.4722222222222223,1.2926829268292683,0.1509433962264151
17.666666666666668,2.1031746031746037,0.10566037735849057
4.318181818181818,1.0555555555555556,0.8631578947368421
2.055555555555556,1.121212121212121,0.08108108108108109
2.25,1.0862068965517242,0.09523809523809523
1.956140350877193,1.0985221674876848,0.09865470852017937
4.904761904761905,1.1402214022140222,0.3106796116504854
1.3666666666666667,1.0,0.14634146341463414
0.8,1.0,0.2
2.03125,1.04,0.07692307692307693
1.2,1.0588235294117647,0.1111111111111111
1.4324324324324325,1.1041666666666667,0.20754716981132076
1.7777777777777777,1.0,0.0625
1.7894736842105263,1.5454545454545454,0.20588235294117646
6.9,1.5923076923076922,0.30434782608695654
0.7142857142857143,1.0,0.3
4.716049382716049,1.0806223479490806,0.18324607329842932
2.0,1.0326797385620916,0.0759493670886076
1.96078431372549,1.075268817204301,0.11
2.0,1.0410958904109588,0.15789473684210525
85.67857142857143,2.4183467741935485,0.09420591913297208
2.452830188679245,1.015625,0.43846153846153846
1.64,1.0,0.17073170731707318
1.4,1.0769230769230769,0.07142857142857142
10.321428571428571,2.020979020979021,0.0657439446366782
1.8666666666666667,1.037037037037037,0.07142857142857142
2.5172413793103448,1.0579710144927537,0.0821917808219178
1.2769230769230768,1.064102564102564,0.10843373493975904
5.0344827586206895,1.697674418604651,0.08904109589041095
6.25,1.0416666666666667,0.84
4.830508474576271,1.2895927601809956,0.5649122807017544
3.6052631578947367,1.113821138211382,0.5766423357664233
4.0,1.2307692307692308,0.546875
0.9387755102040816,1.022222222222222,0.17391304347826086
1.7435897435897436,1.1380753138075317,0.09558823529411764
1.7727272727272727,1.0612244897959184,0.14102564102564102
20.272727272727277,2.5632183908045976,0.12556053811659193
1.6037735849056605,1.2200956937799043,0.16470588235294117
3.8875,1.301255230125523,0.28938906752411575
0.9411764705882352,1.0666666666666669,0.21875
1.894736842105263,1.0,0.1388888888888889
306.0,1.3133047210300428,0.12581699346405228
2.0,1.0,0.07142857142857142
2.0,1.0158730158730158,0.09375
36.05555555555556,1.4486607142857142,0.11248073959938366
0.8823529411764706,1.0,0.13333333333333333
34.88135593220339,3.180834621329212,0.09523809523809523
0.8571428571428571,1.0,0.3333333333333333
0.875,1.05,0.3333333333333333
2.2545454545454544,1.1272727272727272,0.12903225806451613
1.6527777777777777,1.043859649122807,0.08403361344537816
0.9,1.0,0.2222222222222222
2.4444444444444446,1.015384615384615,0.12121212121212122
5.529411764705882,1.068181818181818,0.8723404255319149
2.9019607843137254,1.264957264957265,0.5608108108108109
183.0,1.3357664233576645,0.11475409836065574
3.5,1.0,1.0
7.0,1.5806451612903225,0.04081632653061224
10.8,1.862068965517241,0.09259259259259259
11.5,1.1694915254237288,0.08695652173913043
4.761904761904762,1.098901098901099,0.09
57.833333333333336,2.3767123287671232,0.09221902017291066
25.22222222222222,1.3841463414634143,0.1013215859030837
15.3,1.8214285714285716,0.1111111111111111
3.8,1.144578313253012,0.08421052631578947
3.2222222222222223,1.0357142857142858,0.10344827586206896
0.8333333333333334,1.0,0.0
621.0,1.6342105263157896,0.10628019323671498
0.5,1.0,1.0
6.0,1.0,0.16666666666666666
5.25,1.05,0.09523809523809523
20.0,1.0526315789473684,0.05
14.0,1.206896551724138,0.11428571428571428
16.0,1.170731707317073,0.041666666666666664
9.0,1.0588235294117647,0.1111111111111111
1.0,1.0,0.0
1.6666666666666667,1.0,0.0
2.6666666666666665,1.1428571428571428,0.0
1.0,1.0,0.0
47.0,1.0217391304347827,0.0851063829787234
2.6666666666666665,1.0,0.125
30.0,1.0714285714285714,0.1
98.0,1.2894736842105263,0.08163265306122448
4.8,1.0909090909090908,0.125
26.0,1.3,0.08974358974358974
67.0,1.3051948051948052,0.09950248756218906
7.75,1.0,0.12903225806451613
1.0,1.0,0.0
4.5,1.0,0.1111111111111111
8.0,1.0,0.0
9.5,1.0555555555555556,0.05263157894736842
6.333333333333333,1.0555555555555556,0.3157894736842105
5.0,1.0,0.15
27.0,1.0384615384615383,0.037037037037037035
2.0,1.0,0.0
27.0,1.588235294117647,0.0
16.166666666666668,1.7962962962962965,0.09278350515463918
39.0,1.054054054054054,0.038461538461538464
26.0,1.1304347826086956,0.09615384615384616
5.0,1.0,0.2
37.16666666666666,1.4671052631578947,0.08968609865470852
20.0,1.7391304347826086,0.075
14.5,1.16,0.13793103448275862
16.0,1.032258064516129,0.0625
4.333333333333333,1.0,0.15384615384615385
142.0,1.986013986013986,0.09859154929577464
1.3333333333333333,1.0,0.0
1.25,1.0,0.4
1.8,1.0,0.8888888888888888
4.0,1.0,0.95
0.5,1.0,1.0
1.0,1.0,0.0
1.2857142857142858,1.125,1.0
1.0,1.0,1.0
2.6666666666666665,1.0,1.0
0.75,1.0,0.3333333333333333
1.5,1.0,1.0
1.0,1.0,1.0
5.0,1.0,1.0
0.6666666666666666,1.0,1.0
0.5,1.0,1.0
0.75,1.0,1.0
0.8888888888888888,1.0,1.0
1.0,1.0,1.0
3.0,1.0,1.0
9.0,1.0,1.0
2.0,1.0,0.0
1.0,1.0,1.0
2.0,1.0,1.0
7.0,1.0,1.0
1.0,1.0,1.0
2.0,1.0,1.0
0.5,1.0,1.0
16.0,1.0,1.0
1.5,1.0,0.6666666666666666
1.0,1.0,1.0
2.5,1.0,1.0
1.0,1.0,0.0
4.5,1.0,1.0
1.0,1.0,1.0
3.0,1.0,1.0
58.16666666666666,1.307116104868914,0.11318051575931232
1.4285714285714286,1.0,1.0
0.6666666666666666,1.0,1.0
13.044444444444444,1.6082191780821915,0.08858603066439523
2.851851851851852,1.3628318584070795,0.14285714285714285
1.4518072289156627,1.0570175438596492,0.16182572614107885
2.0,1.0285714285714285,0.125
2.088888888888889,1.175,0.1595744680851064
7.052631578947368,1.6341463414634143,0.12686567164179105
2.61231884057971,1.2324786324786323,0.17337031900138697
7.967741935483871,2.2454545454545456,0.2145748987854251
2.150943396226415,1.163265306122449,0.5
1.3888888888888888,1.0416666666666667,0.08
2.013245033112583,1.1385767790262171,0.11513157894736842
1.5384615384615383,1.0,0.05
2.0061349693251533,1.143356643356643,0.09480122324159021
2.066666666666667,1.0689655172413792,0.12903225806451613
2.242424242424242,1.121212121212121,0.2972972972972973
1.8405797101449275,1.1339285714285714,0.1732283464566929
5.289156626506024,1.322289156626506,0.11845102505694761
2.372093023255814,1.3076923076923077,0.058823529411764705
2.925,1.3,0.2222222222222222
1.8064516129032255,1.2444444444444445,0.16071428571428573
5.885714285714286,2.942857142857143,0.1262135922330097
2.9069767441860463,1.2376237623762376,0.088
8.28,1.8482142857142856,0.07246376811594203
1.5833333333333333,1.1565217391304348,0.2932330827067669
1.2,1.0344827586206895,0.05555555555555555
1.6428571428571428,1.0811965811965811,0.13043478260869565
3.6666666666666665,1.1578947368421053,0.75
2.8835616438356166,1.1440217391304348,0.4513064133016627
3.347826086956522,1.115942028985507,0.24675324675324675
1.8602150537634408,1.130718954248366,0.09248554913294797
3.842105263157895,1.46,0.1232876712328767
2.0,1.1333333333333333,0.11764705882352941
69.0,1.2545454545454546,0.13043478260869565
2.3076923076923075,1.1111111111111112,0.13333333333333333
1.5625,1.0,0.2
1.4285714285714286,1.0833333333333333,0.19230769230769232
1.1318681318681318,1.1195652173913044,0.0970873786407767
1.5045045045045045,1.1059602649006623,0.08982035928143713
1.127659574468085,1.06,0.20754716981132076
3.753694581280788,1.1562974203338392,0.400262467191601
21.75,2.5588235294117645,0.11494252873563218
1.391304347826087,1.0,0.03125
1.8837209302325584,1.2272727272727273,0.07407407407407407
2.878787878787879,1.0982658959537572,0.06315789473684211
4.616326530612245,1.28620166793025,0.11995284409077513
2.5806451612903225,1.5384615384615383,0.125
2.0,1.146341463414634,0.1276595744680851
1.4833333333333334,1.0470588235294118,0.0898876404494382
1.7,1.146067415730337,0.08823529411764706
1.9166666666666667,1.0,0.08695652173913043
1.6097560975609757,1.03125,0.21212121212121213
1.6805555555555556,1.1050228310502284,0.09917355371900827
2.1904761904761907,1.0952380952380951,0.08695652173913043
1.786764705882353,1.114678899082569,0.12757201646090535
2.973684210526316,1.0970873786407769,0.431858407079646
3.230769230769231,1.2727272727272727,0.10317460317460317
2.9722222222222223,1.1263157894736842,0.35514018691588783
4.794871794871795,1.8888888888888888,0.0855614973262032
2.746268656716418,1.069767441860465,0.1358695652173913
3.809523809523809,1.3559322033898304,0.1125
2.7,1.542857142857143,0.4444444444444444
2.3877551020408165,1.0833333333333333,0.17094017094017094
2.02,1.0,0.13861386138613863
2.555555555555556,1.0454545454545454,0.09937888198757763
3.0754716981132075,1.1241379310344828,0.12883435582822086
1.4782608695652173,1.2142857142857142,0.29411764705882354
1.748299319727891,1.1125541125541123,0.11673151750972763
3.125,1.0,0.16
2.0825688073394497,1.0657276995305165,0.07048458149779736
20.88235294117647,2.0285714285714285,0.11549295774647887
3.8,1.2912621359223302,0.12781954887218044
10.379310344827584,2.5948275862068964,0.14950166112956811
15.0,1.1538461538461535,0.08888888888888889
1.5,1.0714285714285714,0.06666666666666667
1.5,1.0,0.08333333333333333
1.75,1.037037037037037,0.17857142857142858
12.454545454545457,1.8513513513513515,0.10218978102189781
2.210526315789474,1.1666666666666667,0.09523809523809523
1.826086956521739,1.024390243902439,0.11904761904761904
3.0,1.3902439024390243,0.10526315789473684
2.142857142857143,1.5789473684210529,0.0
19.85,1.8904761904761904,0.12846347607052896
9.666666666666666,1.291497975708502,0.10344827586206896
16.0,1.7311475409836066,0.09848484848484848
18.272727272727277,2.830985915492957,0.0945273631840796
2.272727272727273,1.1363636363636365,0.36
12.0,1.8461538461538465,0.125
6.857142857142857,2.4,0.08333333333333333
6.142857142857143,1.3870967741935485,0.09302325581395349
17.0,1.8888888888888888,0.12254901960784313
3.75,1.25,0.13333333333333333
19.181818181818183,1.1405405405405404,0.0947867298578199
1.3846153846153846,1.5,0.0
70.0,1.5555555555555556,0.11428571428571428
27.0,1.3846153846153846,0.12962962962962962
58.0,1.5263157894736843,0.06896551724137931
8.5,1.0625,0.058823529411764705
22.5,1.3636363636363635,0.06666666666666667
81.0,1.653061224489796,0.1111111111111111
190.0,2.0,0.10526315789473684
18.0,1.1612903225806452,0.1111111111111111
2.333333333333333,1.0,0.0
1.3333333333333333,1.3333333333333333,0.0
4.666666666666667,1.1666666666666667,0.07142857142857142
6.0,1.5,0.16666666666666666
3.0,1.0,0.0
16.5,1.32,0.09090909090909091
22.0,1.2394366197183098,0.06818181818181818
28.5,1.14,0.017543859649122806
32.666666666666664,2.227272727272727,0.09183673469387756
28.5,1.78125,0.07017543859649122
9.0,1.0588235294117647,0.1111111111111111
32.0,1.391304347826087,0.0625
1.0,1.0,0.0
102.0,1.6721311475409837,0.09803921568627451
1.0,1.0,0.3333333333333333
19.666666666666668,1.7352941176470589,0.1016949152542373
27.5,1.3095238095238095,0.1
35.0,1.4583333333333333,0.17142857142857143
30.33333333333333,1.181818181818182,0.08791208791208792
192.0,1.4883720930232558,0.09375
17.8,1.679245283018868,0.1348314606741573
21.666666666666668,1.4444444444444444,0.07692307692307693
31.5,1.4,0.06349206349206349
17.0,1.5454545454545454,0.058823529411764705
17.0,1.2592592592592593,0.058823529411764705
9.333333333333334,1.1666666666666667,0.07142857142857142
28.8,1.3333333333333333,0.09722222222222222
8.333333333333334,1.0416666666666667,0.08
13.666666666666666,2.05,0.12195121951219512
29.0,1.9333333333333331,0.06896551724137931
1.0,1.0,0.0
2.0,1.0,0.0
11.5,1.2105263157894737,0.08695652173913043
51.0,1.6451612903225807,0.09803921568627451
24.0,1.5,0.125
6.5,1.0,0.15384615384615385
46.0,1.0454545454545454,0.10869565217391304
30.0,1.0714285714285714,0.06666666666666667
108.0,1.3012048192771084,0.12037037037037036
14.0,1.0,0.07142857142857142
9.0,1.125,0.4444444444444444
12.857142857142858,1.2162162162162162,0.1111111111111111
14.0,1.75,0.14285714285714285
7.5,1.0714285714285714,0.2
3.5,1.4,0.0
15.5,1.3478260869565215,0.06451612903225806
5.0,1.25,0.1
39.0,1.4444444444444444,0.1282051282051282
4.0,1.0,0.08333333333333333
44.5,1.6952380952380952,0.09550561797752809
1.0,1.0,0.0
13.5,1.0,0.07407407407407407
161.0,1.518867924528302,0.10559006211180125
37.0,1.088235294117647,0.10810810810810811
37.66666666666666,2.173076923076923,0.12389380530973451
17.0,1.0,0.11764705882352941
17.0,1.4406779661016949,0.09411764705882353
37.0,1.465346534653465,0.0945945945945946
62.0,1.9375,0.16129032258064516
0.5,1.0,0.0
7.0,1.4,0.0
107.0,2.018867924528302,0.056074766355140186
1.4197530864197532,1.1386138613861383,0.06086956521739131
3.0,1.0,0.0
12.0,1.7142857142857142,0.0
4.714285714285714,1.064516129032258,1.0
7.0,1.0,1.0
4.888888888888889,1.1139240506329111,0.07954545454545454
2.0,1.0,0.25
2.8,1.0769230769230769,1.0
4.0,1.0,1.0
6.428571428571429,1.125,0.4888888888888889
1.3333333333333333,1.0,1.0
2.6666666666666665,1.0,1.0
1.0,1.0,0.0
2.6666666666666665,1.1428571428571428,1.0
27.33333333333333,1.3225806451612905,0.08536585365853659
6.0,1.0,1.0
28.61111111111111,1.6775244299674268,0.08932038834951456
2.888888888888889,1.625,0.23076923076923078
4.465116279069767,1.6695652173913045,0.16666666666666666
2.4,1.2,0.0
1.1538461538461535,1.1904761904761905,0.24
1.2,1.2,0.0
6.5,1.625,0.0
2.4545454545454546,1.9285714285714288,0.1111111111111111
1.0,1.0,0.0
4.454545454545454,2.130434782608696,0.061224489795918366
5.5,2.095238095238096,0.1590909090909091
25.0,2.7777777777777777,0.0
10.0,10.0,0.1
8.0,1.4545454545454546,0.125
2.5,1.25,0.0
7.0,1.696969696969697,0.14285714285714285
19.5,1.6956521739130437,0.07692307692307693
3.6666666666666665,2.75,0.09090909090909091
1.3333333333333333,1.0,0.25
2.0,1.0,0.25
3.0416666666666665,1.825,0.0684931506849315
30.0,2.5,0.13333333333333333
4.5,1.5,0.3333333333333333
8.0,1.3333333333333333,0.125
5.0,2.272727272727273,0.08
10.0,1.6666666666666667,0.1
8.666666666666666,4.333333333333333,0.0
38.5,2.026315789473684,0.09090909090909091
1.0,1.0,0.0
1.0,1.0,1.0
3.5,1.1666666666666667,1.0
1.0,1.0,1.0
1.2083333333333333,1.318181818181818,0.034482758620689655
1.2428571428571429,1.12987012987013,0.39080459770114945
1.2121212121212122,1.0256410256410255,0.275
8.38888888888889,1.1353383458646618,0.8410596026490066
0.7333333333333333,1.0,0.09090909090909091
0.9906542056074766,1.03921568627451,0.29245283018867924
54.75,3.0,0.1141552511415525
32.0,1.1914893617021276,0.12053571428571429
1.6,1.0666666666666669,0.3125
1.648648648648649,1.1090909090909091,0.32786885245901637
4.222222222222222,1.1176470588235294,0.8157894736842105
5.818181818181818,1.1743119266055049,0.90625
6.65,3.41025641025641,0.11278195488721804
1.0769230769230769,1.1264367816091954,0.09183673469387756
1.32,1.1,0.12121212121212122
0.9090909090909092,1.0256410256410255,0.05
0.75,1.05,0.047619047619047616
15.461538461538462,1.6341463414634143,0.10945273631840796
0.8461538461538461,1.0,0.0
3.0,1.2244897959183674,0.5333333333333333
34.56521739130435,2.3873873873873874,0.0880503144654088
46.0,2.358974358974359,0.11684782608695653
124.33333333333331,2.5724137931034483,0.10455764075067024
0.6,1.0,1.0
0.7954545454545454,1.0294117647058822,0.11428571428571428
14.333333333333334,1.274074074074074,0.11337209302325581
1.0588235294117647,1.125,0.16666666666666666
34.67272727272727,1.9680082559339525,0.25537493445201886
1.4770114942528736,1.1681818181818182,0.11284046692607004
1.8125,1.0357142857142858,0.034482758620689655
7.883720930232558,2.801652892561984,0.1592920353982301
86.18181818181819,2.6970128022759603,0.0981012658227848
1.4210526315789471,1.08,0.14814814814814814
0.8333333333333334,1.0,0.0
58.75,2.303921568627451,0.12127659574468085
0.9285714285714286,1.0,0.07692307692307693
5.75,1.2105263157894737,0.9130434782608695
1.0,1.2,0.0
1.2121212121212122,1.0810810810810811,0.1125
0.9444444444444444,1.0,0.058823529411764705
1.15,1.069767441860465,0.1956521739130435
336.0,2.1198738170347005,0.07738095238095238
1.1666666666666667,1.0,0.16666666666666666
3.7142857142857135,1.9259259259259256,0.07692307692307693
1.360655737704918,1.1527777777777777,0.5301204819277109
5.428571428571429,1.2666666666666666,0.868421052631579
1.1538461538461535,1.0,0.13333333333333333
11.142857142857142,1.8571428571428568,0.10256410256410256
120.33333333333331,1.663594470046083,0.08587257617728532
0.9433962264150944,1.0869565217391304,0.4
39.44444444444444,1.9722222222222223,0.13802816901408452
0.9545454545454546,1.05,0.6190476190476191
1.7727272727272727,1.0,0.05128205128205128
0.6,1.0,0.16666666666666666
1.108695652173913,1.0,0.47058823529411764
2.4571428571428573,1.1025641025641026,0.47674418604651164
0.7777777777777778,1.0,0.0
1.0,1.0384615384615383,0.1111111111111111
1.736842105263158,1.137931034482759,0.09090909090909091
1.1875,1.027027027027027,0.07894736842105263
1.4444444444444444,1.0,0.07692307692307693
16.324324324324323,2.020066889632107,0.09768211920529801
80.0,1.7391304347826086,0.10416666666666667
1.75,1.2727272727272727,0.8571428571428571
6.6923076923076925,2.71875,0.05747126436781609
1.3333333333333333,1.1428571428571428,0.1875
1.0263157894736843,1.0263157894736843,0.717948717948718
1.633776091081594,1.0884955752212389,0.09639953542392567
0.8333333333333334,1.0,0.2
64.0,2.327272727272727,0.0859375
1.1875,1.0555555555555556,0.10526315789473684
19.666666666666668,1.9281045751633987,0.13220338983050847
35.30769230769231,2.5359116022099446,0.10021786492374728
3.0980392156862746,1.462962962962963,0.22784810126582278
3.560606060606061,1.1809045226130652,0.1276595744680851
0.9583333333333334,1.15,0.34782608695652173
17.9375,2.4322033898305087,0.1289198606271777
123.0,2.383720930232558,0.08130081300813008
22.545454545454547,1.2916666666666667,0.10483870967741936
18.9375,1.9177215189873416,0.10561056105610561
311.0,3.3321428571428573,0.11468381564844587
0.6666666666666666,1.0,0.0
0.8,1.0,0.25
1.5777777777777775,1.0597014925373134,0.11267605633802817
8.133333333333333,1.0990990990990992,0.8524590163934426
13.272727272727272,2.0277777777777777,0.11643835616438356
1.2,1.2,0.09523809523809523
14.8,2.0943396226415096,0.1036036036036036
1.0,1.1538461538461535,0.13333333333333333
2.0,1.0,0.0
0.5,1.0,0.0
3.875,1.148148148148148,0.8064516129032258
67.0,2.0615384615384613,0.09701492537313433
17.625,1.4842105263157894,0.11347517730496454
0.84375,1.0384615384615383,0.3333333333333333
80.28571428571429,1.944636678200692,0.08362989323843416
5.6,2.5454545454545454,0.07142857142857142
3.2222222222222223,1.0740740740740742,0.6551724137931034
2.022222222222222,1.2297297297297298,0.0989010989010989
38.903225806451616,2.2047531992687386,0.09038142620232173
26.0,1.181818181818182,0.0641025641025641
1.351351351351351,1.1111111111111112,0.28
3.21875,1.138121546961326,0.10679611650485436
2.0,1.0793650793650793,0.14705882352941177
18.0,1.0909090909090908,0.08333333333333333
1.05,1.105263157894737,0.14285714285714285
1.7142857142857142,1.0434782608695652,0.125
1.2142857142857142,1.2142857142857142,0.11764705882352941
2.0,1.0588235294117647,0.05555555555555555
1.0,1.0,0.0
1.0952380952380951,1.0454545454545454,0.17391304347826086
13.25,1.127659574468085,0.07547169811320754
2.2580645161290325,1.0606060606060606,0.3
1.5,1.2857142857142858,0.1111111111111111
1.0,1.1111111111111112,0.2
4.6923076923076925,1.196078431372549,0.08196721311475409
1.0,1.0,0.0
1.5714285714285714,1.0,0.36363636363636365
15.0,1.25,0.13333333333333333
1.2,1.5,0.0
4.615384615384615,1.2244897959183674,0.11666666666666667
2.0,1.0,0.0
1.0,1.0,0.0
58.0,2.1219512195121952,0.10919540229885058
2.869565217391304,2.5384615384615383,0.07575757575757576
0.6666666666666666,1.0,0.0
1.8461538461538465,1.0909090909090908,0.08333333333333333
1.2,1.0909090909090908,0.25
1.0,1.0,0.0
5.7,1.3411764705882352,0.08771929824561403
1.0,1.0,1.0
1.0,1.0,0.14285714285714285
1.0,1.0,0.3333333333333333
1.1111111111111112,1.1111111111111112,0.1
1.0,1.0,0.2
0.5,1.0,0.0
14.625,2.25,0.042735042735042736
8.647058823529411,2.7735849056603774,0.10884353741496598
2.125,1.0625,0.11764705882352941
4.571428571428571,1.3333333333333333,0.15625
167.0,1.988095238095238,0.11976047904191617
1.0,1.0,0.0
0.6666666666666666,1.0,1.0
0.8,1.0,0.125
0.8333333333333334,1.25,0.0
0.6666666666666666,1.0,1.0
17.0,1.0,1.0
1.0,1.3333333333333333,1.0
1.0,1.0,0.0
18.0,1.0,0.1111111111111111
10.0,1.0,0.1
1.0,1.0,0.0
1.0,1.0,0.0
7.0,1.0,0.0
36.5,1.0735294117647058,0.0547945205479452
1.0,1.0,0.0
2.0,1.0,0.0
13.0,1.181818181818182,0.0
2.0,1.0,0.0
7.5,1.0714285714285714,0.13333333333333333
31.0,1.0508474576271187,0.04838709677419355
1.0,1.0,0.0
4.5,1.125,0.1111111111111111
2.0,1.0,0.0
7.0,1.3125,0.09523809523809523
2.25,1.0,0.0
9.5,1.1875,0.15789473684210525
1.0,1.0,0.0
1.0,1.0,0.0
89.5,1.7129186602870814,0.09497206703910614
1.0,1.0,0.5
19.666666666666668,1.0172413793103448,0.11864406779661017
1.0,1.0,0.0
2.5,1.25,0.0
4.0,1.0,0.0
21.33333333333333,1.3061224489795915,0.0625
2.0,1.0,0.0
2.0,1.0,0.5
9.666666666666666,1.1153846153846154,0.06896551724137931
2.0,1.0,0.0
2.0,1.0,0.0
2.0,2.0,0.0
4.0,1.0,0.0
4.666666666666667,1.037037037037037,0.14285714285714285
5.0,1.0,0.16
96.33333333333331,1.5454545454545454,0.11072664359861592
1.5,1.0,0.0
15.0,1.1538461538461535,0.16666666666666666
0.5,1.0,0.0
1.5,1.0714285714285714,1.0
6.666666666666667,1.1111111111111112,1.0
2.0,1.0,1.0
4.666666666666667,1.2727272727272727,1.0
28.0,1.037037037037037,1.0
2.333333333333333,1.0,1.0
5.0,1.1764705882352942,1.0
1.0,1.0,1.0
4.75,1.0,1.0
5.428571428571429,1.1515151515151516,1.0
4.0,1.0,1.0
3.0,1.125,1.0
2.0,1.0,1.0
1.25,1.0714285714285714,0.23333333333333334
0.8181818181818182,1.125,0.2222222222222222
3.772727272727273,1.5660377358490567,0.08433734939759036
1.8764044943820224,1.1133333333333333,0.7005988023952096
2.27027027027027,1.0632911392405062,0.09523809523809523
1.1428571428571428,1.0,0.625
12.72222222222222,2.5730337078651684,0.1222707423580786
6.242424242424242,2.861111111111111,0.0825242718446602
1.5333333333333334,1.2105263157894737,0.30434782608695654
4.0,2.8,0.0
0.75,1.0,0.0
3.1153846153846154,1.6875,0.16049382716049382
1.9583333333333333,1.6206896551724137,0.0425531914893617
10.303571428571429,1.5983379501385042,0.2339688041594454
1.3582089552238803,1.2133333333333334,0.18681318681318682
2.857142857142857,2.6666666666666665,0.125
12.666666666666666,1.9240506329113924,0.07894736842105263
12.166666666666666,1.431372549019608,0.0547945205479452
1.3,1.0833333333333333,0.11538461538461539
3.75,4.285714285714286,0.13333333333333333
1.5789473684210529,1.1538461538461535,0.16666666666666666
37.2,2.657142857142857,0.06989247311827956
1.75,1.0,0.21428571428571427
3.625,1.288888888888889,0.15517241379310345
1.6521739130434785,1.1875,0.18421052631578946
253.0,2.2,0.05533596837944664
0.5,1.0,1.0
1.65,1.375,0.2727272727272727
1.4827586206896552,1.0238095238095235,0.3953488372093023
1.4814814814814814,1.0810810810810811,0.25
1.6666666666666667,1.0,0.0
2.0,1.04,0.11538461538461539
2.75,1.2941176470588236,0.18181818181818182
32.0,2.0522565320665085,0.13541666666666666
1.4705882352941178,1.0869565217391304,0.04
14.6,2.703703703703704,0.1232876712328767
4.6,2.090909090909091,0.043478260869565216
2.2,1.1,0.36363636363636365
1.25,1.0,0.2
6.714285714285714,1.88,0.0851063829787234
3.875,1.0,0.12903225806451613
7.2,2.25,0.08333333333333333
22.666666666666668,1.9428571428571428,0.08823529411764706
1.75,1.4,0.14285714285714285
16.285714285714285,2.923076923076923,0.09649122807017543
6.428571428571429,2.5961538461538463,0.05925925925925926
13.875,1.7076923076923076,0.1891891891891892
11.5,1.069767441860465,0.08695652173913043
19.375,2.3484848484848486,0.08064516129032258
8.454545454545455,1.120481927710843,0.10752688172043011
8.214285714285714,2.017543859649123,0.13478260869565217
6.7631578947368425,1.4685714285714286,0.16342412451361868
4.777777777777778,1.1466666666666667,0.29069767441860467
1.75,1.1666666666666667,0.09523809523809523
1.5,1.0,0.16666666666666666
5.357142857142857,2.083333333333333,0.12
11.5,1.1311475409836065,0.15942028985507245
2.0,1.0,0.0
13.5,1.0945945945945943,0.04938271604938271
1.6666666666666667,1.0,0.2
1.3333333333333333,1.0,0.0
1.6666666666666667,1.0,0.2
2.0,1.0,0.0
11.97872340425532,1.622478386167147,0.0994671403197158
2.5,1.1111111111111112,0.2
1.5714285714285714,1.0476190476190477,0.09090909090909091
2.606060606060606,1.162162162162162,0.20930232558139536
1.0,1.0,0.0
0.75,1.0,0.0
4.0,4.0,0.0
3.0,1.0,0.1111111111111111
2.5,1.25,0.1
2.9,1.0357142857142858,0.10344827586206896
20.0,2.5,0.2
6.0,2.0,0.0
1.0,1.0,0.0
64.0,1.8823529411764703,0.109375
7.5,1.875,0.26666666666666666
19.0,1.3571428571428572,0.0
14.6,2.5172413793103448,0.0273972602739726
1.3333333333333333,1.0,0.0
0.9333333333333332,1.1666666666666667,0.2857142857142857
1.75,1.0,0.07142857142857142
1.0,1.0,0.0
1.4166666666666667,1.5454545454545454,0.058823529411764705
1.0,1.0,0.0
1.1666666666666667,1.1666666666666667,0.0
4.727272727272728,1.5294117647058822,0.19230769230769232
3.0,1.2,0.16666666666666666
1.4,1.0,0.5714285714285714
1.8,1.125,0.0
1.5714285714285714,1.1,0.09090909090909091
1.0,1.0,0.0
4.75,1.1875,0.05263157894736842
23.0,1.3529411764705883,0.043478260869565216
1.25,1.0,1.0
2.5,1.0,1.0
0.5,1.0,1.0
3.0,1.0,1.0
3.6666666666666665,1.0,0.09090909090909091
2.5,1.1111111111111112,0.2
7.0,1.0,0.0
1.0,1.0,0.0
3.0,1.0,0.16666666666666666
1.0,1.0,0.0
2.0,1.0,0.0
1.0,1.0,0.0
2.0,1.0,0.0
3.0,1.0,0.0
8.0,1.1428571428571428,0.125
8.0,1.0,0.0625
8.5,1.0625,0.058823529411764705
5.5,2.2,0.045454545454545456
3.333333333333333,1.1111111111111112,0.9
0.5,1.0,1.0
2.0,1.0,1.0
8.5,1.0625,1.0
7.0,1.0,1.0
4.0,1.0,0.0
1.0,1.0,1.0
0.5,1.0,1.0
3.571428571428572,1.0869565217391304,1.0
1.25,1.0,0.2
8.25,2.224719101123596,0.06060606060606061
34.07142857142857,1.436746987951807,0.09224318658280922
27.857142857142858,1.4444444444444444,0.14358974358974358
10.971428571428572,1.959183673469388,0.109375
1.368421052631579,1.04,0.23076923076923078
0.8571428571428571,1.0,0.2916666666666667
0.7692307692307693,1.25,0.8
115.71428571428572,1.7197452229299364,0.10123456790123457
2.072992700729927,1.0965250965250966,0.22535211267605634
14.4,1.7142857142857142,0.1388888888888889
10.785714285714286,2.188405797101449,0.09933774834437085
9.962962962962964,1.935251798561151,0.08921933085501858
1.3015873015873016,1.1388888888888888,0.21951219512195122
1.1842105263157894,1.0227272727272727,0.2222222222222222
18.6,1.617391304347826,0.11290322580645161
5.083333333333333,2.8372093023255816,0.10655737704918032
8.875,2.009433962264151,0.10328638497652583
1.1238938053097345,1.016,0.3937007874015748
30.83333333333333,1.761904761904762,0.0918918918918919
1.56,1.21875,0.10256410256410256
1.934065934065934,1.0538922155688624,0.7386363636363636
6.378378378378378,1.542483660130719,0.1440677966101695
2.8125,1.2857142857142858,0.15555555555555556
4.615384615384615,1.875,0.11666666666666667
0.6666666666666666,1.0,0.0
28.5,1.4805194805194806,0.043859649122807015
9.0,1.35,0.05555555555555555
1.1428571428571428,1.6,0.125
2.5,2.5,0.2
1.6,1.0,0.125
0.8333333333333334,1.0,0.0
22.25,2.119047619047619,0.0898876404494382
27.08333333333333,1.9938650306748469,0.09230769230769231
8.846153846153847,1.5333333333333334,0.09565217391304348
4.888888888888889,2.046511627906977,0.07954545454545454
17.0,2.1794871794871797,0.08235294117647059
10.484848484848484,1.977142857142857,0.10404624277456648
3.5,1.4736842105263157,0.14285714285714285
6.0,2.4,0.16666666666666666
7.722222222222222,3.3095238095238093,0.08633093525179857
2.7142857142857144,1.5405405405405406,0.15789473684210525
1.25,1.0,0.0
13.0,1.04,0.07692307692307693
6.333333333333333,1.0555555555555556,0.05263157894736842
4.0,1.0,0.25
2.0,1.0,0.0
5.0,1.1538461538461535,0.2
1.0,1.0,0.0
11.5,1.0454545454545454,0.13043478260869565
8.0,1.0,0.25
5.4,1.6875,0.07407407407407407
8.0,1.0,0.0
4.0,1.0,0.0
3.0,1.0,1.0
0.9807692307692308,1.1333333333333333,0.5294117647058824
44.9,1.9106382978723404,0.0935412026726058
12.551020408163266,2.0707070707070705,0.12520325203252033
0.5,1.0,0.0
1.9444444444444444,1.0824742268041236,0.24761904761904763
20.08333333333333,2.6777777777777776,0.0912863070539419
1.6875,1.0384615384615383,0.07407407407407407
1.0,1.0,0.42105263157894735
4.04,2.02,0.1188118811881188
1.5,1.2105263157894737,0.11594202898550725
0.8333333333333334,1.1363636363636365,0.5
1.5555555555555556,1.037037037037037,0.14285714285714285
5.588235294117647,1.130952380952381,0.8631578947368421
1.2352941176470589,1.05,0.19047619047619047
2.2710280373831777,1.1911764705882353,0.3045267489711934
1.5714285714285714,1.1458333333333333,0.41818181818181815
2.276595744680851,1.175824175824176,0.08411214953271028
372.0,2.4966442953020134,0.0913978494623656
15.933333333333334,1.7573529411764706,0.26359832635983266
1.0918367346938775,1.07,0.5981308411214953
105.58333333333331,2.1584327086882453,0.09707971586424625
1.0862068965517242,1.0161290322580645,0.36507936507936506
2.2857142857142856,1.1851851851851851,0.09375
5.291666666666667,1.19811320754717,0.905511811023622
0.8333333333333334,1.0,0.12
1.0,1.0,0.2
2.333333333333333,1.105263157894737,0.09523809523809523
1.3095238095238095,1.0784313725490196,0.12727272727272726
1.0727272727272728,1.0535714285714286,0.13559322033898305
0.75,1.05,0.23809523809523808
2.0,1.0,0.11538461538461539
5.170731707317073,1.2694610778443114,0.09433962264150944
2.4,1.0909090909090908,0.16666666666666666
19.133333333333333,1.3348837209302329,0.08362369337979095
2.5,1.3235294117647058,0.2
15.526315789473683,2.7314814814814814,0.06440677966101695
12.146341463414634,1.398876404494382,0.15461847389558234
15.547619047619047,2.9954128440366974,0.12098009188361408
4.263565891472868,1.3994910941475829,0.07636363636363637
1.0434782608695652,1.0,0.08333333333333333
10.61111111111111,1.900497512437811,0.1099476439790576
1.0,1.0,0.0
1.3076923076923077,1.275,0.5686274509803921
1.0666666666666669,1.103448275862069,0.0
1.0363636363636364,1.0178571428571428,0.12280701754385964
3.727272727272727,1.051282051282051,0.07317073170731707
16.386363636363637,1.3892100192678227,0.12066574202496533
1.238095238095238,1.04,0.4230769230769231
2.0,1.0526315789473684,0.05
1.1363636363636365,1.0,0.06
1.037037037037037,1.0,0.14285714285714285
1.1,1.0,0.18181818181818182
3.132867132867133,1.2619718309859156,0.13392857142857142
1.3,1.0,0.15384615384615385
1.2118226600985222,1.0468085106382978,0.0975609756097561
1.4666666666666666,1.2222222222222223,0.3181818181818182
0.9907407407407408,1.07,0.2523364485981308
1.6666666666666667,1.0714285714285714,0.13333333333333333
46.285714285714285,2.025,0.06790123456790123
0.9591836734693876,1.0930232558139534,0.0851063829787234
1.2333333333333334,1.121212121212121,0.08108108108108109
2.2,1.1,0.12121212121212122
2.1,1.0,0.14285714285714285
9.25,1.9733333333333332,0.12162162162162163
688.0,1.3055028462998102,0.10610465116279069
1.1111111111111112,1.0526315789473684,0.45
34.44444444444444,1.9558359621451105,0.23225806451612904
0.8870967741935484,1.02803738317757,0.2545454545454545
58.333333333333336,3.431372549019608,0.12
86.8,1.7086614173228347,0.08755760368663594
1.9851485148514847,1.172514619883041,0.256857855361596
0.9444444444444444,1.0,0.11764705882352941
1.4594594594594594,1.0,0.3333333333333333
0.8,1.0,0.25
0.7586206896551724,1.0476190476190477,0.45454545454545453
9.333333333333334,1.3900709219858156,0.09948979591836735
1.2083333333333333,1.1153846153846154,0.1724137931034483
1.0593607305936072,1.0943396226415094,0.09051724137931035
0.6666666666666666,1.0,0.0
23.1,1.763358778625954,0.15151515151515152
1.0666666666666669,1.032258064516129,0.09375
1.8823529411764703,1.1428571428571428,0.0625
1.2777777777777777,1.0952380952380951,0.06521739130434782
4.666666666666667,1.0888888888888888,0.336734693877551
326.0,1.3415637860082306,0.09815950920245399
30.6,2.55,0.06862745098039216
1.4285714285714286,1.044776119402985,0.8285714285714286
0.9696969696969696,1.032258064516129,0.40625
1.2,1.0,0.6666666666666666
1.0,1.0,0.2
3.7,1.3454545454545457,0.13513513513513514
77.85714285714286,2.052730696798493,0.0908256880733945
2.189189189189189,1.208955223880597,0.8641975308641975
342.5,1.997084548104956,0.10364963503649635
1.4310344827586208,1.0121951219512195,0.10843373493975904
53.45283018867924,2.433848797250859,0.08895164136957288
1.6296296296296295,1.0731707317073171,0.6818181818181818
1.9565217391304348,1.0465116279069768,0.1
1.8888888888888888,1.0,0.5588235294117647
1.6555555555555554,1.2956521739130435,0.12751677852348994
1.0,1.0,0.08333333333333333
0.7647058823529411,1.0833333333333333,0.8461538461538461
1.0746268656716418,1.0140845070422535,0.3888888888888889
94.14285714285714,2.458955223880597,0.09863429438543247
2.2142857142857144,1.0472972972972974,0.2
1.6842105263157894,1.032258064516129,0.078125
0.875,1.05,0.2619047619047619
1.9870129870129871,1.0337837837837838,0.0915032679738562
1.0731707317073171,1.0232558139534884,0.1590909090909091
2.083333333333333,1.0416666666666667,0.08
25.125,1.1166666666666667,0.09950248756218906
1.0,1.0,0.0
102.0,2.0,0.08823529411764706
1.3571428571428572,1.0,0.42105263157894735
3.0,1.0,0.1111111111111111
2.6666666666666665,1.0,0.375
1.8571428571428568,1.0,0.07692307692307693
8.166666666666666,1.0208333333333333,0.10204081632653061
1.6666666666666667,1.0,0.0
0.7777777777777778,1.0,0.14285714285714285
16.166666666666668,2.8529411764705883,0.17525773195876287
1.3,1.181818181818182,0.23076923076923078
55.0,2.8947368421052637,0.16363636363636364
16.25,3.421052631578948,0.12692307692307692
6.315789473684211,2.4489795918367347,0.05
4.0,1.1764705882352942,0.7
1.0,1.0,0.0
1.1428571428571428,1.0,0.25
149.0,1.4752475247524752,0.087248322147651
1.0,1.0,0.0
2.0,1.0,0.0
4.0,1.2,0.0
45.0,1.7307692307692308,0.13333333333333333
1.8,1.125,0.1111111111111111
1.0,1.0,0.0
1.5,1.0,1.0
1.5714285714285714,1.0,1.0
1.0,1.0,0.0
6.25,1.0416666666666667,0.16
11.0,1.0,0.09090909090909091
1.0,1.0,0.0
2.6666666666666665,1.0,0.125
3.0,1.0,0.3333333333333333
20.5,1.0789473684210529,0.12195121951219512
3.0,1.0,0.0
1.0,1.0,0.0
12.0,1.0,0.08333333333333333
12.0,1.0,0.08333333333333333
3.0,1.0,0.0
7.0,1.0,0.14285714285714285
2.0,1.0,0.0
2.5,1.0,0.0
1.5,1.0,0.3333333333333333
1.0,1.0,0.0
16.0,1.1428571428571428,0.0625
1.0,1.0,0.0
17.0,1.148648648648649,0.10588235294117647
1.0,1.0,0.0
2.4,1.0909090909090908,0.0
1.0,1.0,0.0
2.5,1.25,0.2
1.75,1.0,0.2857142857142857
25.0,1.0416666666666667,0.08
11.0,1.1,0.09090909090909091
21.0,1.1666666666666667,0.09523809523809523
3.0,1.0,0.0
5.0,1.0,0.4
6.0,1.0285714285714285,0.2777777777777778
16.571428571428573,1.303370786516854,0.6206896551724138
80.5,2.081896551724138,0.08695652173913043
5.333333333333333,1.103448275862069,0.90625
2.0,1.0,1.0
15.0,1.3636363636363635,0.13333333333333333
12.0,1.0909090909090908,0.0
93.0,1.86,0.06451612903225806
22.5,1.5,0.13333333333333333
20.5,1.5769230769230769,0.0975609756097561
1.0,1.0,0.0
1.5909090909090908,1.0294117647058822,0.08571428571428572
7.0,1.1666666666666667,0.07142857142857142
7.0,1.0,1.0
5.5,1.0,1.0
4.0,1.0,1.0
5.333333333333333,1.0,1.0
3.0,1.0,1.0
20.0,1.0526315789473684,1.0
3.0,1.0,1.0
3.5,1.0,1.0
2.0,1.0,1.0
23.0,1.0952380952380951,1.0
8.5,1.0625,1.0
5.0,1.1538461538461535,1.0
7.5,1.0714285714285714,1.0
31.0,1.0689655172413792,1.0
5.5,1.375,0.2727272727272727
0.8888888888888888,1.0,0.125
3.0,1.6,0.14583333333333334
1.8,1.6363636363636365,0.1111111111111111
3.5,1.5,0.19047619047619047
1.8235294117647056,1.0333333333333334,0.5483870967741935
5.571428571428571,1.3928571428571428,0.07692307692307693
1.358974358974359,1.03921568627451,0.1509433962264151
4.142857142857143,1.2083333333333333,0.06896551724137931
17.333333333333332,1.3,0.1346153846153846
4.2,1.5,0.14285714285714285
1.0,1.0,0.25
17.875,2.0428571428571427,0.09090909090909091
1.2272727272727273,1.6875,0.07407407407407407
14.5,2.071428571428572,0.10344827586206896
2.0,1.2,0.05555555555555555
1.2857142857142858,1.0,0.0
3.1666666666666665,1.0,0.10526315789473684
3.45,1.5,0.10144927536231885
7.6,1.1875,0.07894736842105263
2.375,1.5833333333333333,0.07894736842105263
15.0,1.0344827586206895,0.1
2.9375,1.2702702702702702,0.2765957446808511
1.1666666666666667,1.1666666666666667,0.14285714285714285
0.9642857142857144,1.0,0.1111111111111111
3.1666666666666665,1.4615384615384617,0.21052631578947367
0.8888888888888888,1.0,0.25
1.0,1.0,0.0
0.9565217391304348,1.2941176470588236,0.09090909090909091
1.0588235294117647,1.125,0.5
3.0,1.25,0.06666666666666667
1.375,1.0,0.5454545454545454
1.3333333333333333,1.1891891891891893,0.18181818181818182
1.25,1.0,0.3
4.2,1.4,0.09523809523809523
2.25,1.8,0.05555555555555555
2.6666666666666665,1.0,0.375
12.0,1.3333333333333333,0.16666666666666666
8.5,1.1590909090909092,0.13725490196078433
4.6,1.2105263157894737,0.13043478260869565
3.6,2.0,0.05555555555555555
3.5,1.0,0.0
6.0,1.2,0.08333333333333333
9.0,1.2857142857142858,0.05555555555555555
3.0,1.2,0.0
3.0,1.5,0.0
15.5,1.6756756756756757,0.06451612903225806
3.5,1.1666666666666667,0.07142857142857142
2.6666666666666665,1.6,0.375
2.0,1.0,0.0
10.5,1.75,0.09523809523809523
16.0,1.2307692307692308,0.0625
19.33333333333333,1.4146341463414631,0.10344827586206896
3.0,1.5,0.0
0.5,1.0,1.0
1.55,1.0333333333333334,0.0967741935483871
1.4615384615384617,1.0326086956521738,0.09473684210526316
2.161290322580645,1.0151515151515151,0.11940298507462686
1.2516556291390728,1.0161290322580645,0.12169312169312169
3.191489361702128,1.0416666666666667,0.24666666666666667
0.9651162790697676,1.0,0.10843373493975904
1.0,1.0,0.11764705882352941
27.956521739130437,1.8112676056338028,0.09020217729393468
1.5,1.0,0.0
7.17910447761194,1.3664772727272727,0.09147609147609148
1.3636363636363635,1.2162162162162162,0.06666666666666667
1.5324675324675323,1.145631067961165,0.1016949152542373
39.57142857142857,2.826530612244898,0.09747292418772563
1.0,1.0714285714285714,0.2
5.258620689655173,1.431924882629108,0.12459016393442623
12.625,1.4027777777777777,0.1188118811881188
1.353658536585366,1.099009900990099,0.10810810810810811
49.0,1.8846153846153848,0.15306122448979592
1.5294117647058822,1.0833333333333333,0.11538461538461539
4.851851851851852,1.7583892617449663,0.08396946564885496
2.1666666666666665,1.0833333333333333,0.07692307692307693
8.181818181818182,1.3636363636363635,0.15555555555555556
0.945945945945946,1.0294117647058822,0.02857142857142857
32.666666666666664,2.333333333333333,0.12244897959183673
1.75,1.25,0.08571428571428572
1.8387096774193548,1.1176470588235294,0.12280701754385964
0.782608695652174,1.0285714285714285,0.2777777777777778
5.2105263157894735,1.5114503816793894,0.08585858585858586
1.4090909090909092,1.0333333333333334,0.1935483870967742
20.83333333333333,2.272727272727273,0.168
1.7073170731707317,1.4285714285714286,0.08571428571428572
11.333333333333334,1.8133333333333328,0.125
6.586956521739131,1.5049668874172186,0.14521452145214522
10.857142857142858,1.7272727272727273,0.07894736842105263
2.363636363636364,1.238095238095238,0.23076923076923078
66.71428571428571,1.958071278825996,0.10385438972162742
22.6530612244898,1.6666666666666667,0.11891891891891893
3.333333333333333,1.875,0.06666666666666667
1.2,1.0,0.05555555555555555
9.424242424242424,1.3640350877192982,0.24437299035369775
7.846153846153846,1.5,0.11764705882352941
2.5,1.0377358490566038,0.2
1.9259259259259256,1.0833333333333333,0.38461538461538464
1.2280701754385963,1.0,0.11428571428571428
1.2173913043478262,1.0425531914893618,0.15306122448979592
4.214285714285714,1.1132075471698113,0.9152542372881356
6.2727272727272725,1.4680851063829787,0.11594202898550725
1.3636363636363635,1.0,0.06666666666666667
0.9,1.0588235294117647,0.1111111111111111
1.457142857142857,1.1333333333333333,0.35294117647058826
6.3,2.333333333333333,0.20634920634920634
1.0344827586206895,1.1538461538461535,0.06666666666666667
1.3333333333333333,1.0,0.0
3.3423423423423424,1.274914089347079,0.11230907457322552
0.8947368421052632,1.0625,0.47058823529411764
18.29824561403509,2.1505154639175257,0.09300095877277086
4.65,1.4307692307692308,0.12903225806451613
3.142857142857143,1.5714285714285714,0.045454545454545456
0.8,1.0,0.5
80.0,2.3529411764705883,0.0875
1.4,1.0,0.14285714285714285
3.8,1.1176470588235294,0.10526315789473684
9.0,1.5,0.2962962962962963
26.5,1.827586206896552,0.09433962264150944
6.5,1.21875,0.05128205128205128
27.0,2.25,0.2037037037037037
2.0,1.0,0.25
3.0,1.0,0.3333333333333333
22.33333333333333,1.8108108108108107,0.08955223880597014
2.1666666666666665,1.0833333333333333,1.0
1.0,1.0,1.0
53.5,1.289156626506024,0.12149532710280374
0.5,1.0,1.0
1.25,1.0,1.0
7.666666666666667,1.4375,0.13043478260869565
18.0,1.3846153846153846,0.19444444444444445
1.5,1.0,0.0
4.0,1.0,0.0
9.333333333333334,1.2173913043478262,0.10714285714285714
5.0,1.0,0.0
8.0,1.6,0.0
3.0,1.0,0.0
4.0,1.0,0.0
2.0,1.0,0.0
7.5,1.1538461538461535,0.13333333333333333
29.0,2.4166666666666665,0.0
7.0,1.4,0.2857142857142857
4.0,1.0,0.08333333333333333
5.0,1.6666666666666667,0.2
3.0,1.0,0.3333333333333333
1.0,1.0,0.0
9.5,1.9,0.15789473684210525
3.0,1.0,0.0
2.6666666666666665,1.0,0.25
2.0,1.2,0.16666666666666666
1.0,1.0,0.0
1.0,1.0,0.0
6.5,1.0833333333333333,0.07692307692307693
3.5,1.1666666666666667,0.14285714285714285
12.333333333333334,1.3703703703703705,0.0
1.0,1.0,0.0
5.0,1.1538461538461535,0.06666666666666667
4.666666666666667,1.0769230769230769,1.0
5.333333333333333,1.0666666666666669,0.0
1.0,1.0,0.0
21.0,1.2727272727272727,0.07142857142857142
8.0,1.0,0.0
4.5,1.0,1.0
21.0,1.0,1.0
2.0,1.0,0.0
3.333333333333333,1.0,1.0
0.5,1.0,1.0
1.0,1.0,1.0
1.0,1.0,1.0
0.8333333333333334,1.0,1.0
1.8333333333333333,1.1,0.0
52.0,2.353909465020576,0.09090909090909091
2.4705882352941178,1.68,0.09523809523809523
2.217391304347826,1.186046511627907,0.23529411764705882
1.9333333333333331,1.6111111111111112,0.05172413793103448
1.326086956521739,1.196078431372549,0.5409836065573771
1.6989247311827955,1.3277310924369747,0.47468354430379744
2.230769230769231,1.7058823529411764,0.10344827586206896
1.411764705882353,1.0909090909090908,0.20833333333333334
3.310344827586207,2.0869565217391304,0.08333333333333333
1.1,1.2222222222222223,0.36363636363636365
6.388888888888889,3.2857142857142856,0.08695652173913043
2.6666666666666665,1.2307692307692308,0.0625
1.0,1.0,0.0
13.0,2.294117647058824,0.11538461538461539
5.181818181818182,2.235294117647059,0.15789473684210525
2.727272727272727,1.1764705882352942,0.1
9.5,2.375,0.15789473684210525
79.0,2.821428571428572,0.12658227848101267
3.0,1.125,0.1111111111111111
11.25,3.2142857142857144,0.15555555555555556
2.833333333333333,2.833333333333333,0.058823529411764705
0.5,1.0,0.0
2.25,3.0,0.0
1.0,1.0,0.0
3.571428571428572,2.272727272727273,0.12
13.5,1.862068965517241,0.07407407407407407
3.333333333333333,2.0,0.1
1.0,1.0,0.0
31.0,1.631578947368421,0.06451612903225806
4.818181818181818,2.0384615384615383,0.05660377358490566
7.0,2.1,0.09523809523809523
2.6666666666666665,8.0,0.125
4.454545454545454,2.130434782608696,0.10204081632653061
11.0,2.0,0.045454545454545456
0.5,1.0,0.0
1.0,1.1666666666666667,0.14285714285714285
5.0,1.1538461538461535,0.26666666666666666
0.625,1.0,0.4
1.0,1.0,0.0
2.5,2.0,0.3
10.0,1.25,0.1
6.4,2.2857142857142856,0.15625
2.333333333333333,1.0,1.0
2.128205128205128,1.1690140845070425,0.4578313253012048
2.136363636363636,1.0930232558139534,0.0851063829787234
1.5833333333333333,1.0,0.05263157894736842
0.9,1.0,0.3333333333333333
143.0,3.6666666666666665,0.0979020979020979
3.7777777777777777,1.096774193548387,0.38235294117647056
8.853658536585366,2.5384615384615383,0.10192837465564739
2.4,1.1320754716981132,0.11666666666666667
28.714285714285715,2.7916666666666665,0.07462686567164178
2.0,1.0256410256410255,0.15
4.533333333333333,2.72,0.11764705882352941
18.42105263157895,2.0348837209302326,0.09142857142857143
5.0,2.142857142857143,0.06666666666666667
10.181818181818182,1.4545454545454546,0.15178571428571427
3.0,1.0,0.16666666666666666
0.8709677419354839,1.0384615384615383,0.07407407407407407
1.7083333333333333,1.0,0.04878048780487805
19.9,2.2906474820143883,0.20665829145728642
9.153846153846152,2.7045454545454546,0.06722689075630252
1.7058823529411764,1.0740740740740742,0.10344827586206896
2.509433962264151,1.33,0.3684210526315789
1.2,1.2,0.25
6.457627118644068,2.760869565217391,0.10761154855643044
7.927272727272728,1.6641221374045805,0.09862385321100918
1.5333333333333334,1.15,0.13043478260869565
17.27777777777778,2.0596026490066226,0.10932475884244373
2.375,1.0555555555555556,0.18421052631578946
1.3888888888888888,1.3888888888888888,0.28
1.3595505617977528,1.0614035087719298,0.12396694214876033
4.0625,2.260869565217391,0.09615384615384616
79.88888888888889,2.185410334346505,0.13351877607788595
1.7733333333333334,1.0555555555555556,0.5413533834586466
10.068181818181818,1.869198312236287,0.11060948081264109
5.235294117647059,1.2361111111111112,0.12359550561797752
1.0606060606060606,1.0294117647058822,0.08571428571428572
12.547169811320757,2.176759410801964,0.12631578947368421
4.877777777777778,1.6670886075949367,0.09035687167805619
1.6666666666666667,1.1,0.6
7.391304347826087,1.683168316831683,0.10588235294117647
584.0,1.853968253968254,0.11301369863013698
1.588235294117647,1.238532110091743,0.16296296296296298
9.961538461538462,3.011627906976744,0.0888030888030888
2.037037037037037,1.3414634146341464,0.10909090909090909
6.052631578947368,2.017543859649123,0.11304347826086956
3.7857142857142856,1.848837209302325,0.06918238993710692
2.1666666666666665,1.0833333333333333,0.15384615384615385
2.421052631578948,1.2432432432432432,0.34782608695652173
1.9285714285714288,1.125,0.14814814814814814
1.3218390804597702,1.116504854368932,0.1391304347826087
6.0,1.0588235294117647,0.0
1.6153846153846154,1.0769230769230769,0.05952380952380952
3.294117647058824,1.2444444444444445,0.05357142857142857
11.633333333333333,1.8563829787234043,0.11174785100286533
1.619047619047619,1.0625,0.20588235294117646
1.4395604395604396,1.0826446280991735,0.31297709923664124
2.466666666666667,1.4230769230769231,0.16216216216216217
4.3,2.0476190476190474,0.11627906976744186
1.0784313725490196,1.1,0.16363636363636364
2.583333333333333,1.148148148148148,0.06451612903225806
2.833333333333333,1.8888888888888888,0.08823529411764706
0.8,1.0,0.25
0.9,1.125,0.1111111111111111
2.7142857142857144,1.1968503937007875,0.48026315789473684
1.5053763440860215,1.1864406779661016,0.09285714285714286
3.0,1.105263157894737,0.047619047619047616
3.878787878787879,1.5058823529411764,0.625
2.1538461538461537,1.3333333333333333,0.14285714285714285
0.8421052631578947,1.103448275862069,0.21875
0.8181818181818182,1.0,0.2222222222222222
9.6,2.1818181818181817,0.14583333333333334
9.625,2.081081081081081,0.15584415584415584
1.2272727272727273,1.0,0.1111111111111111
2.1,1.05,0.19047619047619047
2.0,1.0,0.7857142857142857
16.0,2.178988326848249,0.12321428571428572
12.0,1.565217391304348,0.027777777777777776
41.0,1.4642857142857142,0.0975609756097561
6.0,1.3043478260869563,0.13333333333333333
1.75,1.1666666666666667,0.2857142857142857
37.75,2.0405405405405403,0.1390728476821192
14.5,1.8412698412698407,0.125
1.75,1.1666666666666667,0.0
9.428571428571429,1.736842105263158,0.07575757575757576
3.230769230769231,1.6153846153846154,0.2857142857142857
22.125,2.107142857142857,0.0847457627118644
16.714285714285715,2.1272727272727274,0.11965811965811966
1.8,1.2857142857142858,0.0
7.666666666666667,1.2105263157894737,0.08695652173913043
27.0,1.588235294117647,0.14814814814814814
6.0,1.0,0.0
3.5,1.1666666666666667,0.14285714285714285
41.0,1.28125,0.08943089430894309
1.0,1.0,0.0
7.0,1.0,1.0
8.0,1.4545454545454546,0.09375
1.5,1.0,0.3333333333333333
10.5,1.05,0.14285714285714285
3.0,1.0,0.0
66.0,1.4666666666666666,0.12121212121212122
32.0,1.2307692307692308,0.125
57.0,1.9,0.08771929824561403
10.5,1.6153846153846154,0.047619047619047616
11.333333333333334,1.1333333333333333,0.08823529411764706
1.0,1.0,0.3333333333333333
5.0,1.0,0.0
5.0,1.0,1.0
33.5,1.34,0.07462686567164178
65.0,1.911764705882353,0.09230769230769231
52.0,1.4054054054054057,0.09615384615384616
23.0,2.090909090909091,0.043478260869565216
1.0,1.0,0.0
1.0,1.0,1.0
6.75,1.018867924528302,1.0
2.0,1.0,1.0
10.0,1.0,0.95
1.0,1.0,1.0
9.0,1.0,0.8888888888888888
1.4,1.0,1.0
2.0,1.1428571428571428,1.0
2.0,1.0,1.0
3.333333333333333,1.2307692307692308,0.7125
6.0,1.2,0.1111111111111111
1.7142857142857142,1.5,0.125
3.823529411764706,1.7105263157894737,0.07692307692307693
1.2972972972972974,1.0434782608695652,0.10416666666666667
2.76,1.0298507462686568,0.8405797101449275
67.6923076923077,2.2916666666666665,0.15681818181818183
1.25,1.1403508771929824,0.13846153846153847
48.391304347826086,1.379182156133829,0.09793351302785265
60.86842105263158,2.516866158868335,0.17120622568093385
1.2758620689655171,1.608695652173913,0.10810810810810811
1.3043478260869563,1.1111111111111112,0.26666666666666666
25.142857142857142,2.793650793650793,0.08522727272727272
10.916666666666666,2.381818181818182,0.1450381679389313
0.9375,1.1111111111111112,0.43333333333333335
1.1,1.375,0.36363636363636365
1.25,1.0526315789473684,0.0
1.169811320754717,1.24,0.24193548387096775
46.11111111111112,1.6274509803921569,0.19156626506024096
78.0,2.1869158878504678,0.10683760683760683
1.9276315789473684,1.1862348178137652,0.09556313993174062
1.5,1.1095890410958904,0.14814814814814814
3.9,2.294117647058824,0.02564102564102564
1.5948275862068966,1.1349693251533743,0.11351351351351352
7.0,1.0,0.0
1.0,1.0,0.0
0.7272727272727273,1.0,0.5833333333333334
4.230769230769231,1.4864864864864864,0.12727272727272726
0.6363636363636364,1.0,0.5714285714285714
1.0,1.0,0.0
3.909090909090909,1.3994082840236686,0.1331923890063425
1.8943661971830985,1.0717131474103585,0.4349442379182156
1.2,1.0,0.25
1.1,1.064516129032258,0.06060606060606061
3.108695652173913,1.6436781609195403,0.18181818181818182
1.84375,1.1919191919191918,0.5423728813559322
2.7058823529411766,1.0,0.10869565217391304
1.5909090909090908,1.09375,0.1
1.037037037037037,1.2173913043478262,0.07142857142857142
0.75,1.0,0.05555555555555555
191.0,1.7363636363636363,0.09947643979057591
6.086956521739131,1.443298969072165,0.08571428571428572
2.5384615384615383,1.064516129032258,0.15151515151515152
6.304347826086956,2.959183673469388,0.12413793103448276
0.5714285714285714,1.0,0.25
1.2608695652173914,1.0740740740740742,0.13793103448275862
21.6,3.272727272727273,0.08333333333333333
3.2,2.4615384615384617,0.203125
8.0,1.565217391304348,0.125
16.46153846153846,2.0332541567695963,0.10163551401869159
1.25,1.0714285714285714,0.4666666666666667
6.15,2.0847457627118646,0.06504065040650407
25.33333333333333,2.375,0.10855263157894737
1.368421052631579,1.04,0.6153846153846154
3.4864864864864864,1.316326530612245,0.08527131782945736
35.2,1.2753623188405796,0.06818181818181818
13.5,1.3775510204081634,0.05925925925925926
1.1518987341772151,1.123456790123457,0.14285714285714285
1.3,1.238095238095238,0.07692307692307693
0.9166666666666666,1.0476190476190477,0.36363636363636365
1.2857142857142858,1.125,0.1111111111111111
3.615384615384616,1.4029850746268655,0.11702127659574468
1.9056603773584904,1.188235294117647,0.13861386138613863
3.3125,1.3706896551724137,0.4339622641509434
18.25,3.3181818181818183,0.1917808219178082
1.25,1.6666666666666667,0.4
51.5,1.6747967479674797,0.07281553398058252
1.0,1.0,0.1
2.0125,1.1751824817518248,0.08695652173913043
0.896551724137931,1.0833333333333333,0.11538461538461539
32.0,2.4615384615384617,0.17708333333333334
1.2105263157894737,1.0,0.13043478260869565
1.0,1.0,0.0
141.0,1.3689320388349515,0.09929078014184398
1.0909090909090908,1.0909090909090908,0.375
1.2307692307692308,1.2307692307692308,0.078125
2.2048192771084336,1.1656050955414012,0.6721311475409836
1.53125,1.0208333333333333,0.10204081632653061
22.166666666666668,2.16260162601626,0.13157894736842105
3.9444444444444446,1.868421052631579,0.056338028169014086
18.0,1.8461538461538465,0.09722222222222222
49.0,1.4411764705882353,0.12244897959183673
7.382352941176471,2.4134615384615383,0.10358565737051793
42.0,1.4482758620689655,0.09523809523809523
1.1764705882352942,1.1111111111111112,0.1
1.5909090909090908,1.0144927536231885,0.07142857142857142
28.2,2.136363636363636,0.11347517730496454
1.3333333333333333,1.0,0.0
3.0,1.2857142857142858,0.3333333333333333
5.704545454545454,1.887218045112782,0.11553784860557768
5.0,1.3636363636363635,0.06666666666666667
2.2857142857142856,1.1428571428571428,0.0625
2.8076923076923075,1.123076923076923,0.7123287671232876
3.333333333333333,1.25,0.725
1.6538461538461535,1.4333333333333331,0.13953488372093023
7.0,2.3,0.09316770186335403
1.0,1.0,0.5
4.181818181818182,2.1904761904761907,0.10869565217391304
20.1875,1.877906976744186,0.1021671826625387
1.0,1.0,0.0
2.7777777777777777,1.3157894736842106,0.12
1.5,1.03125,0.24242424242424243
1.25,1.0,0.0
1.7272727272727273,1.0,0.15789473684210525
12.846153846153848,1.167832167832168,0.08982035928143713
1.1219512195121952,1.0454545454545454,0.1956521739130435
13.96551724137931,3.347107438016529,0.14320987654320988
2.0,1.1111111111111112,0.75
1.5,1.2857142857142858,0.1111111111111111
2.3125,1.947368421052632,0.05405405405405406
112.125,2.253768844221105,0.08639910813823858
0.8,1.0,0.0
16.217391304347824,1.2350993377483444,0.07238605898123325
0.8888888888888888,1.0,0.0
1.0303030303030305,1.0303030303030305,0.20588235294117646
7.090909090909091,2.1666666666666665,0.1282051282051282
0.75,1.0,0.0
1.0,1.0,0.0
1.2105263157894737,1.0454545454545454,0.17391304347826086
4.571428571428571,2.731707317073171,0.07142857142857142
1.5483870967741935,1.0434782608695652,0.4583333333333333
0.8421052631578947,1.0,0.3125
16.523809523809526,2.4097222222222223,0.1729106628242075
9.0,3.0,0.0
1.75,1.4,0.14285714285714285
2.576923076923077,1.2641509433962264,0.19402985074626866
3.3157894736842106,1.6153846153846154,0.15873015873015872
1.3333333333333333,2.0,0.5
3.46,1.2269503546099292,0.32947976878612717
1.4444444444444444,1.0,0.23076923076923078
9.538461538461538,1.907692307692308,0.12096774193548387
0.7272727272727273,1.1428571428571428,0.125
12.909090909090908,1.844155844155844,0.11267605633802817
0.9571428571428572,1.1754385964912282,0.19402985074626866
1.3333333333333333,1.0,0.25
25.25,1.10989010989011,0.09405940594059406
1.1904761904761905,1.0,0.2
4.5,1.6363636363636365,0.05555555555555555
0.9285714285714286,1.0,0.23076923076923078
20.785714285714285,2.2045454545454546,0.09621993127147767
0.9411764705882352,1.0,0.3125
3.8181818181818175,2.4705882352941178,0.07142857142857142
4.294117647058823,1.223463687150838,0.1278538812785388
1.2,1.0588235294117647,0.42592592592592593
1.0,1.0,0.25
1.0,1.0769230769230769,0.4642857142857143
16.5,2.224719101123596,0.11616161616161616
0.7857142857142857,1.0,0.4090909090909091
137.33333333333334,1.4456140350877194,0.10679611650485436
39.38461538461539,1.7066666666666668,0.11328125
1.25,1.0,0.2
1.6666666666666667,1.1842105263157894,0.06666666666666667
1.0869565217391304,1.0,0.04
7.0,1.09375,0.34285714285714286
15.115384615384617,1.1981707317073171,0.09923664122137404
26.4,2.490566037735849,0.05303030303030303
0.8113207547169812,1.0238095238095235,0.3488372093023256
1.1428571428571428,1.0,0.1875
28.9375,1.2825484764542936,0.2980561555075594
0.7368421052631579,1.0769230769230769,0.39285714285714285
0.6875,1.0,0.09090909090909091
8.4,1.6470588235294117,0.11904761904761904
1.3888888888888888,1.0416666666666667,0.12
1.2,1.1428571428571428,0.4166666666666667
3.1142857142857143,1.5571428571428572,0.11009174311926606
1.2,1.0588235294117647,0.2222222222222222
48.27272727272727,1.5302593659942365,0.10357815442561205
1.0,1.0,0.18181818181818182
71.44444444444444,1.5955334987593053,0.11975116640746501
5.086956521739131,1.0934579439252337,0.811965811965812
2.4375,1.1142857142857143,0.02564102564102564
0.8387096774193549,1.04,0.5
4.1875,1.4460431654676258,0.07462686567164178
1.1,1.0476190476190477,0.09090909090909091
1.0357142857142858,1.0740740740740742,0.10344827586206896
0.9,1.0,0.3888888888888889
2.0,1.0,1.0
0.7666666666666667,1.0952380952380951,0.17391304347826086
1.0,1.0,0.0
1.7073170731707317,1.2962962962962965,0.08571428571428572
3.071428571428572,1.303030303030303,0.27906976744186046
1.0,1.0,1.0
0.9,1.0,0.2222222222222222
0.88,1.0,0.3181818181818182
1.027027027027027,1.0,0.47368421052631576
2.333333333333333,1.0,0.0
15.157894736842104,2.642201834862385,0.12152777777777778
85.0,1.2318840579710144,0.10588235294117647
1.4615384615384617,1.0555555555555556,0.10526315789473684
25.285714285714285,1.5258620689655171,0.096045197740113
7.444444444444445,1.3673469387755102,0.1044776119402985
5.6875,1.421875,0.08791208791208792
33.285714285714285,1.4382716049382716,0.1072961373390558
2.0,1.0,0.0
1.8235294117647056,1.0689655172413792,0.22580645161290322
1.7037037037037035,1.057471264367816,0.09782608695652174
1.25,1.0,0.0
1.411764705882353,1.0909090909090908,0.16666666666666666
3.1666666666666665,1.1875,0.14035087719298245
2.083333333333333,1.0416666666666667,0.12
13.0,1.181818181818182,1.0
5.230263157894737,1.9110576923076923,0.0930817610062893
1.0,1.0,0.0
45.5,1.0705882352941176,0.13186813186813187
3.875,1.0,0.7580645161290323
2.4444444444444446,1.0731707317073171,0.18181818181818182
1.75,1.0,0.2857142857142857
1.1923076923076923,1.0333333333333334,0.1774193548387097
7.571428571428571,1.2771084337349397,0.14150943396226415
1.1538461538461535,1.0,0.2
1.1764705882352942,1.1764705882352942,0.2
8.333333333333334,1.0869565217391304,0.92
1.6666666666666667,1.25,0.0
0.8571428571428571,1.0909090909090908,0.08333333333333333
1.6363636363636365,1.2,0.05555555555555555
68.0,1.088,0.125
1.2,1.0,0.20833333333333334
5.916666666666667,1.083969465648855,0.07746478873239436
96.5,2.031578947368421,0.08290155440414508
3.5,1.0,0.2857142857142857
1.0,1.0,0.0
2.2,1.0,0.18181818181818182
1.6,1.1428571428571428,0.0
2.2857142857142856,2.6666666666666665,0.125
17.166666666666668,1.9807692307692308,0.07766990291262135
1.5,1.0,0.0
14.0,1.5555555555555556,0.09523809523809523
1.0,1.0,0.3333333333333333
8.9,2.696969696969697,0.0898876404494382
1.0,1.0,0.0
1.5,1.0,0.0
4.2,2.333333333333333,0.09523809523809523
4.25,2.833333333333333,0.058823529411764705
3.333333333333333,2.857142857142857,0.1
4.0,2.2222222222222223,0.05
9.0,4.5,0.07407407407407407
1.5,1.0,0.0
2.0,1.3333333333333333,0.0
5.294117647058823,2.903225806451613,0.08888888888888889
15.333333333333334,2.3,0.13043478260869565
6.666666666666667,1.7391304347826086,0.05
0.6,1.0,0.3333333333333333
4.428571428571429,1.4090909090909092,0.06451612903225806
14.0,1.75,0.07142857142857142
13.0,1.793103448275862,0.11538461538461539
4.8,2.0,0.16666666666666666
8.5,2.9565217391304346,0.14705882352941177
4.5,1.125,0.1111111111111111
3.0,2.571428571428572,0.1111111111111111
18.0,1.5,0.08333333333333333
3.25,1.0,1.0
2.75,1.0,0.09090909090909091
1.0,1.0,0.5
2.095238095238096,1.2941176470588236,0.36363636363636365
13.0,3.25,0.038461538461538464
1.75,1.1666666666666667,0.2857142857142857
0.6666666666666666,1.0,0.0
15.6,2.5161290322580645,0.07692307692307693
5.25,2.1,0.047619047619047616
1.3333333333333333,1.0,0.125
3.333333333333333,1.6666666666666667,0.9
2.2,3.6666666666666665,0.0
9.0,3.272727272727273,0.08333333333333333
1.0,1.0,0.2
3.571428571428572,1.7241379310344829,0.16
12.0,2.4,0.0
1.0,1.0,0.0
4.333333333333333,2.6,0.0
1.75,1.0,0.0
4.333333333333333,1.1304347826086956,0.07692307692307693
1.5555555555555556,1.0,0.9285714285714286
0.5,1.0,1.0
1.3333333333333333,1.0,1.0
2.0,1.0,1.0
9.428571428571429,1.375,0.030303030303030304
1.0,1.0,1.0
0.5,1.0,1.0
0.6666666666666666,1.0,1.0
1.5,1.1538461538461535,0.13333333333333333
0.875,1.0,0.8571428571428571
15.0,1.0,0.13333333333333333
1.0,1.0,0.5
1.1666666666666667,1.1666666666666667,0.42857142857142855
1.6666666666666667,1.0,0.8
1.0,1.0,1.0
6.0,1.0,1.0
0.5714285714285714,1.0,1.0
1.8333333333333333,1.1,1.0
0.8888888888888888,1.1428571428571428,0.25
1.0,1.0,1.0
2.0,1.0,0.0
0.5,1.0,0.0
41.0,1.5185185185185186,0.024390243902439025
1.0,1.0,0.0
16.0,1.1428571428571428,0.0625
22.5,1.40625,0.06666666666666667
8.0,1.263157894736842,0.125
10.5,1.2352941176470589,0.14285714285714285
4.5,1.125,0.0
6.0,1.0,0.25
2.0,1.0,0.0
24.0,1.6,0.20833333333333334
2.5,1.0,0.2
5.5,1.0476190476190477,0.045454545454545456
4.0,1.0666666666666669,0.125
21.0,1.05,0.14285714285714285
4.0,1.0434782608695652,0.08333333333333333
3.0,1.0,0.0
28.5,1.3902439024390243,0.14035087719298245
1.0,2.0,0.0
1.5,1.0,0.3333333333333333
1.5,1.0,0.0
52.0,2.4186046511627906,0.125
3.0,1.0,0.0
6.333333333333333,2.375,0.10526315789473684
6.666666666666667,1.0526315789473684,0.05
6.666666666666667,1.0526315789473684,0.05
5.0,1.0,0.2
138.0,1.2777777777777777,0.10144927536231885
6.5,1.0833333333333333,0.15384615384615385
2.6666666666666665,1.0,0.0
3.0,1.0,0.0
1.6666666666666667,1.0,0.0
1.5,1.0,0.0
1.0,1.0,0.0
22.75,1.1518987341772151,0.10989010989010989
1.0,1.0,0.0
1.0,1.0,0.0
2.0,1.0,0.0
16.0,1.0666666666666669,0.16666666666666666
5.666666666666667,1.0,0.0
1.0,1.0,0.0
1.5,1.0,0.16666666666666666
4.0,1.0,0.0
120.0,1.2371134020618555,0.05
5.666666666666667,1.0,0.11764705882352941
1.4,1.0,0.0
12.0,1.1428571428571428,0.08333333333333333
3.0,1.0,0.3333333333333333
5.666666666666667,1.0,0.0
2.0,1.0,0.0
7.0,1.0,0.0
1.0,1.0,0.0
0.6666666666666666,1.0,0.0
55.0,5.0,0.05454545454545454
3.75,1.0,0.06666666666666667
1.0,1.0,0.0
8.0,1.0,0.041666666666666664
10.0,1.0,0.1
5.5,1.0,0.09090909090909091
8.333333333333334,1.0416666666666667,0.0
2.0,1.0,0.0
4.0,1.0,0.0
30.5,1.1090909090909091,0.13114754098360656
25.0,1.020408163265306,0.06
24.6,1.3225806451612905,0.07317073170731707
2.0,1.0,0.0
52.5,1.721311475409836,0.1523809523809524
28.5,1.0178571428571428,0.10526315789473684
8.5,1.0625,0.0
13.666666666666666,1.3225806451612905,0.0975609756097561
38.0,1.6521739130434785,0.11842105263157894
22.0,1.1282051282051282,0.06818181818181818
16.0,1.0666666666666669,1.0
3.8333333333333335,1.0952380952380951,1.0
11.0,1.064516129032258,0.7272727272727273
6.0,1.0,1.0
7.0,1.1666666666666667,1.0
7.5,1.0,1.0
9.0,1.0,1.0
4.454545454545454,1.0888888888888888,0.3673469387755102
14.25,1.0754716981132075,0.3333333333333333
16.88888888888889,1.0482758620689656,0.19078947368421054
10.6,1.0816326530612246,0.41509433962264153
10.666666666666666,1.0158730158730158,0.359375
5.0,1.0,0.1
11.0,1.0,0.030303030303030304
2.5,1.25,0.0
13.0,1.238095238095238,0.038461538461538464
1.0,1.0,0.0
13.857142857142858,1.7321428571428572,0.13402061855670103
16.0,1.0,0.125
2.5,1.0,0.0
4.4,1.0,0.8181818181818182
1.5,1.0,0.3333333333333333
4.333333333333333,1.0,0.15384615384615385
11.5,1.4375,0.2608695652173913
4.5,1.5,0.07407407407407407
10.0,1.0,0.0
8.666666666666666,2.6,0.07692307692307693
14.5,3.625,0.1724137931034483
9.0,1.0,0.1111111111111111
1.0,1.0,0.0
14.5,1.380952380952381,0.08620689655172414
1.0,1.0,0.0
6.0,1.3846153846153846,0.0
1.0,1.0,1.0
2.0,1.0,1.0
10.0,1.1111111111111112,1.0
2.333333333333333,1.0,1.0
1.0,1.0,1.0
2.0,1.0,1.0
3.0,1.5,1.0
5.0,1.1111111111111112,1.0
1.0,1.0,1.0
6.166666666666667,1.088235294117647,1.0
2.5,1.0,1.0
8.0,1.0,0.875
5.0,1.0,1.0
6.0,1.0,1.0
4.0,1.0,1.0
2.5,1.0,0.6
0.75,1.0,1.0
2.0,1.3333333333333333,1.0
1.0,1.0,1.0
1.0,1.0,1.0
3.0,1.0,1.0
5.5,1.0,1.0
1.5,1.0,1.0
3.769230769230769,1.0425531914893618,1.0
1.4,1.0769230769230769,0.14285714285714285
2.7777777777777777,1.3888888888888888,0.12
1.461111111111111,1.246445497630332,0.17870722433460076
0.9411764705882352,1.0,0.25
9.946601941747574,2.548507462686567,0.10395314787701318
9.0,2.2131147540983607,0.14814814814814814
1.0,1.3333333333333333,0.0
1.181818181818182,1.0833333333333333,0.07692307692307693
1.6333333333333333,1.0888888888888888,0.1836734693877551
1.5087719298245614,1.1025641025641026,0.11627906976744186
1.1875,1.0,0.10526315789473684
16.0,1.1940298507462686,0.23125
1.0,1.0,0.2857142857142857
1.3333333333333333,1.0,0.25
0.875,1.0,0.14285714285714285
6.333333333333333,1.3571428571428572,0.39473684210526316
1.4444444444444444,1.3,0.07692307692307693
1.25,1.25,0.0
0.9056603773584906,1.0434782608695652,0.3125
4.75,2.375,0.13157894736842105
1.4,1.0769230769230769,0.14285714285714285
1.0943396226415094,1.0545454545454545,0.1724137931034483
8.80952380952381,2.4025974025974026,0.08108108108108109
0.9148936170212766,1.0238095238095235,0.2558139534883721
0.9166666666666666,1.0,0.4090909090909091
5.0,1.0714285714285714,0.1
2.203125,1.1557377049180328,0.16312056737588654
1.0,1.5,0.0
2.0,2.0,0.0
4.5,2.25,0.1111111111111111
1.5555555555555556,3.5,0.07142857142857142
1.3333333333333333,1.0666666666666669,0.125
14.333333333333334,1.6538461538461535,0.046511627906976744
7.166666666666667,2.0476190476190474,0.046511627906976744
1.2,1.0,0.16666666666666666
2.6666666666666665,1.2307692307692308,0.1875
2.0,1.0,0.0
17.0,1.2142857142857142,0.8823529411764706
4.0,1.7142857142857142,0.16666666666666666
1.0,1.0,0.0
1.6,1.0,1.0
4.0,1.0,1.0
3.0,1.0,1.0
3.0,1.0,0.16666666666666666
2.075,1.2575757575757576,0.25301204819277107
2.86,1.1085271317829457,0.07692307692307693
1.952941176470588,1.3495934959349594,0.0963855421686747
8.728813559322035,2.2294372294372296,0.08737864077669903
2.010050251256281,1.0443864229765014,0.085
2.0434782608695654,1.0217391304347827,0.10638297872340426
1.7333333333333334,1.3333333333333333,0.07692307692307693
7.166666666666667,2.0476190476190474,0.10232558139534884
6.5,1.7333333333333334,0.16666666666666666
16.9375,1.963768115942029,0.16974169741697417
9.5,1.9322033898305084,0.08771929824561403
2.805555555555556,1.041237113402062,0.12871287128712872
1.0,1.0,0.0
5.473684210526316,2.0392156862745097,0.19230769230769232
1.2333333333333334,1.15625,0.08108108108108109
1.5252525252525253,1.1796875,0.271523178807947
34.0,2.333333333333333,0.1134453781512605
1.6304347826086956,1.1194029850746268,0.14666666666666667
1.631578947368421,1.1923076923076923,0.5806451612903226
27.571428571428573,2.4956896551724137,0.09326424870466321
6.366666666666666,2.893939393939394,0.08900523560209424
13.333333333333334,2.909090909090909,0.12102272727272727
2.634408602150537,1.3059701492537314,0.13714285714285715
1.588235294117647,1.125,0.2777777777777778
1.1470588235294117,1.0263157894736843,0.1282051282051282
1.5783132530120485,1.2476190476190476,0.12213740458015267
15.243243243243244,2.19455252918288,0.18971631205673758
2.2888888888888888,1.4714285714285715,0.16019417475728157
5.761904761904762,2.520833333333333,0.09090909090909091
3.3043478260869565,1.2063492063492065,0.07894736842105263
2.0,1.1555555555555554,0.11538461538461539
3.3823529411764706,1.5333333333333334,0.09565217391304348
8.08695652173913,1.8235294117647056,0.10215053763440861
1.3125,1.1666666666666667,0.11904761904761904
1.2258064516129032,1.163265306122449,0.10526315789473684
1.105263157894737,1.1666666666666667,0.23809523809523808
3.240506329113924,2.015748031496063,0.05859375
1.5961538461538465,1.3174603174603174,0.0963855421686747
214.28571428571428,1.913265306122449,0.176
67.83333333333333,2.2,0.11056511056511056
5.779411764705882,2.298245614035088,0.09414758269720101
1.25,1.1538461538461535,0.06666666666666667
3.5789473684210527,1.619047619047619,0.14705882352941177
6.25,2.0,0.14
3.0,1.255813953488372,0.1111111111111111
1.75,1.0,0.14285714285714285
3.125,1.0416666666666667,0.08
5.0,1.9411764705882355,0.08484848484848485
1.7407407407407407,1.0,0.0851063829787234
4.75,1.6419753086419753,0.21804511278195488
1.453125,1.0689655172413792,0.20430107526881722
6.125,2.149122807017544,0.09591836734693877
5.615384615384615,1.489795918367347,0.1095890410958904
1.0660377358490567,1.036697247706422,0.17699115044247787
6.054644808743169,1.9645390070921984,0.1055956678700361
1.5925925925925926,1.2285714285714286,0.23255813953488372
1.819672131147541,1.0673076923076923,0.14414414414414414
5.315789473684211,1.6833333333333331,0.10891089108910891
1.4385964912280702,1.0789473684210529,0.10975609756097561
2.2,1.2222222222222223,0.8181818181818182
2.216216216216216,1.3225806451612905,0.15853658536585366
1.1272727272727272,1.0508474576271187,0.1935483870967742
103.25,1.449122807017544,0.07990314769975787
3.2857142857142856,1.2777777777777777,0.043478260869565216
2.076923076923077,1.1020408163265305,0.6481481481481481
3.3968253968253967,1.4861111111111112,0.08878504672897196
1.6330275229357798,1.2275862068965515,0.2696629213483146
1.0,1.04,0.40384615384615385
176.33333333333334,1.56973293768546,0.1323251417769376
1.6160714285714286,1.13125,0.20994475138121546
1.170731707317073,1.1428571428571428,0.3958333333333333
0.875,1.0,0.14285714285714285
70.0,2.413793103448276,0.08571428571428572
1.7142857142857142,1.0434782608695652,0.4166666666666667
1.5,1.1538461538461535,0.2
17.4,2.230769230769231,0.09195402298850575
4.090909090909091,1.5517241379310345,0.08888888888888889
3.5,1.4736842105263157,0.03571428571428571
4.5,2.3225806451612905,0.125
1.7352941176470589,1.3409090909090908,0.1694915254237288
51.5,2.340909090909091,0.11650485436893204
4.0,1.0,0.0
46.0,3.4074074074074074,0.08695652173913043
6.0,1.0,0.16666666666666666
11.0,1.2222222222222223,0.0
6.0,1.0,0.0
23.0,1.4375,0.13043478260869565
15.0,1.0714285714285714,1.0
1.0,1.0,1.0
11.0,1.2222222222222223,0.09090909090909091
8.5,1.4782608695652173,0.0
8.0,1.0,0.0
5.666666666666667,1.5454545454545454,0.11764705882352941
48.0,1.263157894736842,0.10416666666666667
10.0,1.1111111111111112,0.0
24.0,1.5,0.08333333333333333
52.0,2.363636363636364,0.19230769230769232
4.0,1.3333333333333333,0.125
1.0,1.0,0.0
17.0,1.0625,0.058823529411764705
12.333333333333334,2.176470588235294,0.05405405405405406
4.5,1.0,0.0
12.5,1.3888888888888888,0.08
9.0,1.5,0.1111111111111111
2.0,1.0,0.0
30.5,1.4878048780487805,0.06557377049180328
13.0,1.4444444444444444,0.0
7.0,1.0,0.0
3.5,1.0,0.0
3.0,1.0,0.0
20.5,1.64,0.07317073170731707
1.0,1.0,0.0
2.555555555555556,1.0454545454545454,0.8260869565217391
8.0,1.0,1.0
1.0,1.0,0.0
289.0,2.7009345794392523,0.10034602076124567
93.0,1.9787234042553192,0.0967741935483871
10.0,1.4285714285714286,0.3
1.0,1.0,1.0
1.5,1.0,0.0
6.0,1.2,1.0
2.0,1.0,1.0
14.0,1.0769230769230769,1.0
8.0,1.0,1.0
1.0,1.0,1.0
3.0,1.0,1.0
1.28,1.0,0.21875
0.8,1.0,0.5
1.6935483870967742,1.141304347826087,0.1523809523809524
3.72,2.90625,0.08602150537634409
675.0,1.967930029154519,0.06962962962962962
74.6774193548387,1.6453447050461976,0.0958963282937365
0.8085106382978723,1.0857142857142856,0.34210526315789475
2.0,1.0,0.16666666666666666
1.0294117647058822,1.0,0.4
1.9365079365079363,1.2323232323232325,0.5409836065573771
12.071428571428571,2.1392405063291138,0.08284023668639054
16.7,2.437956204379562,0.11077844311377245
402.0,1.225609756097561,0.0845771144278607
1.411764705882353,1.0434782608695652,0.16666666666666666
1.2222222222222223,1.0,0.045454545454545456
2.5,1.0897435897435896,0.4823529411764706
11.170731707317072,1.3011363636363635,0.22707423580786026
2.34375,1.1450381679389312,0.1
2.735294117647059,1.0984251968503935,0.11469534050179211
1.0555555555555556,1.0,0.3157894736842105
2.27027027027027,1.4,0.2261904761904762
0.9705882352941176,1.064516129032258,0.30303030303030304
1.125,1.0446428571428572,0.23076923076923078
1.4137931034482758,1.051282051282051,0.07317073170731707
0.8333333333333334,1.0,1.0
0.75,1.0,0.0
0.9743589743589745,1.0,0.02631578947368421
1.0,1.0285714285714285,0.08333333333333333
2.4285714285714284,1.2142857142857142,0.4411764705882353
1.2260869565217392,1.1015625,0.19148936170212766
2.7222222222222223,1.101123595505618,0.12244897959183673
59.05882352941177,1.38865836791148,0.10059760956175298
1.5454545454545454,1.1333333333333333,0.5735294117647058
15.51923076923077,2.6372549019607843,0.11028500619578686
1.3636363636363635,1.1538461538461535,0.07407407407407407
28.625,2.449197860962567,0.08951965065502183
1.2424242424242424,1.051282051282051,0.4146341463414634
2.011363636363636,1.120253164556962,0.5028248587570622
1.973684210526316,1.3636363636363635,0.14666666666666667
10.434782608695652,2.5396825396825395,0.16458333333333333
1.7254901960784317,1.0731707317073171,0.5454545454545454
16.12121212121212,1.1901565995525727,0.10526315789473684
1.3302752293577982,1.0283687943262412,0.1724137931034483
131.42857142857142,1.4420062695924765,0.08695652173913043
3.066666666666667,1.1219512195121952,0.1956521739130435
2.125,1.0625,0.058823529411764705
2.2,1.0731707317073171,0.11363636363636363
1.2941176470588236,1.0476190476190477,0.18181818181818182
4.857142857142857,1.619047619047619,0.11764705882352941
2.7916666666666665,2.68,0.22388059701492538
8.0,1.2307692307692308,0.9375
77.0,2.40625,0.07792207792207792
102.0,1.5223880597014925,0.09803921568627451
10.0,1.875,0.08333333333333333
0.6666666666666666,1.0,0.0
1.4285714285714286,1.1111111111111112,0.3
18.3,2.1785714285714284,0.1912568306010929
1.5,1.7142857142857142,0.08333333333333333
2.2,1.375,0.18181818181818182
5.5,1.0,0.0
1.4,1.037037037037037,0.39285714285714285
1.0,1.0,0.0
3.2,1.1428571428571428,0.46875
1.0,1.0,0.0
1.0,1.2,0.0
7.363636363636363,2.3142857142857145,0.13580246913580246
2.2222222222222223,1.1111111111111112,0.1
3.1818181818181817,1.206896551724138,0.08571428571428572
1.75,1.0769230769230769,0.21428571428571427
12.428571428571429,1.359375,0.09195402298850575
24.5,4.083333333333333,0.12244897959183673
4.388888888888889,1.7555555555555555,0.08860759493670886
45.0,2.1951219512195124,0.06666666666666667
1.0,1.0,0.0
3.0,1.2857142857142858,0.2222222222222222
3.0,1.5,0.16666666666666666
55.0,1.3095238095238095,0.07272727272727272
19.0,1.4615384615384617,0.15789473684210525
1.0,1.0,0.0
2.5,1.0,0.2
3.2,1.0666666666666669,0.125
0.5,1.0,0.0
3.5,1.0,1.0
1.5,1.0,1.0
0.3333333333333333,1.0,1.0
2.6666666666666665,1.3333333333333333,1.0
8.0,1.0,1.0
1.0,1.0,0.0
1.3636363636363635,1.1538461538461535,1.0
1.069767441860465,1.069767441860465,0.21739130434782608
1.032258064516129,1.1851851851851851,0.03125
2.5185185185185186,1.1724137931034482,0.7205882352941176
10.333333333333334,2.1067961165048543,0.0967741935483871
1.0377358490566038,1.1,0.07272727272727272
1.4489795918367347,1.109375,0.39436619718309857
11.476190476190476,1.928,0.0954356846473029
1.1153846153846154,1.0740740740740742,0.10344827586206896
7.842105263157895,2.7850467289719627,0.13758389261744966
13.0,1.6774193548387095,0.15384615384615385
1.0769230769230769,1.12,0.6785714285714286
9.555555555555555,2.097560975609756,0.1744186046511628
1.1666666666666667,1.1666666666666667,0.0
1.5,1.0,0.1111111111111111
1.7,1.0,0.058823529411764705
1.09375,1.0606060606060606,0.05714285714285714
8.666666666666666,1.7333333333333334,0.08653846153846154
1.7407407407407407,1.146341463414634,0.10638297872340426
2.533333333333333,1.3571428571428572,0.15789473684210525
2.5306122448979598,1.2277227722772277,0.31451612903225806
2.857142857142857,1.818181818181818,0.08333333333333333
1.25,1.1111111111111112,0.4666666666666667
3.347826086956522,1.925,0.12337662337662338
2.4,1.263157894736842,0.08333333333333333
1.3714285714285714,1.170731707317073,0.10416666666666667
1.2280701754385963,1.1111111111111112,0.2714285714285714
31.6,2.0927152317880795,0.08860759493670886
1.3888888888888888,1.1904761904761905,0.08
1.5185185185185186,1.28125,0.0975609756097561
1.08,1.0,0.25925925925925924
2.8,1.2727272727272727,0.2857142857142857
1.0,1.3333333333333333,0.0
10.571428571428571,1.8974358974358971,0.13513513513513514
6.5,2.363636363636364,0.07692307692307693
1.625,1.0,0.15384615384615385
3.75,1.5,0.13333333333333333
2.6666666666666665,1.1428571428571428,0.125
1.5,1.0,0.1111111111111111
7.884615384615385,1.8141592920353984,0.06829268292682927
6.0588235294117645,1.8070175438596487,0.08737864077669903
2.2,1.0,0.09090909090909091
1.0,1.0,0.0
3.4,1.1333333333333333,0.11764705882352941
21.0,1.4482758620689655,0.09523809523809523
3.0,1.0,0.3333333333333333
3.2,1.0666666666666669,0.0
11.0,1.2222222222222223,0.09090909090909091
12.0,1.2857142857142858,0.08333333333333333
1.0,1.0,0.0
3.333333333333333,1.0,0.1
9.333333333333334,1.0769230769230769,0.07142857142857142
1.0,1.0,0.0
11.0,1.1578947368421053,0.045454545454545456
1.0,1.0,0.0
4.0,1.5,0.08333333333333333
58.0,1.5675675675675675,0.10344827586206896
3.0,1.0909090909090908,0.0
2.0,1.0,0.0
2.0,1.0,0.25
1.0,1.0,0.0
4.0,1.0,0.25
23.0,1.4375,0.13043478260869565
48.333333333333336,2.5892857142857144,0.09655172413793103
85.0,2.023809523809524,0.09411764705882353
9.5,1.1176470588235294,0.10526315789473684
6.888888888888889,1.1923076923076923,1.0
9.0,1.5,0.0
10.0,1.0,0.1
35.0,1.8421052631578947,0.05714285714285714
15.0,1.0714285714285714,1.0
2.5,1.0,0.0
2.4285714285714284,1.0,1.0
10.5,1.105263157894737,1.0
3.135135135135135,1.870967741935484,0.13793103448275862
1.3146067415730338,1.231578947368421,0.3333333333333333
1.3950617283950617,1.1414141414141414,0.3274336283185841
1.5833333333333333,1.0555555555555556,0.05263157894736842
1.125,1.0,0.2222222222222222
1.4107142857142858,1.0128205128205128,0.0759493670886076
1.7297297297297298,1.0158730158730158,0.109375
2.6262626262626263,1.1063829787234043,0.46923076923076923
1.75,1.0,0.10714285714285714
2.196078431372549,1.1666666666666667,0.09821428571428571
1.870967741935484,1.0943396226415094,0.1206896551724138
1.6802721088435375,1.1542056074766356,0.24696356275303644
3.4838709677419355,1.2857142857142858,0.08333333333333333
1.3076923076923077,1.1590909090909092,0.11764705882352941
1.1578947368421053,1.1,0.29545454545454547
1.0,1.0,0.1
1.6216216216216215,1.0714285714285714,0.1
4.041666666666667,2.0638297872340425,0.08247422680412371
1.5544554455445545,1.1056338028169015,0.12738853503184713
1.2777777777777777,1.0,0.13043478260869565
1.5205479452054795,1.0571428571428572,0.17117117117117117
1.3793103448275863,1.0,0.025
2.287878787878788,1.1705426356589148,0.152317880794702
1.8135593220338984,1.3717948717948718,0.2616822429906542
4.122448979591836,1.3116883116883118,0.08415841584158416
3.5869565217391304,1.2222222222222223,0.36363636363636365
2.331395348837209,1.1623188405797102,0.1371571072319202
5.175438596491228,1.569148936170213,0.0847457627118644
2.069264069264069,1.2225063938618923,0.17364016736401675
3.4,1.5813953488372092,0.08823529411764706
117.0,2.2356687898089174,0.13105413105413105
3.085714285714286,1.3012048192771084,0.24074074074074073
3.897435897435898,1.2991452991452992,0.10526315789473684
1.6458333333333333,1.1126760563380282,0.0759493670886076
2.75,1.03125,0.12121212121212122
1.8571428571428568,1.21875,0.02564102564102564
0.9117647058823528,1.2916666666666667,0.06451612903225806
1.608695652173913,1.0571428571428572,0.10810810810810811
1.5874439461883407,1.0825688073394495,0.1751412429378531
1.625,1.1063829787234043,0.07692307692307693
2.103448275862069,1.1296296296296295,0.08196721311475409
1.125,1.0,0.1111111111111111
1.4333333333333331,1.0886075949367089,0.27906976744186046
3.088235294117647,1.1666666666666667,0.5238095238095238
103.6,1.5987654320987654,0.09073359073359073
2.071428571428572,1.318181818181818,0.06896551724137931
2.0625,1.32,0.15151515151515152
2.75,1.0,0.0
1.2352941176470589,1.05,0.14285714285714285
1.75,1.0769230769230769,0.6428571428571429
8.818181818181818,2.4871794871794872,0.07216494845360824
3.8,1.425,0.21052631578947367
0.6666666666666666,1.0,0.5
2.4285714285714284,1.0,0.11764705882352941
1.2,1.0,0.16666666666666666
1.0,1.0,0.0
1.0,1.0,0.16666666666666666
1.3333333333333333,1.0909090909090908,0.5833333333333334
2.0434782608695654,1.0217391304347827,0.40425531914893614
1.738095238095238,1.1774193548387095,0.1643835616438356
1.3333333333333333,1.0,0.0
1.0,1.0,0.0
4.818181818181818,1.2801932367149758,0.07924528301886792
2.357142857142857,2.0625,0.09090909090909091
3.625,1.2083333333333333,0.1206896551724138
1.8461538461538465,1.8461538461538465,0.08333333333333333
1.4666666666666666,1.0476190476190477,0.0
36.5,2.0277777777777777,0.1643835616438356
0.6666666666666666,1.0,0.0
44.66666666666666,1.6144578313253013,0.05970149253731343
1.5,1.0,0.06666666666666667
2.0,1.1666666666666667,0.07142857142857142
3.909090909090909,1.72,0.06976744186046512
23.33333333333333,1.971830985915493,0.14285714285714285
28.8,2.823529411764706,0.18055555555555555
1.0,1.0,0.0
3.04,1.2666666666666666,0.15789473684210525
6.583333333333333,1.234375,0.0759493670886076
1.3,1.238095238095238,0.3076923076923077
1.75,1.0,0.14285714285714285
4.0,2.333333333333333,0.05357142857142857
12.307692307692308,2.1333333333333333,0.0875
17.46153846153846,2.121495327102804,0.09691629955947137
1.4375,1.0,0.08695652173913043
2.5,1.0,0.0
2.833333333333333,1.108695652173913,0.23529411764705882
5.636363636363637,1.2916666666666667,0.08064516129032258
4.75,1.2666666666666666,0.18421052631578946
13.0,2.223684210526316,0.05325443786982249
4.962962962962963,1.4725274725274726,0.08955223880597014
1.0,1.0,0.0
4.571428571428571,2.0,0.0625
9.571428571428571,1.8108108108108107,0.08208955223880597
1.2,1.0,0.5
2.0,1.0,0.0
2.0,2.0,0.25
1.0,1.0,0.0
7.0,1.0,0.14285714285714285
1.0,1.0,0.0
110.0,2.3157894736842106,0.08181818181818182
10.5,1.1666666666666667,0.047619047619047616
4.0,1.0,0.0
20.5,1.5769230769230769,0.04878048780487805
44.0,2.095238095238096,0.13636363636363635
2.0,1.0,0.0
28.0,1.0,0.10714285714285714
5.0,1.1111111111111112,1.0
8.0,1.0,1.0
6.0,1.0588235294117647,1.0
0.5,1.0,1.0
2.0,1.3333333333333333,1.0
2.6666666666666665,1.0,1.0
4.5,1.125,1.0
1.6666666666666667,1.0,1.0
3.0,1.125,1.0
5.666666666666667,1.2142857142857142,0.058823529411764705
1.0,1.0714285714285714,0.3333333333333333
2.652173913043478,2.44,0.09836065573770492
3.928571428571429,2.037037037037037,0.12727272727272726
7.785714285714286,3.5161290322580645,0.09174311926605505
1.0,1.0,0.0
3.125,2.272727272727273,0.16
2.0,2.875,0.06521739130434782
12.0,3.6,0.16666666666666666
2.75,1.5714285714285714,0.09090909090909091
3.75,2.5,0.13333333333333333
5.125,1.7826086956521738,0.07317073170731707
8.0,3.0,0.06944444444444445
1.0,1.0,0.0
5.4,2.7,0.07407407407407407
7.285714285714286,1.3783783783783785,0.09803921568627451
1.0,1.0,0.0
2.0,1.2,0.16666666666666666
0.6,1.0,0.0
3.0,1.0,0.3333333333333333
3.0,1.5,1.0
11.5,1.2105263157894737,0.08695652173913043
3.0,1.0,0.0
1.0,1.0,0.0
6.0,1.0,0.0
425.0,1.2426900584795322,0.08941176470588236
217.0,1.736,0.07834101382488479
137.66666666666666,2.613924050632912,0.10411622276029056
3.0,1.0,0.3333333333333333
2.5,1.0,0.06666666666666667
226.0,1.0970873786407769,0.11061946902654868
4.5,1.0,0.1111111111111111
1.0,1.0,0.0
9.5,1.0555555555555556,0.15789473684210525
1.5,1.0,0.3333333333333333
7.5,1.0714285714285714,0.13333333333333333
65.0,1.1206896551724137,0.07692307692307693
23.0,1.0454545454545454,0.08695652173913043
6.0,1.0,0.0
12.0,1.0,0.16666666666666666
10.6,1.2926829268292683,0.07547169811320754
2.0,1.3333333333333333,0.25
17.0,2.55,0.058823529411764705
0.6666666666666666,1.0,0.0
133.0,1.1367521367521367,0.12781954887218044
6.0,1.0,0.1111111111111111
0.75,1.0,0.0
2.357142857142857,1.1,0.7424242424242424
1.5,1.0,1.0
1.0,1.0,0.0
0.6666666666666666,1.0,0.0
1.25,1.1538461538461535,0.6
1.0,1.0,0.5714285714285714
1.0,1.0,0.0
1.0,1.0,0.2
0.6666666666666666,1.0,0.0
7.233333333333333,1.276470588235294,0.20276497695852536
34.083333333333336,1.2172619047619049,0.097799511002445
2.3,1.0,0.8260869565217391
1.5,1.0,0.3333333333333333
0.6666666666666666,1.0,0.0
12.285714285714286,2.2222222222222223,0.1186046511627907
1.5714285714285714,1.0,0.18181818181818182
6.333333333333333,1.3255813953488371,0.17543859649122806
8.944444444444445,2.639344262295082,0.12422360248447205
0.92,1.0,0.17391304347826086
1.1666666666666667,1.0,0.14285714285714285
1.5,1.0,0.0
1.2592592592592593,1.0625,0.058823529411764705
1.5384615384615383,1.0526315789473684,0.05
2.0,1.0,0.0
1.1666666666666667,1.1666666666666667,0.0
1.1428571428571428,1.0,0.0625
0.8,1.0,0.25
1.0,1.0454545454545454,0.5652173913043478
4.0,1.7391304347826086,0.1
2.0,1.0,0.0
2.272727272727273,1.0869565217391304,0.26
15.0,1.8,0.06666666666666667
19.0,1.0,0.2631578947368421
6.0,1.0,0.16666666666666666
12.0,1.0,0.08333333333333333
2.0,1.0,0.0
1.0,1.0,0.0
11.0,1.1,0.2727272727272727
4.0,1.0,0.25
7.5,1.0714285714285714,0.0
1.6,1.0,0.0
4.0,1.0,0.125
9.5,1.1176470588235294,0.10526315789473684
42.0,1.024390243902439,0.047619047619047616
2.0,1.0,0.0
15.0,1.0227272727272727,0.1111111111111111
1.3333333333333333,1.0,0.0
1.0,1.0,0.0
1.0,1.0,0.0
6.0,1.0,0.0
1.0,1.0,0.0
6.75,1.0,0.037037037037037035
2.75,1.0,1.0
2.0,1.0,0.0
28.0,1.1666666666666667,0.17857142857142858
7.333333333333333,2.4444444444444446,0.045454545454545456
11.714285714285714,1.2238805970149254,0.08536585365853659
1.0,1.0,0.0
118.0,1.6857142857142855,0.11864406779661017
